CREATE TABLE CBSA
(CBSA BIGINT,
CBSA_name VARCHAR(255),
CBSA_type VARCHAR(255));
INSERT INTO CBSA VALUES(43140,'Shelby, NC','Micro');
INSERT INTO CBSA VALUES(17640,'Coco, PR','Micro');
INSERT INTO CBSA VALUES(48060,'Watertown-Fort Drum, NY','Metro');
INSERT INTO CBSA VALUES(22300,'Findlay, OH','Micro');
INSERT INTO CBSA VALUES(19140,'Dalton, GA','Metro');
INSERT INTO CBSA VALUES(32460,'Mayfield, KY','Micro');
INSERT INTO CBSA VALUES(25180,'Hagerstown-Martinsburg, MD-WV','Metro');
INSERT INTO CBSA VALUES(13340,'Bellefontaine, OH','Micro');
INSERT INTO CBSA VALUES(35420,'New Philadelphia-Dover, OH','Micro');
INSERT INTO CBSA VALUES(42860,'Seneca, SC','Micro');
INSERT INTO CBSA VALUES(32280,'Martin, TN','Micro');
INSERT INTO CBSA VALUES(27780,'Johnstown, PA','Metro');
INSERT INTO CBSA VALUES(12460,'Bainbridge, GA','Micro');
INSERT INTO CBSA VALUES(25620,'Hattiesburg, MS','Metro');
INSERT INTO CBSA VALUES(14460,'Boston-Cambridge-Newton, MA-NH','Metro');
INSERT INTO CBSA VALUES(28820,'Kinston, NC','Micro');
INSERT INTO CBSA VALUES(11500,'Anniston-Oxford, AL','Metro');
INSERT INTO CBSA VALUES(15260,'Brunswick, GA','Metro');
INSERT INTO CBSA VALUES(12100,'Atlantic City-Hammonton, NJ','Metro');
INSERT INTO CBSA VALUES(46980,'Vicksburg, MS','Micro');
INSERT INTO CBSA VALUES(18420,'Corinth, MS','Micro');
INSERT INTO CBSA VALUES(49620,'York-Hanover, PA','Metro');
INSERT INTO CBSA VALUES(42700,'Sebring-Avon Park, FL','Metro');
INSERT INTO CBSA VALUES(39580,'Raleigh-Cary, NC','Metro');
INSERT INTO CBSA VALUES(49300,'Wooster, OH','Micro');
INSERT INTO CBSA VALUES(43180,'Shelbyville, TN','Micro');
INSERT INTO CBSA VALUES(28700,'Kingsport-Bristol, TN-VA','Metro');
INSERT INTO CBSA VALUES(44900,'Summerville, GA','Micro');
INSERT INTO CBSA VALUES(20140,'Dublin, GA','Micro');
INSERT INTO CBSA VALUES(34380,'Mount Pleasant, MI','Micro');
INSERT INTO CBSA VALUES(45940,'Trenton-Princeton, NJ','Metro');
INSERT INTO CBSA VALUES(41220,'St. Marys, GA','Micro');
INSERT INTO CBSA VALUES(20700,'East Stroudsburg, PA','Metro');
INSERT INTO CBSA VALUES(29460,'Lakeland-Winter Haven, FL','Metro');
INSERT INTO CBSA VALUES(48100,'Wauchula, FL','Micro');
INSERT INTO CBSA VALUES(34340,'Mount Airy, NC','Micro');
INSERT INTO CBSA VALUES(49660,'Youngstown-Warren-Boardman, OH-PA','Metro');
INSERT INTO CBSA VALUES(24860,'Greenville-Anderson, SC','Metro');
INSERT INTO CBSA VALUES(24100,'Gloversville, NY','Micro');
INSERT INTO CBSA VALUES(47260,'Virginia Beach-Norfolk-Newport News, VA-NC','Metro');
INSERT INTO CBSA VALUES(34980,'Nashville-Davidson--Murfreesboro--Franklin, TN','Metro');
INSERT INTO CBSA VALUES(37140,'Paducah, KY-IL','Micro');
INSERT INTO CBSA VALUES(33780,'Monroe, MI','Metro');
INSERT INTO CBSA VALUES(17300,'Clarksville, TN-KY','Metro');
INSERT INTO CBSA VALUES(46500,'Urbana, OH','Micro');
INSERT INTO CBSA VALUES(28620,'Kill Devil Hills, NC','Micro');
INSERT INTO CBSA VALUES(26340,'Houghton, MI','Micro');
INSERT INTO CBSA VALUES(11140,'Americus, GA','Micro');
INSERT INTO CBSA VALUES(18260,'Cookeville, TN','Micro');
INSERT INTO CBSA VALUES(35100,'New Bern, NC','Metro');
INSERT INTO CBSA VALUES(27060,'Ithaca, NY','Metro');
INSERT INTO CBSA VALUES(40380,'Rochester, NY','Metro');
INSERT INTO CBSA VALUES(23380,'Fremont, OH','Micro');
INSERT INTO CBSA VALUES(41400,'Salem, OH','Micro');
INSERT INTO CBSA VALUES(11420,'Angola, IN','Micro');
CREATE TABLE state
(abbreviation VARCHAR(255),
name VARCHAR(255));
INSERT INTO state VALUES('IN','Indiana');
INSERT INTO state VALUES('NV','Nevada');
INSERT INTO state VALUES('IL','Illinois');
INSERT INTO state VALUES('NM','New Mexico');
INSERT INTO state VALUES('FL','Florida');
INSERT INTO state VALUES('AR','Arkansas');
INSERT INTO state VALUES('OH','Ohio');
INSERT INTO state VALUES('AS','American Samoa');
INSERT INTO state VALUES('AA','Armed Forces Americas');
INSERT INTO state VALUES('WY','Wyoming');
INSERT INTO state VALUES('MP','Northern Mariana Islands');
INSERT INTO state VALUES('MN','Minnesota');
INSERT INTO state VALUES('TX','Texas');
INSERT INTO state VALUES('AK','Alaska');
INSERT INTO state VALUES('MT','Montana');
INSERT INTO state VALUES('AZ','Arizona');
INSERT INTO state VALUES('GA','Georgia');
INSERT INTO state VALUES('DE','Delaware');
INSERT INTO state VALUES('RI','Rhode Island');
INSERT INTO state VALUES('VT','Vermont');
INSERT INTO state VALUES('AL','Alabama');
INSERT INTO state VALUES('MD','Maryland');
INSERT INTO state VALUES('CA','California');
INSERT INTO state VALUES('PR','Puerto Rico');
INSERT INTO state VALUES('VI','Virgin Islands');
INSERT INTO state VALUES('WA','Washington');
INSERT INTO state VALUES('CT','Connecticut');
INSERT INTO state VALUES('NJ','New Jersey');
INSERT INTO state VALUES('CO','Colorado');
INSERT INTO state VALUES('ID','Idaho');
INSERT INTO state VALUES('TN','Tennessee');
INSERT INTO state VALUES('PA','Pennsylvania');
INSERT INTO state VALUES('DC','District of Columbia');
INSERT INTO state VALUES('ND','North Dakota');
INSERT INTO state VALUES('AP','Armed Forces Pacific');
INSERT INTO state VALUES('IA','Iowa');
INSERT INTO state VALUES('MI','Michigan');
INSERT INTO state VALUES('OR','Oregon');
INSERT INTO state VALUES('OK','Oklahoma');
INSERT INTO state VALUES('GU','Guam');
INSERT INTO state VALUES('MH','Marshall Islands');
INSERT INTO state VALUES('MS','Mississippi');
INSERT INTO state VALUES('LA','Louisiana');
INSERT INTO state VALUES('AE','Armed Forces Europe');
INSERT INTO state VALUES('SC','South Carolina');
INSERT INTO state VALUES('NE','Nebraska');
INSERT INTO state VALUES('WV','West Virginia');
INSERT INTO state VALUES('NY','New York');
INSERT INTO state VALUES('FM','Federated States of Micronesia');
INSERT INTO state VALUES('WI','Wisconsin');
INSERT INTO state VALUES('ME','Maine');
INSERT INTO state VALUES('NH','New Hampshire');
INSERT INTO state VALUES('MA','Massachusetts');
INSERT INTO state VALUES('VA','Virginia');
INSERT INTO state VALUES('NC','North Carolina');
CREATE TABLE congress
(cognress_rep_id VARCHAR(255),
first_name VARCHAR(255),
last_name VARCHAR(255),
CID VARCHAR(255),
party VARCHAR(255),
state VARCHAR(255),
abbreviation VARCHAR(255),
House VARCHAR(255),
District BIGINT,
land_area DOUBLE);
INSERT INTO congress VALUES('CA-36','Ruiz','Raul','N00007836','Democrat','California','CA','House of Repsentatives',36,5912.640000000000327);
INSERT INTO congress VALUES('OH-2','Wenstrup','Brad','N00028152','Republican','Ohio','OH','House of Repsentatives',2,3221.619999999999891);
INSERT INTO congress VALUES('WI-8','Ribble','Reid','N00000528','Republican','Wisconsin','WI','House of Repsentatives',8,6806.670000000000072);
INSERT INTO congress VALUES('NY-14','Crowley','Joseph','N00004403','Democrat','New York','NY','House of Repsentatives',14,28.28999999999999915);
INSERT INTO congress VALUES('FL-25','Diaz-Balart','Mario','N00033518','Republican','Florida','FL','House of Repsentatives',25,3232.710000000000036);
INSERT INTO congress VALUES('IA-S2','Harkin','Tom','N00007833','Democrat','Iowa','IA','Senate',NULL,55875.0);
INSERT INTO congress VALUES('NY-2','King','Pete','N00004436','Republican','New York','NY','House of Repsentatives',2,182.009999999999991);
INSERT INTO congress VALUES('MD-6','Delaney','John K','N00030771','Democrat','Maryland','MD','House of Repsentatives',6,1950.259999999999991);
INSERT INTO congress VALUES('NJ-11','Frelinghuysen','Rodney','N00032088','Republican','New Jersey','NJ','House of Repsentatives',11,504.9700000000000272);
INSERT INTO congress VALUES('NY-6','Meng','Grace','N00005395','Democrat','New York','NY','House of Repsentatives',6,29.78000000000000113);
INSERT INTO congress VALUES('FL-14','Castor','Kathy','N00003328','Democrat','Florida','FL','House of Repsentatives',14,265.3999999999999773);
INSERT INTO congress VALUES('WI-6','Petri','Tom','N00024870','Republican','Wisconsin','WI','House of Repsentatives',6,4918.390000000000327);
INSERT INTO congress VALUES('OR-S1','Merkley','Jeff','N00031226','Democrat','Oregon','OR','Senate',NULL,96003.0);
INSERT INTO congress VALUES('DC','Norton','Eleanor Holmes','N00002408','Democrat','District of Columbia','DC','House of Repsentatives',NULL,68.34000000000000341);
INSERT INTO congress VALUES('NV-3','Heck','Joe','N00007017','Republican','Nevada','NV','House of Repsentatives',3,2848.989999999999782);
INSERT INTO congress VALUES('TN-7','Blackburn','Marsha','N00009926','Republican','Tennessee','TN','House of Repsentatives',7,9160.440000000000509);
INSERT INTO congress VALUES('NH-S2','Shaheen','Jeanne','N00025175','Democrat','New Hampshire','NH','Senate',NULL,8969.0);
INSERT INTO congress VALUES('OK-2','Mullin','Markwayne','N00003389','Republican','Oklahoma','OK','House of Repsentatives',2,20995.34999999999854);
INSERT INTO congress VALUES('CO-4','Gardner','Cory','N00003689','Republican','Colorado','CO','House of Repsentatives',4,38102.66999999999826);
INSERT INTO congress VALUES('CA-44','Hahn','Janice','N00026595','Democrat','California','CA','House of Repsentatives',44,79.35999999999999944);
INSERT INTO congress VALUES('IA-S1','Grassley','Chuck','N00001311','Republican','Iowa','IA','Senate',NULL,55875.0);
INSERT INTO congress VALUES('OK-1','Bridenstine','James','N00027694','Republican','Oklahoma','OK','House of Repsentatives',1,1631.670000000000072);
INSERT INTO congress VALUES('DE-S2','Coons','Chris','N00001813','Democrat','Delaware','DE','Senate',NULL,1955.0);
INSERT INTO congress VALUES('TX-23','Gallego','Pete','N00012672','Democrat','Texas','TX','House of Repsentatives',23,58059.18000000000029);
INSERT INTO congress VALUES('NE-2','Terry','Lee','N00002593','Republican','Nebraska','NE','House of Repsentatives',2,509.740000000000009);
INSERT INTO congress VALUES('FL-8','Posey','Bill','N00026341','Republican','Florida','FL','House of Repsentatives',8,1752.059999999999946);
INSERT INTO congress VALUES('NY-23','Reed','Tom','N00000575','Republican','New York','NY','House of Repsentatives',23,7371.649999999999637);
INSERT INTO congress VALUES('UT-1','Bishop','Rob','N00030949','Republican','Utah','UT','House of Repsentatives',1,19560.79000000000087);
INSERT INTO congress VALUES('NY-18','Maloney','Sean Patrick','N00033987','Democrat','New York','NY','House of Repsentatives',18,1353.420000000000072);
INSERT INTO congress VALUES('CA-53','Davis','Susan','N00003675','Democrat','California','CA','House of Repsentatives',53,135.4300000000000068);
INSERT INTO congress VALUES('CA-19','Lofgren','Zoe','N00030910','Democrat','California','CA','House of Repsentatives',19,915.3400000000000318);
INSERT INTO congress VALUES('ID-S2','Risch','James E','N00004961','Republican','Idaho','ID','Senate',NULL,82751.0);
INSERT INTO congress VALUES('NJ-2','LoBiondo','Frank','N00008028','Republican','New Jersey','NJ','House of Repsentatives',2,2092.429999999999836);
INSERT INTO congress VALUES('AL-4','Aderholt','Robert B','N00035451','Republican','Alabama','AL','House of Repsentatives',4,8888.770000000000436);
INSERT INTO congress VALUES('NC-2','Ellmers','Renee','N00002577','Republican','North Carolina','NC','House of Repsentatives',2,3246.679999999999837);
INSERT INTO congress VALUES('CO-7','Perlmutter','Ed','N00002685','Democrat','Colorado','CO','House of Repsentatives',7,342.1100000000000136);
INSERT INTO congress VALUES('TX-30','Johnson','Eddie Bernice','N00013817','Democrat','Texas','TX','House of Repsentatives',30,356.2699999999999819);
INSERT INTO congress VALUES('OH-12','Tiberi','Pat','N00006424','Republican','Ohio','OH','House of Repsentatives',12,2271.909999999999854);
INSERT INTO congress VALUES('FL-S1','Nelson','Bill','N00003062','Democrat','Florida','FL','Senate',NULL,53997.0);
INSERT INTO congress VALUES('KY-6','Barr','Andy','N00000684','Republican','Kentucky','KY','House of Repsentatives',6,4292.720000000000254);
INSERT INTO congress VALUES('CA-26','Brownley','Julia','N00025292','Democrat','California','CA','House of Repsentatives',26,939.120000000000004);
INSERT INTO congress VALUES('IL-17','Bustos','Cheri','N00006023','Democrat','Illinois','IL','House of Repsentatives',17,6933.079999999999928);
INSERT INTO congress VALUES('IA-4','King','Steven A','N00013799','Republican','Iowa','IA','House of Repsentatives',4,22756.75);
INSERT INTO congress VALUES('CA-32','Napolitano','Grace','N00033390','Democrat','California','CA','House of Repsentatives',32,124.2300000000000039);
INSERT INTO congress VALUES('MI-12','Dingell','John D','N00030197','Democrat','Michigan','MI','House of Repsentatives',12,403.2099999999999796);
INSERT INTO congress VALUES('CT-4','Himes','Jim','N00035854','Democrat','Connecticut','CT','House of Repsentatives',4,460.7300000000000181);
INSERT INTO congress VALUES('VT-S1','Leahy','Patrick','N00030650','Democrat','Vermont','VT','Senate',NULL,9249.0);
INSERT INTO congress VALUES('NY-15','Serrano','Jose E','N00004227','Democrat','New York','NY','House of Repsentatives',15,14.53999999999999915);
INSERT INTO congress VALUES('NH-2','Kuster','Ann','N00029077','Democrat','New Hampshire','NH','House of Repsentatives',2,6489.0);
INSERT INTO congress VALUES('LA-1','Scalise','Steve','N00027658','Republican','Louisiana','LA','House of Repsentatives',1,4030.230000000000018);
INSERT INTO congress VALUES('MA-1','Neal','Richard E','N00031401','Democrat','Massachusetts','MA','House of Repsentatives',1,2350.289999999999964);
INSERT INTO congress VALUES('TX-10','McCaul','Michael','N00033549','Republican','Texas','TX','House of Repsentatives',10,5070.949999999999819);
INSERT INTO congress VALUES('NE-S2','Johanns','Mike','N00030191','Republican','Nebraska','NE','Senate',NULL,76878.0);
INSERT INTO congress VALUES('FL-22','Frankel','Lois J','N00000491','Democrat','Florida','FL','House of Repsentatives',22,172.8799999999999955);
INSERT INTO congress VALUES('NC-13','Holding','George','N00000851','Republican','North Carolina','NC','House of Repsentatives',13,2280.590000000000146);
CREATE TABLE zip_data
(zip_code BIGINT,
city VARCHAR(255),
state VARCHAR(255),
multi_county VARCHAR(255),
type VARCHAR(255),
organization VARCHAR(255),
time_zone VARCHAR(255),
daylight_savings VARCHAR(255),
latitude DOUBLE,
longitude DOUBLE,
elevation BIGINT,
state_fips BIGINT,
county_fips BIGINT,
region VARCHAR(255),
division VARCHAR(255),
population_2020 BIGINT,
population_2010 BIGINT,
households BIGINT,
avg_house_value BIGINT,
avg_income_per_household BIGINT,
persons_per_household DOUBLE,
white_population BIGINT,
black_population BIGINT,
hispanic_population BIGINT,
asian_population BIGINT,
american_indian_population BIGINT,
hawaiian_population BIGINT,
other_population BIGINT,
male_population BIGINT,
female_population BIGINT,
median_age DOUBLE,
male_median_age DOUBLE,
female_median_age DOUBLE,
residential_mailboxes BIGINT,
business_mailboxes BIGINT,
total_delivery_receptacles BIGINT,
businesses BIGINT,
"1st_quarter_payroll" BIGINT,
annual_payroll BIGINT,
employees BIGINT,
water_area DOUBLE,
land_area DOUBLE,
single_family_delivery_units BIGINT,
multi_family_delivery_units BIGINT,
total_beneficiaries BIGINT,
retired_workers BIGINT,
disabled_workers BIGINT,
parents_and_widowed BIGINT,
spouses BIGINT,
children BIGINT,
over_65 BIGINT,
monthly_benefits_all BIGINT,
monthly_benefits_retired_workers BIGINT,
monthly_benefits_widowed BIGINT,
CBSA BIGINT);
INSERT INTO zip_data VALUES(33689,'Tampa','FL','No','P.O. Box Only',NULL,'Eastern','Yes',27.94960000000000022,-82.45430000000000347,15,12,57,'South','South Atlantic',0,0,0,0,0,0.0,0,0,0,0,0,0,0,0,0,0.0,0.0,0.0,0,0,677,9,420000,844000,80,0.0,0.0,0,0,110,60,25,10,5,10,65,129000,84000,9000,45300);
INSERT INTO zip_data VALUES(57028,'Flandreau','SD','No','Post Office',NULL,'Central','Yes',44.06507700000000227,-96.6210839999999962,1570,46,101,'Midwest','West North Central',3188,3448,1368,106800,51250,2.410000000000000142,2499,17,84,68,932,5,44,1671,1777,40.0,37.20000000000000285,42.29999999999999715,1323,106,1548,107,7714000,35306000,1157,0.3760000000000000008,200.1069999999999994,1106,124,735,520,70,60,30,55,585,879000,667000,77000,NULL);
INSERT INTO zip_data VALUES(32424,'Blountstown','FL','No','Post Office',NULL,'Central','Yes',30.40316500000000132,-85.06281199999999387,69,12,13,'South','South Atlantic',5293,7994,2429,86600,36176,2.509999999999999787,5831,1927,571,52,169,13,186,4649,3345,39.0,37.79999999999999715,41.89999999999999858,2109,226,2743,135,9275000,38321000,1488,5.812999999999999723,156.556999999999988,1924,49,1540,945,265,145,55,130,1070,1728000,1189000,158000,NULL);
INSERT INTO zip_data VALUES(71213,'Monroe','LA','No','P.O. Box Only',NULL,'Central','Yes',32.50919999999999988,-92.11950000000000216,77,22,73,'South','West South Central',0,0,0,0,0,0.0,0,0,0,0,0,0,0,0,0,0.0,0.0,0.0,0,0,101,0,0,0,0,0.0,0.0,0,0,30,20,5,0,0,5,20,34000,26000,0,NULL);
INSERT INTO zip_data VALUES(39358,'Scooba','MS','No','Post Office',NULL,'Central','Yes',32.82919499999999858,-88.53445600000000582,464,28,69,'South','East South Central',1040,1679,574,57000,24931,2.419999999999999929,554,1123,9,2,7,1,1,805,874,30.5,27.80000000000000071,34.20000000000000285,430,25,663,22,1901000,7480000,266,0.4600000000000000199,165.907999999999987,412,18,315,205,45,25,5,35,210,331000,233000,26000,32940);
INSERT INTO zip_data VALUES(24505,'Lynchburg','VA','No','P.O. Box Only',NULL,'Eastern','Yes',37.41360000000000241,-79.14270000000000493,818,51,680,'South','South Atlantic',0,0,0,0,0,0.0,0,0,0,0,0,0,0,0,0,0.0,0.0,0.0,0,0,843,24,6165000,25591000,417,0.0,0.0,0,0,235,90,20,5,0,120,140,251000,117000,7000,31340);
INSERT INTO zip_data VALUES(95363,'Patterson','CA','No','Post Office',NULL,'Pacific','Yes',37.50927500000000236,-121.2501039999999933,86,6,99,'West','Pacific',28649,25237,7106,297600,66578,3.540000000000000035,14156,1743,14717,1616,492,472,8286,12824,12413,29.89999999999999858,29.19999999999999929,30.80000000000000071,8093,350,14294,260,44729000,203087000,5261,0.4769999999999999796,117.8239999999999981,2347,102,3760,2405,600,215,170,370,2470,4470000,3104000,258000,NULL);
INSERT INTO zip_data VALUES(57559,'Murdo','SD','No','Post Office',NULL,'Central','Yes',43.93801299999999799,-100.7064799999999992,2326,46,75,'Midwest','West North Central',222,638,306,83500,39038,2.080000000000000071,618,2,4,1,29,0,0,311,327,47.60000000000000142,45.79999999999999715,48.29999999999999716,107,6,398,40,1769000,7776000,245,0.2750000000000000222,379.9399999999999978,83,24,160,115,15,15,5,10,130,199000,153000,20000,NULL);
INSERT INTO zip_data VALUES(47532,'Ferdinand','IN','Yes','Post Office',NULL,'Eastern','Yes',38.20053300000000007,-86.84917099999999835,467,18,37,'Midwest','East North Central',4571,4627,1710,159400,69875,2.589999999999999858,4584,7,64,12,12,2,45,2220,2407,42.89999999999999858,41.39999999999999858,44.20000000000000285,1765,81,2026,144,35162000,146957000,3908,0.4610000000000000208,69.78000000000000113,1680,0,1015,795,70,65,25,60,830,1302000,1054000,94000,27540);
INSERT INTO zip_data VALUES(25062,'Dry Creek','WV','No','Post Office',NULL,'Eastern','Yes',37.86880399999999724,-81.43189399999999978,2300,54,81,'South','South Atlantic',141,230,89,46800,28250,2.580000000000000071,229,0,0,0,0,1,0,116,114,41.79999999999999715,41.0,43.0,55,1,97,0,0,0,0,0.008999999999999999319,3.174999999999999823,55,0,75,35,15,10,10,5,50,103000,56000,19000,13220);
INSERT INTO zip_data VALUES(50010,'Ames','IA','No','Post Office',NULL,'Central','Yes',42.03032199999999819,-93.5855949999999979,1003,19,169,'Midwest','West North Central',31619,29359,12890,186800,53887,2.240000000000000214,25188,1145,865,3071,178,31,374,14869,14490,30.19999999999999929,29.30000000000000071,31.5,14116,1170,19957,1101,239406000,966976000,22517,0.3689999999999999947,59.58299999999999841,7230,3649,5195,3980,485,255,230,245,4255,7379000,6081000,371000,NULL);
INSERT INTO zip_data VALUES(17123,'Harrisburg','PA','No','Unique Post Office','Hbg, Traffic Safety','Eastern','Yes',40.26879999999999882,-76.88420000000000699,317,42,43,'Northeast','Middle Atlantic',0,0,0,0,0,0.0,0,0,0,0,0,0,0,0,0,0.0,0.0,0.0,0,0,0,3,0,0,0,0.0,0.0,0,0,0,0,0,0,0,0,0,0,0,0,25420);
INSERT INTO zip_data VALUES(56519,'Borup','MN','Yes','Post Office',NULL,'Central','Yes',47.19465600000000193,-96.5631759999999986,907,27,107,'Midwest','West North Central',225,300,116,93800,60833,2.589999999999999858,293,2,12,2,6,0,3,156,144,42.5,43.5,42.0,87,2,120,8,53000,239000,8,0.08300000000000000432,94.7270000000000038,87,0,80,55,10,5,5,5,60,91000,70000,6000,NULL);
INSERT INTO zip_data VALUES(66091,'Welda','KS','No','Post Office',NULL,'Central','Yes',38.16946099999999831,-95.3199699999999979,1049,20,3,'Midwest','West North Central',256,352,150,105100,0,2.350000000000000088,339,1,5,6,1,0,5,177,175,43.79999999999999715,44.5,42.79999999999999715,109,3,171,5,344000,1548000,27,0.7009999999999999565,60.15899999999999892,109,0,85,55,10,5,5,10,65,96000,71000,7000,NULL);
INSERT INTO zip_data VALUES(31037,'Mc Rae Helena','GA','Yes','Non Postal Community Name',NULL,'Eastern','Yes',32.12680499999999739,-82.94439500000000009,230,13,271,'South','South Atlantic',1832,4313,1238,62700,27989,2.560000000000000053,2386,1799,302,10,23,1,145,2698,1615,34.5,33.39999999999999858,37.70000000000000285,716,34,1372,37,1229000,5154000,184,0.5759999999999999565,59.24099999999999966,690,0,610,335,140,50,15,70,350,648000,390000,52000,NULL);
INSERT INTO zip_data VALUES(85333,'Dateland','AZ','Yes','Non Postal Community Name',NULL,'Mountain','No',32.88626000000000004,-113.3266440000000017,137,4,27,'West','Mountain',247,790,275,82300,46346,2.850000000000000088,549,4,536,7,9,0,256,433,357,40.29999999999999715,40.29999999999999715,40.39999999999999858,87,12,230,2,0,0,0,0.08100000000000000255,724.2409999999999855,87,0,120,80,15,10,10,5,85,123000,89000,10000,NULL);
INSERT INTO zip_data VALUES(44827,'Crestline','OH','Yes','Post Office',NULL,'Eastern','Yes',40.82759200000000277,-82.75555400000000361,1003,39,33,'Midwest','East North Central',7466,7097,2865,91100,47357,2.470000000000000195,6875,228,67,33,73,3,21,3493,3604,40.0,39.10000000000000142,40.89999999999999858,3023,121,3272,115,10992000,41766000,1458,0.08899999999999999579,47.52700000000000102,2734,73,1685,1125,245,135,75,105,1230,2078000,1506000,187000,15340);
INSERT INTO zip_data VALUES(26070,'Wellsburg','WV','No','Post Office',NULL,'Eastern','Yes',40.23513599999999712,-80.60043799999999692,635,54,9,'South','South Atlantic',8444,8441,3578,95500,46905,2.359999999999999876,8332,130,49,25,42,2,17,4149,4292,46.39999999999999858,44.89999999999999858,47.89999999999999858,3578,200,4345,145,9891000,43558000,1428,1.161999999999999922,36.96399999999999864,3372,48,2535,1625,370,235,165,140,1860,3316000,2309000,328000,48260);
INSERT INTO zip_data VALUES(38873,'Tishomingo','MS','Yes','Post Office',NULL,'Central','Yes',34.65984300000000217,-88.24662399999999707,554,28,141,'South','East South Central',2781,2719,1111,72700,35528,2.399999999999999912,2453,241,38,11,17,3,24,1295,1424,42.0,41.20000000000000285,42.79999999999999715,1159,28,1408,33,1558000,7434000,257,4.689000000000000056,84.26300000000000523,1159,0,905,515,230,55,25,80,545,1011000,634000,58000,NULL);
INSERT INTO zip_data VALUES(38941,'Itta Bena','MS','No','Post Office',NULL,'Central','Yes',33.39588700000000187,-90.36675400000000024,136,28,83,'South','East South Central',3697,5282,1604,69100,21442,2.779999999999999805,466,4556,296,31,34,6,250,2598,2684,25.80000000000000071,24.80000000000000071,26.89999999999999858,1330,46,1811,36,7244000,28785000,1260,1.008000000000000007,94.9230000000000018,776,471,845,425,220,55,10,135,440,793000,464000,50000,24900);
INSERT INTO zip_data VALUES(25177,'Saint Albans','WV','Yes','Post Office',NULL,'Eastern','Yes',38.39068000000000325,-81.82804000000000144,603,54,39,'South','South Atlantic',23612,24084,10284,103100,43415,2.319999999999999841,23050,1092,179,156,209,13,86,11538,12546,41.89999999999999858,39.79999999999999715,44.0,10178,499,11432,431,46604000,189999000,6085,0.96599999999999997,30.04299999999999927,9257,136,6380,3940,1160,545,250,485,4385,8092000,5592000,714000,16620);
INSERT INTO zip_data VALUES(32185,'Putnam Hall','FL','No','P.O. Box Only',NULL,'Eastern','Yes',29.74272399999999906,-81.9590120000000013,28,12,107,'South','South Atlantic',0,0,0,0,0,0.0,0,0,0,0,0,0,0,0,0,0.0,0.0,0.0,0,1,52,2,0,0,0,0.0,0.0,0,0,55,30,10,5,5,5,30,51000,32000,4000,37260);
INSERT INTO zip_data VALUES(33177,'Miami','FL','No','Post Office',NULL,'Eastern','Yes',25.59787700000000043,-80.40353000000000349,15,12,86,'South','South Atlantic',57358,53191,14536,236600,58912,3.540000000000000035,41315,8708,39628,1182,199,107,3295,26615,26576,36.60000000000000142,35.60000000000000142,37.70000000000000285,16203,453,21100,596,26767000,115210000,4227,0.2889999999999999792,12.53599999999999959,13259,1069,7925,5360,1020,465,525,555,5825,7609000,5528000,462000,33100);
INSERT INTO zip_data VALUES(27852,'Macclesfield','NC','Yes','Post Office',NULL,'Eastern','Yes',35.786527999999997,-77.64431199999999933,71,37,65,'South','South Atlantic',2410,2977,1205,90400,43906,2.470000000000000195,2270,609,138,24,12,4,106,1456,1521,41.0,40.79999999999999715,41.10000000000000142,976,25,1289,31,699000,2833000,91,0.2039999999999999868,48.56099999999999995,976,0,655,445,130,45,10,25,455,816000,589000,51000,40580);
INSERT INTO zip_data VALUES(29680,'Simpsonville','SC','No','Post Office',NULL,'Eastern','Yes',34.69445400000000034,-82.29598300000000677,970,45,45,'South','South Atlantic',36740,27285,9564,175900,71741,2.75,21023,5252,2031,459,144,58,947,13814,13471,35.70000000000000285,35.20000000000000285,36.20000000000000285,13360,349,14269,364,29168000,126069000,4850,0.3679999999999999938,31.05099999999999838,10566,1471,5240,3725,730,255,150,380,3850,7399000,5654000,353000,24860);
INSERT INTO zip_data VALUES(55311,'Maple Grove','MN','No','Branch',NULL,'Central','Yes',45.12148899999999684,-93.4988539999999944,812,27,53,'Midwest','West North Central',38309,32788,11560,353600,125213,2.830000000000000071,28505,1570,721,2998,168,35,252,15944,16844,35.89999999999999858,35.79999999999999715,36.0,13537,283,14163,674,195455000,730355000,11641,0.8569999999999999841,16.37000000000000099,8876,625,4290,3360,320,210,190,210,3515,6758000,5601000,344000,NULL);
INSERT INTO zip_data VALUES(49246,'Horton','MI','Yes','Post Office',NULL,'Eastern','Yes',42.11471600000000137,-84.5136099999999999,940,26,75,'Midwest','East North Central',3353,3255,1268,159500,65893,2.569999999999999841,3222,21,42,17,20,3,10,1646,1609,45.79999999999999715,45.5,46.10000000000000142,1305,19,1498,35,3145000,13906000,336,1.379000000000000003,34.17600000000000193,1305,0,915,675,85,45,40,70,690,1295000,1026000,68000,27100);
INSERT INTO zip_data VALUES(39057,'Conehatta','MS','Yes','Post Office',NULL,'Central','Yes',32.47698100000000209,-89.32331600000000549,412,28,101,'South','East South Central',2402,2291,743,77400,26206,3.080000000000000071,1092,164,36,12,1053,0,11,1115,1176,29.39999999999999858,28.89999999999999858,29.69999999999999929,780,11,1990,9,72000,315000,33,0.1900000000000000022,64.64199999999999591,780,0,370,215,75,20,5,55,220,396000,256000,24000,NULL);
INSERT INTO zip_data VALUES(12301,'Schenectady','NY','No','P.O. Box Only',NULL,'Eastern','Yes',42.8147999999999982,-73.93930000000000291,246,36,93,'Northeast','Middle Atlantic',0,0,0,0,0,0.0,0,0,0,0,0,0,0,0,0,0.0,0.0,0.0,0,0,699,14,3082000,12284000,253,0.0,0.0,0,0,190,90,60,10,10,20,95,210000,123000,11000,10580);
INSERT INTO zip_data VALUES(35448,'Clinton','AL','No','P.O. Box Only',NULL,'Central','Yes',32.91380000000000194,-87.99280000000000256,220,1,63,'South','East South Central',0,0,0,0,0,0.0,0,0,0,0,0,0,0,0,0,0.0,0.0,0.0,0,0,152,2,0,0,0,0.0,0.0,0,0,0,0,0,0,0,0,0,0,0,0,46220);
INSERT INTO zip_data VALUES(47928,'Cayuga','IN','No','Post Office',NULL,'Eastern','Yes',39.91761000000000337,-87.44342199999999821,493,18,165,'Midwest','East North Central',1276,2047,833,72600,53854,2.459999999999999965,2027,9,7,10,18,3,3,1025,1022,45.29999999999999715,43.60000000000000142,46.5,519,25,857,37,8458000,31781000,478,0.5360000000000000319,43.24600000000000221,519,0,505,320,90,40,25,30,360,649000,456000,52000,45460);
INSERT INTO zip_data VALUES(43540,'Metamora','OH','No','Post Office',NULL,'Eastern','Yes',41.69545999999999708,-83.93902599999999837,757,39,51,'Midwest','East North Central',1379,1501,551,131300,56250,2.720000000000000195,1494,5,27,4,8,0,7,726,775,38.20000000000000285,37.79999999999999715,38.5,507,11,1888,26,5055000,21418000,348,0.06700000000000000399,18.94000000000000127,507,0,275,180,35,30,10,20,210,361000,263000,38000,45780);
INSERT INTO zip_data VALUES(78330,'Agua Dulce','TX','No','Post Office',NULL,'Central','Yes',27.78102399999999861,-97.8551120000000054,35,48,355,'South','West South Central',40,878,282,80000,43077,3.109999999999999876,761,17,636,8,5,0,105,424,454,34.79999999999999715,34.10000000000000142,35.70000000000000285,13,1,406,12,1999000,7477000,125,0.0,17.44000000000000127,13,0,220,120,40,25,10,25,140,243000,155000,28000,NULL);
INSERT INTO zip_data VALUES(54479,'Spencer','WI','Yes','Post Office',NULL,'Central','Yes',44.75124300000000232,-90.32726099999999291,1164,55,73,'Midwest','East North Central',3870,4119,1544,140200,58359,2.660000000000000142,4027,20,116,24,31,7,61,2050,2069,36.5,35.29999999999999715,37.60000000000000142,1455,38,1964,88,10719000,43513000,902,0.2869999999999999774,79.77299999999999614,1354,64,730,540,95,45,15,35,545,901000,705000,57000,NULL);
INSERT INTO zip_data VALUES(36759,'Marion Junction','AL','Yes','Post Office',NULL,'Central','Yes',32.40225399999999923,-87.2647400000000033,139,1,47,'South','East South Central',1921,1501,656,62800,32569,2.290000000000000035,477,1015,17,0,16,0,0,709,792,45.70000000000000285,44.29999999999999715,47.10000000000000142,839,26,917,4,46000,191000,10,1.082000000000000073,191.6630000000000109,839,0,485,240,140,45,10,50,260,508000,280000,41000,42820);
INSERT INTO zip_data VALUES(75789,'Troup','TX','Yes','Post Office',NULL,'Central','Yes',32.05381899999999717,-95.1508659999999935,521,48,423,'South','West South Central',8140,7593,2849,154200,50625,2.669999999999999929,6443,875,686,25,97,9,294,3794,3799,40.10000000000000142,39.29999999999999715,41.20000000000000285,3049,89,3479,109,8483000,34134000,816,1.677000000000000046,188.9149999999999921,2978,10,1800,1210,250,125,75,140,1320,2293000,1683000,158000,NULL);
INSERT INTO zip_data VALUES(65608,'Ava','MO','Yes','Post Office',NULL,'Central','Yes',36.87789800000000184,-92.6645160000000061,1283,29,67,'Midwest','West North Central',8358,9403,3836,106800,33560,2.419999999999999929,9294,38,85,48,166,6,29,4549,4854,44.39999999999999858,43.39999999999999858,45.29999999999999715,3454,54,4503,178,10514000,49223000,1999,0.3410000000000000253,431.8410000000000081,3400,18,2810,1855,495,180,105,175,1970,2989000,2099000,181000,NULL);
INSERT INTO zip_data VALUES(78634,'Hutto','TX','Yes','Post Office',NULL,'Central','Yes',30.55507599999999969,-97.551952,442,48,491,'South','West South Central',39394,22791,7261,189600,76468,3.140000000000000124,17582,2982,6950,463,336,67,2216,11152,11639,30.10000000000000142,29.89999999999999858,30.30000000000000071,12546,486,16911,366,31846000,143574000,3743,0.3970000000000000195,63.65599999999999881,1149,1204,3165,1890,550,200,120,405,2025,4010000,2692000,270000,NULL);
INSERT INTO zip_data VALUES(28289,'Charlotte','NC','No','Unique Post Office','Bb&t','Eastern','Yes',35.22670000000000101,-80.84340000000000259,721,37,119,'South','South Atlantic',0,0,0,0,0,0.0,0,0,0,0,0,0,0,0,0,0.0,0.0,0.0,0,0,1,0,0,0,0,0.0,0.0,0,0,0,0,0,0,0,0,0,0,0,0,16740);
INSERT INTO zip_data VALUES(31038,'Hillsboro','GA','Yes','Post Office',NULL,'Eastern','Yes',33.12679299999999927,-83.65020699999999465,800,13,159,'South','South Atlantic',864,761,310,179100,51691,2.450000000000000177,519,242,9,0,6,0,5,385,376,46.10000000000000142,44.29999999999999715,46.89999999999999858,353,12,407,5,114000,544000,39,0.2580000000000000071,92.8010000000000019,353,0,215,140,40,10,10,15,145,269000,189000,13000,12060);
INSERT INTO zip_data VALUES(27860,'Pantego','NC','No','Post Office',NULL,'Eastern','Yes',35.62330500000000199,-76.71893599999999936,8,37,13,'South','South Atlantic',1800,2246,909,79600,38750,2.470000000000000195,1528,612,194,0,31,1,91,1135,1111,43.10000000000000142,42.29999999999999715,44.20000000000000285,729,53,6251,48,3979000,16743000,455,1.703000000000000069,143.3770000000000095,729,0,475,320,55,45,25,30,365,576000,426000,54000,47820);
INSERT INTO zip_data VALUES(48204,'Detroit','MI','No','Post Office',NULL,'Eastern','Yes',42.36784099999999854,-83.13898399999999355,596,26,163,'Midwest','East North Central',23060,27997,11129,32100,24362,2.5,594,27441,298,57,259,13,159,12860,15137,37.70000000000000285,35.5,39.39999999999999858,9224,481,10440,197,11849000,55818000,1594,0.0,5.011999999999999567,8433,695,4825,2610,1175,395,105,540,2855,5502000,3419000,483000,19820);
INSERT INTO zip_data VALUES(72774,'West Fork','AR','No','Post Office',NULL,'Central','Yes',35.87306999999999846,-94.2155149999999964,1334,5,143,'South','West South Central',6056,6121,2320,155200,52209,2.640000000000000124,5956,54,141,51,172,18,42,3055,3066,39.60000000000000142,39.0,40.20000000000000285,2294,49,2931,70,2312000,9865000,391,0.6260000000000000008,116.820999999999998,2277,0,1495,995,285,65,40,110,1005,1784000,1295000,74000,NULL);
INSERT INTO zip_data VALUES(44643,'Magnolia','OH','Yes','Post Office',NULL,'Eastern','Yes',40.64607399999999871,-81.30233599999999683,1030,39,151,'Midwest','East North Central',2877,3239,1283,133400,50625,2.520000000000000017,3216,32,21,6,30,0,3,1631,1608,43.39999999999999858,42.79999999999999715,43.89999999999999858,1142,38,1717,46,2648000,11482000,325,0.04200000000000000261,32.68999999999999773,864,0,805,525,115,60,60,45,585,1037000,744000,86000,15940);
INSERT INTO zip_data VALUES(60914,'Bourbonnais','IL','No','Post Office',NULL,'Central','Yes',41.19077399999999756,-87.85586100000000442,628,17,91,'Midwest','East North Central',28350,29107,10003,171500,68512,2.660000000000000142,25625,2565,1468,734,200,21,618,13948,15159,33.39999999999999858,32.29999999999999715,34.39999999999999858,10658,634,11676,647,76589000,321519000,11174,0.3559999999999999832,48.79299999999999927,8747,468,4895,3330,685,330,165,385,3565,6666000,4921000,483000,NULL);
INSERT INTO zip_data VALUES(5669,'Roxbury','VT','No','Post Office',NULL,'Eastern','Yes',44.06964099999999717,-72.74496000000000607,484,50,23,'Northeast','New England',300,634,278,177800,62604,2.279999999999999804,630,8,5,1,6,0,0,326,308,45.39999999999999858,45.70000000000000285,45.0,132,3,292,16,397000,2478000,51,0.04900000000000000188,42.41499999999999915,132,0,0,0,0,0,0,0,0,0,0,0,12740);
INSERT INTO zip_data VALUES(17537,'Lampeter','PA','No','P.O. Box Only',NULL,'Eastern','Yes',39.99020000000000152,-76.23999999999999489,357,42,71,'Northeast','Middle Atlantic',0,0,0,0,0,0.0,0,0,0,0,0,0,0,0,0,0.0,0.0,0.0,0,0,162,5,118000,498000,34,0.0,0.0,0,0,55,45,5,5,0,0,55,86000,68000,12000,29540);
INSERT INTO zip_data VALUES(14052,'East Aurora','NY','No','Post Office',NULL,'Eastern','Yes',42.76815299999999809,-78.58008499999999686,583,36,29,'Northeast','Middle Atlantic',17784,17329,6865,218900,79174,2.470000000000000195,17125,96,149,142,45,10,53,8352,8977,45.70000000000000285,44.79999999999999715,46.5,7200,478,9791,485,107846000,494030000,8941,0.08000000000000000166,61.96000000000000085,6568,338,4160,3210,320,290,185,155,3455,6216000,5050000,448000,15380);
INSERT INTO zip_data VALUES(16317,'Cooperstown','PA','Yes','Post Office',NULL,'Eastern','Yes',41.52294799999999953,-79.85392899999999372,1017,42,121,'Northeast','Middle Atlantic',1232,1456,594,87500,53289,2.450000000000000177,1448,14,8,3,6,0,0,732,724,44.0,44.0,44.0,503,7,752,14,1202000,4980000,154,0.0,29.8730000000000011,503,0,435,265,75,40,25,30,295,541000,366000,45000,36340);
INSERT INTO zip_data VALUES(91101,'Pasadena','CA','No','Post Office',NULL,'Pacific','Yes',34.14682899999999676,-118.1381570000000067,267,6,37,'West','Pacific',20809,20460,10869,523400,65592,1.860000000000000097,11572,1915,5586,4927,271,72,2712,9926,10534,33.70000000000000285,33.20000000000000285,34.29999999999999715,11188,2095,13234,1971,508626000,2115864000,26039,0.0,1.330000000000000071,1361,9352,2355,1750,205,160,135,105,1975,3095000,2464000,241000,NULL);
INSERT INTO zip_data VALUES(76197,'Fort Worth','TX','No','Unique Post Office','Bank Of America','Central','Yes',32.72540000000000048,-97.3208000000000055,677,48,439,'South','West South Central',0,0,0,0,0,0.0,0,0,0,0,0,0,0,0,0,0.0,0.0,0.0,0,1,1,0,0,0,0,0.0,0.0,0,0,0,0,0,0,0,0,0,0,0,0,NULL);
INSERT INTO zip_data VALUES(3451,'Hinsdale','NH','No','Post Office',NULL,'Eastern','Yes',42.79233399999999676,-72.50113500000000499,487,33,5,'Northeast','New England',3429,4077,1693,134500,61217,2.410000000000000142,3998,45,56,37,28,15,19,2041,2036,42.60000000000000142,41.5,43.79999999999999715,1423,34,1882,55,4652000,18817000,613,2.133999999999999897,21.38100000000000022,1147,58,0,0,0,0,0,0,0,0,0,0,28300);
INSERT INTO zip_data VALUES(4760,'Monticello','ME','No','Post Office',NULL,'Eastern','Yes',46.34653500000000292,-67.86778300000000285,357,23,3,'Northeast','New England',466,795,346,99700,37500,2.299999999999999822,755,2,2,7,46,1,0,415,380,47.29999999999999716,46.29999999999999716,48.0,203,11,422,11,135000,598000,36,0.2109999999999999932,100.2720000000000055,181,22,0,0,0,0,0,0,0,0,0,0,NULL);
INSERT INTO zip_data VALUES(29846,'Sycamore','SC','No','P.O. Box Only',NULL,'Eastern','Yes',33.043686000000001,-81.22287099999999783,191,45,5,'South','South Atlantic',0,0,0,0,0,0.0,0,0,0,0,0,0,0,0,0,0.0,0.0,0.0,0,0,41,6,158000,723000,25,0.0,0.0,0,0,30,20,5,5,0,0,20,39000,25000,2000,NULL);
INSERT INTO zip_data VALUES(56155,'Lismore','MN','No','Post Office',NULL,'Central','Yes',43.76124200000000287,-95.9333960000000018,1585,27,105,'Midwest','West North Central',275,419,169,81700,59063,2.479999999999999983,402,13,7,0,0,0,5,215,204,43.60000000000000142,43.60000000000000142,43.70000000000000285,111,2,178,15,725000,3745000,81,0.0269999999999999997,42.43999999999999773,111,0,90,65,5,5,10,5,75,95000,77000,6000,NULL);
CREATE TABLE alias
(zip_code BIGINT,
alias VARCHAR(255));
INSERT INTO alias VALUES(36054,'Millbrook');
INSERT INTO alias VALUES(43209,'Columbus');
INSERT INTO alias VALUES(67515,'Arnold');
INSERT INTO alias VALUES(12423,'East Durham');
INSERT INTO alias VALUES(97020,'Donald');
INSERT INTO alias VALUES(12225,'Albany');
INSERT INTO alias VALUES(95914,'Bangor');
INSERT INTO alias VALUES(16127,'Grove City');
INSERT INTO alias VALUES(77016,'Houston');
INSERT INTO alias VALUES(17365,'Wellsville');
INSERT INTO alias VALUES(78213,'San Antonio');
INSERT INTO alias VALUES(59035,'Fort Smith');
INSERT INTO alias VALUES(79344,'Maple');
INSERT INTO alias VALUES(36037,'Greenville');
INSERT INTO alias VALUES(35815,'Huntsville');
INSERT INTO alias VALUES(5043,'East Thetford');
INSERT INTO alias VALUES(62615,'Auburn');
INSERT INTO alias VALUES(5089,'Windsor');
INSERT INTO alias VALUES(67646,'Logan');
INSERT INTO alias VALUES(29653,'Hodges');
INSERT INTO alias VALUES(27235,'Colfax');
INSERT INTO alias VALUES(75554,'Avery');
INSERT INTO alias VALUES(56687,'Wilton');
INSERT INTO alias VALUES(1089,'West Springfield');
INSERT INTO alias VALUES(66772,'Savonburg');
INSERT INTO alias VALUES(5201,'Bennington');
INSERT INTO alias VALUES(4401,'Bangor');
INSERT INTO alias VALUES(18324,'Bushkill');
INSERT INTO alias VALUES(18252,'Tamaqua');
INSERT INTO alias VALUES(73667,'Taloga');
INSERT INTO alias VALUES(27947,'Jarvisburg');
INSERT INTO alias VALUES(85072,'Phoenix');
INSERT INTO alias VALUES(72183,'Wrightsville');
INSERT INTO alias VALUES(11418,'Richmond Hill');
INSERT INTO alias VALUES(83110,'Afton');
INSERT INTO alias VALUES(48061,'Port Huron');
INSERT INTO alias VALUES(56661,'Northome');
INSERT INTO alias VALUES(27108,'Winston Salem');
INSERT INTO alias VALUES(38638,'Independence');
INSERT INTO alias VALUES(34973,'Okeechobee');
INSERT INTO alias VALUES(38801,'Tupelo');
INSERT INTO alias VALUES(48183,'Trenton');
INSERT INTO alias VALUES(54228,'Mishicot');
INSERT INTO alias VALUES(62946,'Harrisburg');
INSERT INTO alias VALUES(32926,'Cocoa');
INSERT INTO alias VALUES(25031,'Boomer');
INSERT INTO alias VALUES(8850,'Milltown');
INSERT INTO alias VALUES(4539,'Bristol');
INSERT INTO alias VALUES(34445,'Holder');
INSERT INTO alias VALUES(43317,'Chesterville');
INSERT INTO alias VALUES(3073,'North Salem');
INSERT INTO alias VALUES(50510,'Albert City');
INSERT INTO alias VALUES(12959,'Mooers Forks');
INSERT INTO alias VALUES(98251,'Gold Bar');
INSERT INTO alias VALUES(98858,'Waterville');
CREATE TABLE area_code
(zip_code BIGINT,
area_code BIGINT);
INSERT INTO area_code VALUES(39350,769);
INSERT INTO area_code VALUES(8084,856);
INSERT INTO area_code VALUES(29741,843);
INSERT INTO area_code VALUES(39296,601);
INSERT INTO area_code VALUES(14592,585);
INSERT INTO area_code VALUES(63824,573);
INSERT INTO area_code VALUES(48437,810);
INSERT INTO area_code VALUES(23967,434);
INSERT INTO area_code VALUES(62618,217);
INSERT INTO area_code VALUES(13642,315);
INSERT INTO area_code VALUES(55962,507);
INSERT INTO area_code VALUES(2568,508);
INSERT INTO area_code VALUES(71322,318);
INSERT INTO area_code VALUES(4961,207);
INSERT INTO area_code VALUES(5765,802);
INSERT INTO area_code VALUES(60094,224);
INSERT INTO area_code VALUES(46850,260);
INSERT INTO area_code VALUES(55722,218);
INSERT INTO area_code VALUES(85142,520);
INSERT INTO area_code VALUES(35801,256);
INSERT INTO area_code VALUES(12232,838);
INSERT INTO area_code VALUES(11701,516);
INSERT INTO area_code VALUES(21817,410);
INSERT INTO area_code VALUES(93907,831);
INSERT INTO area_code VALUES(17563,717);
INSERT INTO area_code VALUES(72067,501);
INSERT INTO area_code VALUES(74435,539);
INSERT INTO area_code VALUES(70643,337);
INSERT INTO area_code VALUES(96006,530);
INSERT INTO area_code VALUES(63437,660);
INSERT INTO area_code VALUES(25718,304);
INSERT INTO area_code VALUES(95327,209);
INSERT INTO area_code VALUES(59081,406);
INSERT INTO area_code VALUES(42045,270);
INSERT INTO area_code VALUES(31698,229);
INSERT INTO area_code VALUES(2327,781);
INSERT INTO area_code VALUES(56267,320);
INSERT INTO area_code VALUES(4923,207);
INSERT INTO area_code VALUES(33673,813);
INSERT INTO area_code VALUES(98371,253);
INSERT INTO area_code VALUES(21643,410);
INSERT INTO area_code VALUES(93535,661);
INSERT INTO area_code VALUES(57053,605);
INSERT INTO area_code VALUES(35010,256);
INSERT INTO area_code VALUES(36455,334);
INSERT INTO area_code VALUES(56950,202);
INSERT INTO area_code VALUES(65757,417);
INSERT INTO area_code VALUES(65762,417);
INSERT INTO area_code VALUES(46048,317);
INSERT INTO area_code VALUES(89402,775);
INSERT INTO area_code VALUES(43251,614);
INSERT INTO area_code VALUES(70464,985);
INSERT INTO area_code VALUES(93608,559);
INSERT INTO area_code VALUES(70653,337);
INSERT INTO area_code VALUES(16023,878);
CREATE TABLE avoid
(zip_code BIGINT,
bad_alias VARCHAR(255));
INSERT INTO avoid VALUES(13439,'Cullen');
INSERT INTO avoid VALUES(45275,'Cin Arprt');
INSERT INTO avoid VALUES(90018,'Cimarron');
INSERT INTO avoid VALUES(70146,'Naval Support Act East Bank');
INSERT INTO avoid VALUES(71646,'Milo');
INSERT INTO avoid VALUES(46172,'Barnard');
INSERT INTO avoid VALUES(745,'Vistas Del Mar');
INSERT INTO avoid VALUES(63120,'Pine Lawn');
INSERT INTO avoid VALUES(98343,'Crescent Beach');
INSERT INTO avoid VALUES(12066,'Burtonsville');
INSERT INTO avoid VALUES(67215,'Schulte');
INSERT INTO avoid VALUES(2364,'Silver Lake');
INSERT INTO avoid VALUES(687,'Brisas Del Norte');
INSERT INTO avoid VALUES(63381,'New Truxton');
INSERT INTO avoid VALUES(60610,'Fort Dearborn');
INSERT INTO avoid VALUES(31093,'Centerville');
INSERT INTO avoid VALUES(5450,'Samsonville');
INSERT INTO avoid VALUES(10027,'Manhattanville');
INSERT INTO avoid VALUES(84184,'American Express Co');
INSERT INTO avoid VALUES(50401,'Freeman');
INSERT INTO avoid VALUES(15262,'Mellon Bank');
INSERT INTO avoid VALUES(612,'Comunidad Buenos Aires');
INSERT INTO avoid VALUES(53290,'We Energies');
INSERT INTO avoid VALUES(17841,'Alfarata');
INSERT INTO avoid VALUES(76531,'Indian Gap');
INSERT INTO avoid VALUES(771,'URB Oriente');
INSERT INTO avoid VALUES(10256,'Ny');
INSERT INTO avoid VALUES(68747,'Mcclean');
INSERT INTO avoid VALUES(926,'Vista Alegre');
INSERT INTO avoid VALUES(93260,'Balance Rock');
INSERT INTO avoid VALUES(96848,'Hon');
INSERT INTO avoid VALUES(767,'URB Calvario');
INSERT INTO avoid VALUES(28545,'Mc Cutcheon Field');
INSERT INTO avoid VALUES(39309,'Mdn');
INSERT INTO avoid VALUES(717,'Bda Santa Rosa');
INSERT INTO avoid VALUES(10456,'Morrisania');
INSERT INTO avoid VALUES(75751,'Cardinal Sta');
INSERT INTO avoid VALUES(603,'Jard De Borinquen');
INSERT INTO avoid VALUES(10199,'Gpo Official Mail');
INSERT INTO avoid VALUES(72082,'Kensen');
INSERT INTO avoid VALUES(52045,'Bankston');
INSERT INTO avoid VALUES(63126,'Crestwood');
INSERT INTO avoid VALUES(99137,'Cedonia');
INSERT INTO avoid VALUES(65233,'Billingsville');
INSERT INTO avoid VALUES(74432,'Carlton Landing');
INSERT INTO avoid VALUES(736,'Mans De Los Cedros');
INSERT INTO avoid VALUES(41071,'So Newport');
INSERT INTO avoid VALUES(45121,'Utopia');
INSERT INTO avoid VALUES(33199,'Florida International Univ');
INSERT INTO avoid VALUES(71371,'Little Creek');
INSERT INTO avoid VALUES(62943,'Dixon Springs');
INSERT INTO avoid VALUES(48302,'Bloomfield Twp');
INSERT INTO avoid VALUES(32240,'Jax');
INSERT INTO avoid VALUES(33936,'Lehigh');
INSERT INTO avoid VALUES(44853,'Berwick');
CREATE TABLE country
(zip_code BIGINT,
county VARCHAR(255),
state VARCHAR(255));
INSERT INTO country VALUES(38390,'HENDERSON','TN');
INSERT INTO country VALUES(72823,'CONWAY','AR');
INSERT INTO country VALUES(43527,'HENRY','OH');
INSERT INTO country VALUES(21852,'WICOMICO','MD');
INSERT INTO country VALUES(25699,'MINGO','WV');
INSERT INTO country VALUES(15136,'ALLEGHENY','PA');
INSERT INTO country VALUES(24946,'POCAHONTAS','WV');
INSERT INTO country VALUES(55305,'HENNEPIN','MN');
INSERT INTO country VALUES(24486,'ROCKINGHAM','VA');
INSERT INTO country VALUES(58529,'GRANT','ND');
INSERT INTO country VALUES(76436,'COMANCHE','TX');
INSERT INTO country VALUES(7630,'BERGEN','NJ');
INSERT INTO country VALUES(94172,'SAN FRANCISCO','CA');
INSERT INTO country VALUES(78229,'BEXAR','TX');
INSERT INTO country VALUES(72022,'SALINE','AR');
INSERT INTO country VALUES(37684,'WASHINGTON','TN');
INSERT INTO country VALUES(34994,'MARTIN','FL');
INSERT INTO country VALUES(73646,'BLAINE','OK');
INSERT INTO country VALUES(28578,'WAYNE','NC');
INSERT INTO country VALUES(46056,'HANCOCK','IN');
INSERT INTO country VALUES(63560,'PUTNAM','MO');
INSERT INTO country VALUES(61470,'MCDONOUGH','IL');
INSERT INTO country VALUES(80866,'TELLER','CO');
INSERT INTO country VALUES(78411,'NUECES','TX');
INSERT INTO country VALUES(33330,'BROWARD','FL');
INSERT INTO country VALUES(14738,'CATTARAUGUS','NY');
INSERT INTO country VALUES(7935,'MORRIS','NJ');
INSERT INTO country VALUES(76641,'NAVARRO','TX');
INSERT INTO country VALUES(58321,'WALSH','ND');
INSERT INTO country VALUES(8848,'HUNTERDON','NJ');
INSERT INTO country VALUES(38305,'MADISON','TN');
INSERT INTO country VALUES(39146,'HOLMES','MS');
INSERT INTO country VALUES(46818,'WHITLEY','IN');
INSERT INTO country VALUES(72128,'GRANT','AR');
INSERT INTO country VALUES(12546,'COLUMBIA','NY');
INSERT INTO country VALUES(7876,'MORRIS','NJ');
INSERT INTO country VALUES(94115,'SAN FRANCISCO','CA');
INSERT INTO country VALUES(13452,'MONTGOMERY','NY');
INSERT INTO country VALUES(36473,'CONECUH','AL');
INSERT INTO country VALUES(24571,'CAMPBELL','VA');
INSERT INTO country VALUES(66732,'ALLEN','KS');
INSERT INTO country VALUES(95948,'SUTTER','CA');
INSERT INTO country VALUES(71762,'OUACHITA','AR');
INSERT INTO country VALUES(46975,'FULTON','IN');
INSERT INTO country VALUES(62823,'WAYNE','IL');
INSERT INTO country VALUES(51646,'TAYLOR','IA');
INSERT INTO country VALUES(65653,'TANEY','MO');
INSERT INTO country VALUES(4979,'SOMERSET','ME');
INSERT INTO country VALUES(58277,'STEELE','ND');
INSERT INTO country VALUES(40330,'WASHINGTON','KY');
INSERT INTO country VALUES(97638,'LAKE','OR');
INSERT INTO country VALUES(24370,'SMYTH','VA');
INSERT INTO country VALUES(22660,'SHENANDOAH','VA');
INSERT INTO country VALUES(89045,'NYE','NV');
INSERT INTO country VALUES(16127,'BUTLER','PA');
CREATE TABLE zip_congress
(zip_code BIGINT,
district VARCHAR(255));
INSERT INTO zip_congress VALUES(85724,'AZ-3');
INSERT INTO zip_congress VALUES(42085,'KY-1');
INSERT INTO zip_congress VALUES(54208,'WI-6');
INSERT INTO zip_congress VALUES(48807,'MI-4');
INSERT INTO zip_congress VALUES(32080,'FL-4');
INSERT INTO zip_congress VALUES(28370,'NC-8');
INSERT INTO zip_congress VALUES(1721,'MA-4');
INSERT INTO zip_congress VALUES(47380,'IN-3');
INSERT INTO zip_congress VALUES(66008,'KS-2');
INSERT INTO zip_congress VALUES(66535,'KS-1');
INSERT INTO zip_congress VALUES(32927,'FL-8');
INSERT INTO zip_congress VALUES(33410,'FL-20');
INSERT INTO zip_congress VALUES(44266,'OH-13');
INSERT INTO zip_congress VALUES(94972,'CA-2');
INSERT INTO zip_congress VALUES(15485,'PA-13');
INSERT INTO zip_congress VALUES(78665,'TX-31');
INSERT INTO zip_congress VALUES(50242,'IA-1');
INSERT INTO zip_congress VALUES(62445,'IL-15');
INSERT INTO zip_congress VALUES(30324,'GA-5');
INSERT INTO zip_congress VALUES(47366,'IN-6');
INSERT INTO zip_congress VALUES(96110,'CA-1');
INSERT INTO zip_congress VALUES(40241,'KY-3');
INSERT INTO zip_congress VALUES(20847,'MD-8');
INSERT INTO zip_congress VALUES(97882,'OR-2');
INSERT INTO zip_congress VALUES(44830,'OH-4');
INSERT INTO zip_congress VALUES(14787,'NY-23');
INSERT INTO zip_congress VALUES(81611,'CO-3');
INSERT INTO zip_congress VALUES(98284,'WA-2');
INSERT INTO zip_congress VALUES(78954,'TX-10');
INSERT INTO zip_congress VALUES(28147,'NC-8');
INSERT INTO zip_congress VALUES(52573,'IA-2');
INSERT INTO zip_congress VALUES(1464,'MA-3');
INSERT INTO zip_congress VALUES(16501,'PA-16');
INSERT INTO zip_congress VALUES(50150,'IA-2');
INSERT INTO zip_congress VALUES(32229,'FL-5');
INSERT INTO zip_congress VALUES(74023,'OK-3');
INSERT INTO zip_congress VALUES(60701,'IL-6');
INSERT INTO zip_congress VALUES(81640,'CO-3');
INSERT INTO zip_congress VALUES(34218,'FL-16');
INSERT INTO zip_congress VALUES(3103,'NH-1');
INSERT INTO zip_congress VALUES(20912,'MD-4');
INSERT INTO zip_congress VALUES(61053,'IL-17');
INSERT INTO zip_congress VALUES(94942,'CA-2');
INSERT INTO zip_congress VALUES(84089,'UT-1');
INSERT INTO zip_congress VALUES(13148,'NY-23');
INSERT INTO zip_congress VALUES(78961,'TX-10');
INSERT INTO zip_congress VALUES(13651,'NY-21');
INSERT INTO zip_congress VALUES(33954,'FL-17');
INSERT INTO zip_congress VALUES(60131,'IL-5');
INSERT INTO zip_congress VALUES(61437,'IL-17');
INSERT INTO zip_congress VALUES(12057,'NY-19');
INSERT INTO zip_congress VALUES(8059,'NJ-1');
INSERT INTO zip_congress VALUES(89153,'NV-1');
INSERT INTO zip_congress VALUES(75009,'TX-26');
INSERT INTO zip_congress VALUES(38950,'MS-2');
