INSERT INTO `exhibition_record` (`Exhibition_ID`, `Date`, `Attendance`) VALUES (3, 'December 16', 1134);
INSERT INTO `exhibition` (`Exhibition_ID`, `Year`, `Theme`, `Artist_ID`, `Ticket_Price`) VALUES (4, 2007, 'Christmas Tree', 1, 16.94999999999999929);
INSERT INTO `exhibition_record` (`Exhibition_ID`, `Date`, `Attendance`) VALUES (2, 'December 9', 1239);
INSERT INTO `exhibition_record` (`Exhibition_ID`, `Date`, `Attendance`) VALUES (2, 'December 13', 10908);
INSERT INTO `exhibition_record` (`Exhibition_ID`, `Date`, `Attendance`) VALUES (3, 'February 21', 9089);
INSERT INTO `artist` (`Artist_ID`, `Name`, `Country`, `Year_Join`, `Age`) VALUES (1, 'Vijay Singh', 'Fiji', 1998, 45);
INSERT INTO `exhibition_record` (`Exhibition_ID`, `Date`, `Attendance`) VALUES (5, 'February 28', 4231);
INSERT INTO `artist` (`Artist_ID`, `Name`, `Country`, `Year_Join`, `Age`) VALUES (5, 'Mark Brooks', 'United States', 1996, 48);
INSERT INTO `artist` (`Artist_ID`, `Name`, `Country`, `Year_Join`, `Age`) VALUES (3, 'Paul Azinger', 'United States', 1993, 47);
INSERT INTO `exhibition_record` (`Exhibition_ID`, `Date`, `Attendance`) VALUES (1, 'December 2', 965);
INSERT INTO `exhibition_record` (`Exhibition_ID`, `Date`, `Attendance`) VALUES (4, 'February 23', 3139);
INSERT INTO `exhibition_record` (`Exhibition_ID`, `Date`, `Attendance`) VALUES (3, 'February 19', 1233);
INSERT INTO `exhibition` (`Exhibition_ID`, `Year`, `Theme`, `Artist_ID`, `Ticket_Price`) VALUES (1, 2004, 'Santa Claus', 1, 19.94999999999999929);
INSERT INTO `exhibition` (`Exhibition_ID`, `Year`, `Theme`, `Artist_ID`, `Ticket_Price`) VALUES (5, 2008, 'Spring', 6, 29.94999999999999929);
INSERT INTO `exhibition_record` (`Exhibition_ID`, `Date`, `Attendance`) VALUES (2, 'December 12', 1313);
INSERT INTO `exhibition_record` (`Exhibition_ID`, `Date`, `Attendance`) VALUES (5, 'February 25', 24808);
INSERT INTO `exhibition` (`Exhibition_ID`, `Year`, `Theme`, `Artist_ID`, `Ticket_Price`) VALUES (6, 2009, 'Summer', 3, 9.94999999999999928);
INSERT INTO `exhibition` (`Exhibition_ID`, `Year`, `Theme`, `Artist_ID`, `Ticket_Price`) VALUES (3, 2006, 'Santa Claus and Rudolph the Red-Nosed Reindeer', 4, 14.94999999999999929);
INSERT INTO `artist` (`Artist_ID`, `Name`, `Country`, `Year_Join`, `Age`) VALUES (2, 'John Daly', 'United States', 1991, 46);
INSERT INTO `artist` (`Artist_ID`, `Name`, `Country`, `Year_Join`, `Age`) VALUES (4, 'Jeff Sluman', 'United States', 1988, 57);
INSERT INTO `exhibition_record` (`Exhibition_ID`, `Date`, `Attendance`) VALUES (1, 'December 5', 1098);
INSERT INTO `artist` (`Artist_ID`, `Name`, `Country`, `Year_Join`, `Age`) VALUES (7, 'Larry Nelson', 'United States', 1981, 50);
INSERT INTO `exhibition` (`Exhibition_ID`, `Year`, `Theme`, `Artist_ID`, `Ticket_Price`) VALUES (2, 2005, 'Christmas stocking', 2, 19.94999999999999929);
INSERT INTO `artist` (`Artist_ID`, `Name`, `Country`, `Year_Join`, `Age`) VALUES (6, 'Nick Price', 'Zimbabwe', 1994, 48);
INSERT INTO `exhibition_record` (`Exhibition_ID`, `Date`, `Attendance`) VALUES (5, 'February 26', 13142);
INSERT INTO `exhibition_record` (`Exhibition_ID`, `Date`, `Attendance`) VALUES (1, 'December 7', 2983);
