INSERT INTO `hero_power` (`hero_id`, `power_id`) VALUES (228, 6);
INSERT INTO `colour` (`id`, `colour`) VALUES (33, 'Yellow');
INSERT INTO `hero_power` (`hero_id`, `power_id`) VALUES (431, 26);
INSERT INTO `superpower` (`id`, `power_name`) VALUES (39, 'Enhanced Senses');
INSERT INTO `race` (`id`, `race`) VALUES (25, 'Human / Altered');
INSERT INTO `colour` (`id`, `colour`) VALUES (31, 'White');
INSERT INTO `hero_attribute` (`hero_id`, `attribute_id`, `attribute_value`) VALUES (332, 6, 25);
INSERT INTO `race` (`id`, `race`) VALUES (34, 'Inhuman');
INSERT INTO `superpower` (`id`, `power_name`) VALUES (105, 'Natural Weapons');
INSERT INTO `superpower` (`id`, `power_name`) VALUES (48, 'Shapeshifting');
INSERT INTO `attribute` (`id`, `attribute_name`) VALUES (1, 'Intelligence');
INSERT INTO `hero_power` (`hero_id`, `power_id`) VALUES (239, 61);
INSERT INTO `colour` (`id`, `colour`) VALUES (1, 'No Colour');
INSERT INTO `superpower` (`id`, `power_name`) VALUES (20, 'Telepathy');
INSERT INTO `race` (`id`, `race`) VALUES (33, 'Icthyo Sapien');
INSERT INTO `superpower` (`id`, `power_name`) VALUES (144, 'Vision - Night');
INSERT INTO `superpower` (`id`, `power_name`) VALUES (19, 'Cryokinesis');
INSERT INTO `hero_power` (`hero_id`, `power_id`) VALUES (231, 93);
INSERT INTO `superpower` (`id`, `power_name`) VALUES (110, 'Hair Manipulation');
INSERT INTO `hero_power` (`hero_id`, `power_id`) VALUES (556, 71);
INSERT INTO `hero_power` (`hero_id`, `power_id`) VALUES (471, 48);
INSERT INTO `colour` (`id`, `colour`) VALUES (20, 'Orange/White');
INSERT INTO `publisher` (`id`, `publisher_name`) VALUES (2, 'ABC Studios');
INSERT INTO `hero_power` (`hero_id`, `power_id`) VALUES (271, 31);
INSERT INTO `hero_power` (`hero_id`, `power_id`) VALUES (574, 1);
INSERT INTO `hero_attribute` (`hero_id`, `attribute_id`, `attribute_value`) VALUES (358, 5, 75);
INSERT INTO `race` (`id`, `race`) VALUES (10, 'Bolovaxian');
INSERT INTO `publisher` (`id`, `publisher_name`) VALUES (16, 'Rebellion');
INSERT INTO `superhero` (`id`, `superhero_name`, `full_name`, `gender_id`, `eye_colour_id`, `hair_colour_id`, `skin_colour_id`, `race_id`, `publisher_id`, `alignment_id`, `height_cm`, `weight_kg`) VALUES (321, 'Hawk', 'Henry Hall', 1, 23, 9, 1, 1, 4, 1, 185, 89);
INSERT INTO `publisher` (`id`, `publisher_name`) VALUES (12, 'J. R. R. Tolkien');
INSERT INTO `superpower` (`id`, `power_name`) VALUES (147, 'Matter Absorption');
INSERT INTO `hero_attribute` (`hero_id`, `attribute_id`, `attribute_value`) VALUES (469, 5, 25);
INSERT INTO `hero_attribute` (`hero_id`, `attribute_id`, `attribute_value`) VALUES (538, 3, 25);
INSERT INTO `race` (`id`, `race`) VALUES (41, 'Metahuman');
INSERT INTO `hero_power` (`hero_id`, `power_id`) VALUES (679, 39);
INSERT INTO `superhero` (`id`, `superhero_name`, `full_name`, `gender_id`, `eye_colour_id`, `hair_colour_id`, `skin_colour_id`, `race_id`, `publisher_id`, `alignment_id`, `height_cm`, `weight_kg`) VALUES (689, 'Thunderbird III', NULL, 1, 9, 4, 1, 1, 13, 1, 175, 74);
INSERT INTO `hero_power` (`hero_id`, `power_id`) VALUES (200, 86);
INSERT INTO `race` (`id`, `race`) VALUES (56, 'Vampire');
INSERT INTO `hero_attribute` (`hero_id`, `attribute_id`, `attribute_value`) VALUES (162, 4, 30);
INSERT INTO `colour` (`id`, `colour`) VALUES (19, 'Orange');
INSERT INTO `hero_power` (`hero_id`, `power_id`) VALUES (459, 60);
INSERT INTO `hero_power` (`hero_id`, `power_id`) VALUES (316, 7);
INSERT INTO `superhero` (`id`, `superhero_name`, `full_name`, `gender_id`, `eye_colour_id`, `hair_colour_id`, `skin_colour_id`, `race_id`, `publisher_id`, `alignment_id`, `height_cm`, `weight_kg`) VALUES (538, 'Plastique', 'Bette Sans Souci', 2, 7, 23, 1, 1, 4, 2, 168, 55);
INSERT INTO `superhero` (`id`, `superhero_name`, `full_name`, `gender_id`, `eye_colour_id`, `hair_colour_id`, `skin_colour_id`, `race_id`, `publisher_id`, `alignment_id`, `height_cm`, `weight_kg`) VALUES (466, 'Micro Lad', 'Gim Allon', 1, 13, 9, 1, 1, 4, 1, 183, 77);
INSERT INTO `superhero` (`id`, `superhero_name`, `full_name`, `gender_id`, `eye_colour_id`, `hair_colour_id`, `skin_colour_id`, `race_id`, `publisher_id`, `alignment_id`, `height_cm`, `weight_kg`) VALUES (309, 'Green Lantern III', 'John Stewart', 1, 14, 4, 1, 24, 4, 1, 185, 90);
INSERT INTO `superhero` (`id`, `superhero_name`, `full_name`, `gender_id`, `eye_colour_id`, `hair_colour_id`, `skin_colour_id`, `race_id`, `publisher_id`, `alignment_id`, `height_cm`, `weight_kg`) VALUES (178, 'Cheetah II', 'Deborah Domaine', 2, 14, 9, 1, 24, 4, 2, 170, 55);
INSERT INTO `superhero` (`id`, `superhero_name`, `full_name`, `gender_id`, `eye_colour_id`, `hair_colour_id`, `skin_colour_id`, `race_id`, `publisher_id`, `alignment_id`, `height_cm`, `weight_kg`) VALUES (220, 'Deadshot', 'Floyd Lawton', 1, 9, 9, 1, 24, 4, 2, 185, 91);
INSERT INTO `superhero` (`id`, `superhero_name`, `full_name`, `gender_id`, `eye_colour_id`, `hair_colour_id`, `skin_colour_id`, `race_id`, `publisher_id`, `alignment_id`, `height_cm`, `weight_kg`) VALUES (476, 'Mister Zsasz', 'Victor Zsasz', 1, 7, 6, 1, 24, 4, 2, 173, 68);
INSERT INTO `superhero` (`id`, `superhero_name`, `full_name`, `gender_id`, `eye_colour_id`, `hair_colour_id`, `skin_colour_id`, `race_id`, `publisher_id`, `alignment_id`, `height_cm`, `weight_kg`) VALUES (525, 'Paul Blart', '-', 1, 1, 1, 1, 24, 18, 1, 170, 117);
INSERT INTO `hero_attribute` (`hero_id`, `attribute_id`, `attribute_value`) VALUES (128, 4, 55);
INSERT INTO `hero_power` (`hero_id`, `power_id`) VALUES (748, 18);
INSERT INTO `superhero` (`id`, `superhero_name`, `full_name`, `gender_id`, `eye_colour_id`, `hair_colour_id`, `skin_colour_id`, `race_id`, `publisher_id`, `alignment_id`, `height_cm`, `weight_kg`) VALUES (323, 'Hawkeye II', 'Katherine Elizabeth Bishop', 2, 7, 4, 1, 24, 13, 1, 165, 57);
INSERT INTO `hero_attribute` (`hero_id`, `attribute_id`, `attribute_value`) VALUES (623, 2, 30);
INSERT INTO `superhero` (`id`, `superhero_name`, `full_name`, `gender_id`, `eye_colour_id`, `hair_colour_id`, `skin_colour_id`, `race_id`, `publisher_id`, `alignment_id`, `height_cm`, `weight_kg`) VALUES (48, 'Arsenal', 'Roy William Harper, Jr.', 1, 1, 1, 1, 24, 4, 1, 0, 0);
INSERT INTO `colour` (`id`, `colour`) VALUES (9, 'Brown');
INSERT INTO `race` (`id`, `race`) VALUES (15, 'Dathomirian Zabrak');
INSERT INTO `publisher` (`id`, `publisher_name`) VALUES (10, 'Image Comics');
INSERT INTO `colour` (`id`, `colour`) VALUES (34, 'Yellow/Blue');
INSERT INTO `superhero` (`id`, `superhero_name`, `full_name`, `gender_id`, `eye_colour_id`, `hair_colour_id`, `skin_colour_id`, `race_id`, `publisher_id`, `alignment_id`, `height_cm`, `weight_kg`) VALUES (125, 'Bloodhawk', 'Lemuel Krug', 1, 4, 1, 1, 42, 13, 1, 0, 0);
INSERT INTO `hero_power` (`hero_id`, `power_id`) VALUES (38, 42);
INSERT INTO `hero_attribute` (`hero_id`, `attribute_id`, `attribute_value`) VALUES (720, 1, 55);
INSERT INTO `publisher` (`id`, `publisher_name`) VALUES (8, 'Icon Comics');
INSERT INTO `superhero` (`id`, `superhero_name`, `full_name`, `gender_id`, `eye_colour_id`, `hair_colour_id`, `skin_colour_id`, `race_id`, `publisher_id`, `alignment_id`, `height_cm`, `weight_kg`) VALUES (617, 'Shrinking Violet', NULL, 2, 1, 1, 1, 1, 4, 1, NULL, NULL);
INSERT INTO `superpower` (`id`, `power_name`) VALUES (16, 'Longevity');
INSERT INTO `race` (`id`, `race`) VALUES (3, 'Alpha');
INSERT INTO `colour` (`id`, `colour`) VALUES (30, 'Violet');
INSERT INTO `superhero` (`id`, `superhero_name`, `full_name`, `gender_id`, `eye_colour_id`, `hair_colour_id`, `skin_colour_id`, `race_id`, `publisher_id`, `alignment_id`, `height_cm`, `weight_kg`) VALUES (183, 'Citizen Steel', 'Nathaniel Heywood', 1, 14, 23, 1, 24, 4, 1, 183, 170);
INSERT INTO `hero_power` (`hero_id`, `power_id`) VALUES (705, 26);
INSERT INTO `hero_power` (`hero_id`, `power_id`) VALUES (333, 10);
INSERT INTO `hero_attribute` (`hero_id`, `attribute_id`, `attribute_value`) VALUES (138, 2, 75);
INSERT INTO `superpower` (`id`, `power_name`) VALUES (69, 'Psionic Powers');
INSERT INTO `superhero` (`id`, `superhero_name`, `full_name`, `gender_id`, `eye_colour_id`, `hair_colour_id`, `skin_colour_id`, `race_id`, `publisher_id`, `alignment_id`, `height_cm`, `weight_kg`) VALUES (14, 'Ajax', NULL, 1, 9, 4, 1, 13, 13, 2, 193, 90);
INSERT INTO `hero_attribute` (`hero_id`, `attribute_id`, `attribute_value`) VALUES (752, 2, 10);
INSERT INTO `hero_attribute` (`hero_id`, `attribute_id`, `attribute_value`) VALUES (60, 5, 50);
INSERT INTO `hero_power` (`hero_id`, `power_id`) VALUES (549, 71);
INSERT INTO `colour` (`id`, `colour`) VALUES (16, 'Hazel');
INSERT INTO `attribute` (`id`, `attribute_name`) VALUES (6, 'Combat');
INSERT INTO `colour` (`id`, `colour`) VALUES (7, 'Blue');
INSERT INTO `colour` (`id`, `colour`) VALUES (4, 'Black');
INSERT INTO `colour` (`id`, `colour`) VALUES (12, 'Gold');
INSERT INTO `publisher` (`id`, `publisher_name`) VALUES (4, 'DC Comics');
INSERT INTO `alignment` (`id`, `alignment`) VALUES (1, 'Good');
INSERT INTO `race` (`id`, `race`) VALUES (50, 'Spartoi');
INSERT INTO `hero_power` (`hero_id`, `power_id`) VALUES (317, 61);
INSERT INTO `race` (`id`, `race`) VALUES (12, 'Cosmic Entity');
INSERT INTO `hero_power` (`hero_id`, `power_id`) VALUES (24, 92);
INSERT INTO `publisher` (`id`, `publisher_name`) VALUES (25, 'Wildstorm');
INSERT INTO `publisher` (`id`, `publisher_name`) VALUES (14, 'Microsoft');
INSERT INTO `superhero` (`id`, `superhero_name`, `full_name`, `gender_id`, `eye_colour_id`, `hair_colour_id`, `skin_colour_id`, `race_id`, `publisher_id`, `alignment_id`, `height_cm`, `weight_kg`) VALUES (251, 'Ethan Hunt', NULL, 1, 9, 9, 1, 24, 1, 1, 168, NULL);
INSERT INTO `publisher` (`id`, `publisher_name`) VALUES (6, 'Hanna-Barbera');
INSERT INTO `race` (`id`, `race`) VALUES (14, 'Czarnian');
INSERT INTO `superhero` (`id`, `superhero_name`, `full_name`, `gender_id`, `eye_colour_id`, `hair_colour_id`, `skin_colour_id`, `race_id`, `publisher_id`, `alignment_id`, `height_cm`, `weight_kg`) VALUES (107, 'Black Knight III', 'Dane Whitman', 1, 9, 9, 1, 24, 13, 1, 183, 86);
INSERT INTO `colour` (`id`, `colour`) VALUES (21, 'Pink');
INSERT INTO `race` (`id`, `race`) VALUES (45, 'Neyaphem');
INSERT INTO `hero_attribute` (`hero_id`, `attribute_id`, `attribute_value`) VALUES (206, 2, 10);
INSERT INTO `attribute` (`id`, `attribute_name`) VALUES (5, 'Power');
INSERT INTO `superpower` (`id`, `power_name`) VALUES (100, 'Levitation');
INSERT INTO `superpower` (`id`, `power_name`) VALUES (24, 'Size Changing');
INSERT INTO `publisher` (`id`, `publisher_name`) VALUES (5, 'George Lucas');
INSERT INTO `publisher` (`id`, `publisher_name`) VALUES (15, 'NBC - Heroes');
INSERT INTO `superhero` (`id`, `superhero_name`, `full_name`, `gender_id`, `eye_colour_id`, `hair_colour_id`, `skin_colour_id`, `race_id`, `publisher_id`, `alignment_id`, `height_cm`, `weight_kg`) VALUES (474, 'Mister Mxyzptlk', 'Mr. Mxyzptlk', 1, 1, 1, 1, 21, 4, 2, 0, 0);
INSERT INTO `hero_power` (`hero_id`, `power_id`) VALUES (52, 60);
INSERT INTO `colour` (`id`, `colour`) VALUES (24, 'Red/Black');
INSERT INTO `publisher` (`id`, `publisher_name`) VALUES (19, 'South Park');
INSERT INTO `hero_attribute` (`hero_id`, `attribute_id`, `attribute_value`) VALUES (233, 4, 30);
INSERT INTO `superhero` (`id`, `superhero_name`, `full_name`, `gender_id`, `eye_colour_id`, `hair_colour_id`, `skin_colour_id`, `race_id`, `publisher_id`, `alignment_id`, `height_cm`, `weight_kg`) VALUES (657, 'Static', 'Virgil Ovid Hawkins', 1, 9, 4, 1, 42, 4, 1, 170, 63);
INSERT INTO `colour` (`id`, `colour`) VALUES (17, 'Indigo');
INSERT INTO `hero_attribute` (`hero_id`, `attribute_id`, `attribute_value`) VALUES (442, 1, 75);
INSERT INTO `race` (`id`, `race`) VALUES (24, 'Human');
INSERT INTO `superpower` (`id`, `power_name`) VALUES (6, 'Durability');
INSERT INTO `gender` (`id`, `gender`) VALUES (1, 'Male');
INSERT INTO `superhero` (`id`, `superhero_name`, `full_name`, `gender_id`, `eye_colour_id`, `hair_colour_id`, `skin_colour_id`, `race_id`, `publisher_id`, `alignment_id`, `height_cm`, `weight_kg`) VALUES (545, 'Professor Zoom', 'Eobard Thawne', 1, 7, 29, 1, 24, 4, 2, 180, 81);
INSERT INTO `publisher` (`id`, `publisher_name`) VALUES (23, 'Titan Books');
INSERT INTO `publisher` (`id`, `publisher_name`) VALUES (7, 'HarperCollins');
INSERT INTO `publisher` (`id`, `publisher_name`) VALUES (17, 'Shueisha');
INSERT INTO `publisher` (`id`, `publisher_name`) VALUES (24, 'Universal Studios');
INSERT INTO `superhero` (`id`, `superhero_name`, `full_name`, `gender_id`, `eye_colour_id`, `hair_colour_id`, `skin_colour_id`, `race_id`, `publisher_id`, `alignment_id`, `height_cm`, `weight_kg`) VALUES (205, 'Danny Cooper', NULL, 1, 9, 6, 1, 1, 7, 1, NULL, NULL);
INSERT INTO `superhero` (`id`, `superhero_name`, `full_name`, `gender_id`, `eye_colour_id`, `hair_colour_id`, `skin_colour_id`, `race_id`, `publisher_id`, `alignment_id`, `height_cm`, `weight_kg`) VALUES (236, 'Doomsday', 'Doomsday', 1, 23, 31, 1, 2, 4, 2, 244, 412);
INSERT INTO `publisher` (`id`, `publisher_name`) VALUES (1, '');
INSERT INTO `colour` (`id`, `colour`) VALUES (22, 'Purple');
INSERT INTO `hero_attribute` (`hero_id`, `attribute_id`, `attribute_value`) VALUES (712, 3, 65);
INSERT INTO `alignment` (`id`, `alignment`) VALUES (2, 'Bad');
INSERT INTO `superpower` (`id`, `power_name`) VALUES (108, 'Illusions');
INSERT INTO `hero_attribute` (`hero_id`, `attribute_id`, `attribute_value`) VALUES (290, 6, 25);
INSERT INTO `superpower` (`id`, `power_name`) VALUES (72, 'Elemental Transmogrification');
INSERT INTO `gender` (`id`, `gender`) VALUES (3, 'N/A');
INSERT INTO `hero_attribute` (`hero_id`, `attribute_id`, `attribute_value`) VALUES (389, 1, 70);
INSERT INTO `publisher` (`id`, `publisher_name`) VALUES (9, 'IDW Publishing');
INSERT INTO `superpower` (`id`, `power_name`) VALUES (57, 'Projection');
INSERT INTO `superpower` (`id`, `power_name`) VALUES (56, 'Fire Control');
INSERT INTO `hero_power` (`hero_id`, `power_id`) VALUES (21, 14);
INSERT INTO `race` (`id`, `race`) VALUES (48, 'Rodian');
INSERT INTO `superpower` (`id`, `power_name`) VALUES (5, 'Cold Resistance');
INSERT INTO `hero_attribute` (`hero_id`, `attribute_id`, `attribute_value`) VALUES (36, 4, 35);
INSERT INTO `publisher` (`id`, `publisher_name`) VALUES (18, 'Sony Pictures');
INSERT INTO `superpower` (`id`, `power_name`) VALUES (14, 'Power Augmentation');
INSERT INTO `colour` (`id`, `colour`) VALUES (23, 'Red');
INSERT INTO `superhero` (`id`, `superhero_name`, `full_name`, `gender_id`, `eye_colour_id`, `hair_colour_id`, `skin_colour_id`, `race_id`, `publisher_id`, `alignment_id`, `height_cm`, `weight_kg`) VALUES (337, 'Hit-Girl', 'Mindy McCready', 2, 1, 1, 1, 24, 8, 1, 0, 0);
INSERT INTO `superpower` (`id`, `power_name`) VALUES (150, 'Terrakinesis');
INSERT INTO `race` (`id`, `race`) VALUES (17, 'Demon');
INSERT INTO `publisher` (`id`, `publisher_name`) VALUES (11, 'J. K. Rowling');
INSERT INTO `superpower` (`id`, `power_name`) VALUES (17, 'Intelligence');
INSERT INTO `race` (`id`, `race`) VALUES (27, 'Human / Cosmic');
INSERT INTO `superpower` (`id`, `power_name`) VALUES (120, 'Toxin and Disease Resistance');
INSERT INTO `race` (`id`, `race`) VALUES (60, 'Zen-Whoberian');
INSERT INTO `alignment` (`id`, `alignment`) VALUES (4, 'N/A');
INSERT INTO `race` (`id`, `race`) VALUES (16, 'Demi-God');
INSERT INTO `hero_power` (`hero_id`, `power_id`) VALUES (507, 18);
INSERT INTO `superpower` (`id`, `power_name`) VALUES (151, 'Vision - Heat');
INSERT INTO `colour` (`id`, `colour`) VALUES (6, 'Blond');
INSERT INTO `superpower` (`id`, `power_name`) VALUES (102, 'Banish');
INSERT INTO `race` (`id`, `race`) VALUES (40, 'Martian');
INSERT INTO `hero_power` (`hero_id`, `power_id`) VALUES (394, 7);
INSERT INTO `hero_attribute` (`hero_id`, `attribute_id`, `attribute_value`) VALUES (732, 2, 75);
INSERT INTO `publisher` (`id`, `publisher_name`) VALUES (3, 'Dark Horse Comics');
INSERT INTO `hero_power` (`hero_id`, `power_id`) VALUES (559, 12);
INSERT INTO `colour` (`id`, `colour`) VALUES (13, 'Grey');
INSERT INTO `alignment` (`id`, `alignment`) VALUES (3, 'Neutral');
INSERT INTO `attribute` (`id`, `attribute_name`) VALUES (4, 'Durability');
INSERT INTO `race` (`id`, `race`) VALUES (61, 'Zombie');
INSERT INTO `race` (`id`, `race`) VALUES (35, 'Kakarantharaian');
INSERT INTO `attribute` (`id`, `attribute_name`) VALUES (2, 'Strength');
INSERT INTO `publisher` (`id`, `publisher_name`) VALUES (21, 'SyFy');
INSERT INTO `colour` (`id`, `colour`) VALUES (27, 'Red/White');
INSERT INTO `race` (`id`, `race`) VALUES (49, 'Saiyan');
INSERT INTO `colour` (`id`, `colour`) VALUES (18, 'Magenta');
INSERT INTO `race` (`id`, `race`) VALUES (46, 'Parademon');
INSERT INTO `superhero` (`id`, `superhero_name`, `full_name`, `gender_id`, `eye_colour_id`, `hair_colour_id`, `skin_colour_id`, `race_id`, `publisher_id`, `alignment_id`, `height_cm`, `weight_kg`) VALUES (448, 'Marvel Girl', 'Rachel Anne Summers', 2, 14, 23, 1, 1, 13, 1, 170, 56);
INSERT INTO `race` (`id`, `race`) VALUES (28, 'Human / Radiation');
INSERT INTO `race` (`id`, `race`) VALUES (31, 'Human-Vulcan');
INSERT INTO `publisher` (`id`, `publisher_name`) VALUES (20, 'Star Trek');
INSERT INTO `hero_attribute` (`hero_id`, `attribute_id`, `attribute_value`) VALUES (632, 3, 25);
INSERT INTO `attribute` (`id`, `attribute_name`) VALUES (3, 'Speed');
INSERT INTO `colour` (`id`, `colour`) VALUES (2, 'Amber');
INSERT INTO `colour` (`id`, `colour`) VALUES (35, 'Yellow/Red');
INSERT INTO `hero_attribute` (`hero_id`, `attribute_id`, `attribute_value`) VALUES (273, 6, 100);
INSERT INTO `hero_power` (`hero_id`, `power_id`) VALUES (262, 18);
INSERT INTO `publisher` (`id`, `publisher_name`) VALUES (22, 'Team Epic TV');
INSERT INTO `colour` (`id`, `colour`) VALUES (15, 'Green/Blue');
INSERT INTO `hero_attribute` (`hero_id`, `attribute_id`, `attribute_value`) VALUES (150, 5, 25);
INSERT INTO `colour` (`id`, `colour`) VALUES (3, 'Auburn');
INSERT INTO `superhero` (`id`, `superhero_name`, `full_name`, `gender_id`, `eye_colour_id`, `hair_colour_id`, `skin_colour_id`, `race_id`, `publisher_id`, `alignment_id`, `height_cm`, `weight_kg`) VALUES (579, 'Ripcord', NULL, 2, 14, 4, 1, 1, 13, 1, 180, 72);
INSERT INTO `publisher` (`id`, `publisher_name`) VALUES (13, 'Marvel Comics');
INSERT INTO `superpower` (`id`, `power_name`) VALUES (28, 'Audio Control');
INSERT INTO `hero_attribute` (`hero_id`, `attribute_id`, `attribute_value`) VALUES (216, 4, 25);
INSERT INTO `gender` (`id`, `gender`) VALUES (2, 'Female');
INSERT INTO `hero_attribute` (`hero_id`, `attribute_id`, `attribute_value`) VALUES (257, 2, 15);
INSERT INTO `hero_attribute` (`hero_id`, `attribute_id`, `attribute_value`) VALUES (209, 3, 25);
