INSERT INTO `publisher` (`id`, `publisher_name`) VALUES (8, 'Icon Comics');
INSERT INTO `colour` (`id`, `colour`) VALUES (26, 'Red/Orange');
INSERT INTO `hero_attribute` (`hero_id`, `attribute_id`, `attribute_value`) VALUES (183, 1, 80);
INSERT INTO `publisher` (`id`, `publisher_name`) VALUES (18, 'Sony Pictures');
INSERT INTO `race` (`id`, `race`) VALUES (57, 'Xenomorph XX121');
INSERT INTO `hero_power` (`hero_id`, `power_id`) VALUES (143, 7);
INSERT INTO `publisher` (`id`, `publisher_name`) VALUES (19, 'South Park');
INSERT INTO `colour` (`id`, `colour`) VALUES (11, 'Brown/White');
INSERT INTO `superhero` (`id`, `superhero_name`, `full_name`, `gender_id`, `eye_colour_id`, `hair_colour_id`, `skin_colour_id`, `race_id`, `publisher_id`, `alignment_id`, `height_cm`, `weight_kg`) VALUES (97, 'Bishop', 'Lucas Bishop', 1, 9, 1, 1, 42, 13, 1, 198, 124);
INSERT INTO `alignment` (`id`, `alignment`) VALUES (2, 'Bad');
INSERT INTO `hero_power` (`hero_id`, `power_id`) VALUES (513, 77);
INSERT INTO `hero_attribute` (`hero_id`, `attribute_id`, `attribute_value`) VALUES (447, 4, 95);
INSERT INTO `hero_attribute` (`hero_id`, `attribute_id`, `attribute_value`) VALUES (69, 2, 65);
INSERT INTO `race` (`id`, `race`) VALUES (9, 'Bizarro');
INSERT INTO `hero_power` (`hero_id`, `power_id`) VALUES (213, 40);
INSERT INTO `colour` (`id`, `colour`) VALUES (5, 'Black/Blue');
INSERT INTO `publisher` (`id`, `publisher_name`) VALUES (21, 'SyFy');
INSERT INTO `superhero` (`id`, `superhero_name`, `full_name`, `gender_id`, `eye_colour_id`, `hair_colour_id`, `skin_colour_id`, `race_id`, `publisher_id`, `alignment_id`, `height_cm`, `weight_kg`) VALUES (89, 'Bill Harken', '-', 1, 1, 1, 1, 3, 21, 1, 0, 0);
INSERT INTO `hero_attribute` (`hero_id`, `attribute_id`, `attribute_value`) VALUES (243, 3, 50);
INSERT INTO `colour` (`id`, `colour`) VALUES (32, 'White/Red');
INSERT INTO `hero_attribute` (`hero_id`, `attribute_id`, `attribute_value`) VALUES (358, 1, 90);
INSERT INTO `hero_attribute` (`hero_id`, `attribute_id`, `attribute_value`) VALUES (586, 6, 25);
INSERT INTO `hero_power` (`hero_id`, `power_id`) VALUES (166, 105);
INSERT INTO `attribute` (`id`, `attribute_name`) VALUES (4, 'Durability');
INSERT INTO `colour` (`id`, `colour`) VALUES (13, 'Grey');
INSERT INTO `attribute` (`id`, `attribute_name`) VALUES (5, 'Power');
INSERT INTO `superpower` (`id`, `power_name`) VALUES (48, 'Shapeshifting');
INSERT INTO `hero_power` (`hero_id`, `power_id`) VALUES (354, 69);
INSERT INTO `attribute` (`id`, `attribute_name`) VALUES (6, 'Combat');
INSERT INTO `gender` (`id`, `gender`) VALUES (2, 'Female');
INSERT INTO `superhero` (`id`, `superhero_name`, `full_name`, `gender_id`, `eye_colour_id`, `hair_colour_id`, `skin_colour_id`, `race_id`, `publisher_id`, `alignment_id`, `height_cm`, `weight_kg`) VALUES (528, 'Penance II', 'Robert Baldwin', 1, 7, 6, 1, 1, 13, 1, 183, 89);
INSERT INTO `superhero` (`id`, `superhero_name`, `full_name`, `gender_id`, `eye_colour_id`, `hair_colour_id`, `skin_colour_id`, `race_id`, `publisher_id`, `alignment_id`, `height_cm`, `weight_kg`) VALUES (505, 'Nightcrawler', 'Kurt Wagner', 1, 33, 17, 1, 1, 13, 1, 175, 88);
INSERT INTO `colour` (`id`, `colour`) VALUES (34, 'Yellow/Blue');
INSERT INTO `race` (`id`, `race`) VALUES (41, 'Metahuman');
INSERT INTO `hero_attribute` (`hero_id`, `attribute_id`, `attribute_value`) VALUES (567, 1, 65);
INSERT INTO `superhero` (`id`, `superhero_name`, `full_name`, `gender_id`, `eye_colour_id`, `hair_colour_id`, `skin_colour_id`, `race_id`, `publisher_id`, `alignment_id`, `height_cm`, `weight_kg`) VALUES (304, 'Green Goblin II', 'Harold Osborn', 1, 7, 3, 1, 1, 13, 2, 178, 77);
INSERT INTO `hero_attribute` (`hero_id`, `attribute_id`, `attribute_value`) VALUES (395, 2, 10);
INSERT INTO `race` (`id`, `race`) VALUES (61, 'Zombie');
INSERT INTO `hero_attribute` (`hero_id`, `attribute_id`, `attribute_value`) VALUES (274, 2, 10);
INSERT INTO `race` (`id`, `race`) VALUES (47, 'Planet');
INSERT INTO `attribute` (`id`, `attribute_name`) VALUES (3, 'Speed');
INSERT INTO `superpower` (`id`, `power_name`) VALUES (112, 'Omnipotent');
INSERT INTO `superpower` (`id`, `power_name`) VALUES (79, 'Fire Resistance');
INSERT INTO `attribute` (`id`, `attribute_name`) VALUES (1, 'Intelligence');
INSERT INTO `publisher` (`id`, `publisher_name`) VALUES (5, 'George Lucas');
INSERT INTO `alignment` (`id`, `alignment`) VALUES (1, 'Good');
INSERT INTO `superhero` (`id`, `superhero_name`, `full_name`, `gender_id`, `eye_colour_id`, `hair_colour_id`, `skin_colour_id`, `race_id`, `publisher_id`, `alignment_id`, `height_cm`, `weight_kg`) VALUES (85, 'Bi-Beast', '-', 1, 4, 1, 1, 5, 13, 1, 229, 158);
INSERT INTO `superpower` (`id`, `power_name`) VALUES (17, 'Intelligence');
INSERT INTO `hero_power` (`hero_id`, `power_id`) VALUES (27, 97);
INSERT INTO `colour` (`id`, `colour`) VALUES (31, 'White');
INSERT INTO `race` (`id`, `race`) VALUES (32, 'Human-Vuldarian');
INSERT INTO `race` (`id`, `race`) VALUES (59, 'Yoda''s species');
INSERT INTO `hero_power` (`hero_id`, `power_id`) VALUES (209, 18);
INSERT INTO `superpower` (`id`, `power_name`) VALUES (39, 'Enhanced Senses');
INSERT INTO `hero_power` (`hero_id`, `power_id`) VALUES (43, 1);
INSERT INTO `superhero` (`id`, `superhero_name`, `full_name`, `gender_id`, `eye_colour_id`, `hair_colour_id`, `skin_colour_id`, `race_id`, `publisher_id`, `alignment_id`, `height_cm`, `weight_kg`) VALUES (239, 'Dr Manhattan', 'Jonathan Osterman', 1, 31, 1, 7, 27, 4, 1, 0, 0);
INSERT INTO `hero_attribute` (`hero_id`, `attribute_id`, `attribute_value`) VALUES (245, 1, 80);
INSERT INTO `alignment` (`id`, `alignment`) VALUES (3, 'Neutral');
INSERT INTO `attribute` (`id`, `attribute_name`) VALUES (2, 'Strength');
INSERT INTO `race` (`id`, `race`) VALUES (4, 'Amazon');
INSERT INTO `race` (`id`, `race`) VALUES (48, 'Rodian');
INSERT INTO `publisher` (`id`, `publisher_name`) VALUES (6, 'Hanna-Barbera');
INSERT INTO `superhero` (`id`, `superhero_name`, `full_name`, `gender_id`, `eye_colour_id`, `hair_colour_id`, `skin_colour_id`, `race_id`, `publisher_id`, `alignment_id`, `height_cm`, `weight_kg`) VALUES (589, 'Rorschach', 'Walter Joseph Kovacs', 1, 7, 23, 1, 24, 4, 1, 168, 63);
INSERT INTO `superpower` (`id`, `power_name`) VALUES (12, 'Marksmanship');
INSERT INTO `superpower` (`id`, `power_name`) VALUES (146, 'Grim Reaping');
INSERT INTO `publisher` (`id`, `publisher_name`) VALUES (25, 'Wildstorm');
INSERT INTO `hero_power` (`hero_id`, `power_id`) VALUES (504, 16);
INSERT INTO `superhero` (`id`, `superhero_name`, `full_name`, `gender_id`, `eye_colour_id`, `hair_colour_id`, `skin_colour_id`, `publisher_id`, `alignment_id`, `height_cm`, `weight_kg`) VALUES (293, 'Godzilla', '-', 3, 1, 1, 1, 1, 2, 10800, 90000000);
INSERT INTO `gender` (`id`, `gender`) VALUES (1, 'Male');
INSERT INTO `superpower` (`id`, `power_name`) VALUES (1, 'Agility');
INSERT INTO `colour` (`id`, `colour`) VALUES (27, 'Red/White');
INSERT INTO `superpower` (`id`, `power_name`) VALUES (61, 'Invulnerability');
INSERT INTO `gender` (`id`, `gender`) VALUES (3, 'N/A');
INSERT INTO `publisher` (`id`, `publisher_name`) VALUES (15, 'NBC - Heroes');
INSERT INTO `colour` (`id`, `colour`) VALUES (15, 'Green/Blue');
INSERT INTO `alignment` (`id`, `alignment`) VALUES (4, 'N/A');
INSERT INTO `race` (`id`, `race`) VALUES (60, 'Zen-Whoberian');
INSERT INTO `superhero` (`id`, `superhero_name`, `full_name`, `gender_id`, `eye_colour_id`, `hair_colour_id`, `skin_colour_id`, `race_id`, `publisher_id`, `alignment_id`, `height_cm`, `weight_kg`) VALUES (495, 'Mysterio', 'Quentin Beck', 1, 9, 1, 1, 24, 13, 2, 180, 79);
INSERT INTO `publisher` (`id`, `publisher_name`) VALUES (13, 'Marvel Comics');
INSERT INTO `superpower` (`id`, `power_name`) VALUES (60, 'Reflexes');
INSERT INTO `publisher` (`id`, `publisher_name`) VALUES (23, 'Titan Books');
INSERT INTO `colour` (`id`, `colour`) VALUES (18, 'Magenta');
INSERT INTO `hero_power` (`hero_id`, `power_id`) VALUES (727, 105);
