PRAGMA foreign_keys=OFF;
BEGIN TRANSACTION;
CREATE TABLE city
(
    city_id    INTEGER
            primary key,
    city_name  TEXT,
    state      TEXT,
    population INTEGER,
    area       REAL
);
INSERT INTO city VALUES(100,'Union City','New Jersey',67088,1.300000000000000044);
INSERT INTO city VALUES(101,'Huntington Park','California',61348,3.0);
INSERT INTO city VALUES(102,'Passaic','New Jersey',67861,3.100000000000000088);
INSERT INTO city VALUES(103,'Hempstead','New York',56554,3.700000000000000177);
INSERT INTO city VALUES(104,'Berwyn','Illinois',54016,3.899999999999999912);
INSERT INTO city VALUES(105,'East Orange','New Jersey',69824,3.899999999999999912);
INSERT INTO city VALUES(106,'Somerville','Massachusetts',77478,4.099999999999999644);
INSERT INTO city VALUES(107,'Mount Vernon','New York',68381,4.400000000000000356);
INSERT INTO city VALUES(108,'Oak Park','Illinois',52524,4.700000000000000177);
INSERT INTO city VALUES(109,'Paramount','California',55266,4.700000000000000177);
INSERT INTO city VALUES(110,'Lynwood','California',69845,4.900000000000000355);
INSERT INTO city VALUES(111,'Malden','Massachusetts',56340,5.099999999999999645);
INSERT INTO city VALUES(112,'Rosemead','California',53505,5.099999999999999645);
INSERT INTO city VALUES(113,'Lakewood','Ohio',56646,5.5);
INSERT INTO city VALUES(114,'Bayonne','New Jersey',61842,5.599999999999999645);
INSERT INTO city VALUES(115,'Gardena','California',57746,5.799999999999999823);
INSERT INTO city VALUES(116,'Cicero','Illinois',85616,5.799999999999999823);
INSERT INTO city VALUES(117,'Bellflower','California',72878,6.099999999999999645);
INSERT INTO city VALUES(118,'Hawthorne','California',84112,6.099999999999999645);
INSERT INTO city VALUES(119,'Redondo Beach','California',63261,6.299999999999999823);
INSERT INTO city VALUES(120,'Cambridge','Massachusetts',101355,6.400000000000000355);
INSERT INTO city VALUES(121,'Baldwin Park','California',75837,6.700000000000000177);
INSERT INTO city VALUES(122,'Lawrence','Massachusetts',72043,7.0);
INSERT INTO city VALUES(123,'Miami Beach','Florida',87933,7.0);
INSERT INTO city VALUES(124,'Lauderhill','Florida',57585,7.299999999999999823);
INSERT INTO city VALUES(125,'La Habra','California',58974,7.299999999999999823);
INSERT INTO city VALUES(126,'Lancaster','Pennsylvania',56348,7.400000000000000355);
INSERT INTO city VALUES(127,'National City','California',54260,7.400000000000000355);
INSERT INTO city VALUES(128,'South Gate','California',96375,7.400000000000000355);
INSERT INTO city VALUES(129,'Daly City','California',103621,7.599999999999999645);
INSERT INTO city VALUES(130,'Alhambra','California',85804,7.599999999999999645);
INSERT INTO city VALUES(131,'Monterey Park','California',60051,7.599999999999999645);
INSERT INTO city VALUES(132,'Evanston','Illinois',74239,7.700000000000000177);
INSERT INTO city VALUES(133,'Trenton','New Jersey',85403,7.700000000000000177);
INSERT INTO city VALUES(134,'Medford','Massachusetts',55765,8.099999999999999645);
INSERT INTO city VALUES(135,'Montebello','California',62150,8.199999999999999289);
INSERT INTO city VALUES(136,'Santa Monica','California',84084,8.300000000000000711);
INSERT INTO city VALUES(137,'Pico Rivera','California',63428,8.300000000000000711);
INSERT INTO city VALUES(138,'Paterson','New Jersey',149222,8.400000000000000355);
INSERT INTO city VALUES(139,'North Miami','Florida',59880,8.5);
INSERT INTO city VALUES(140,'Oak Lawn','Illinois',55245,8.599999999999999645);
INSERT INTO city VALUES(141,'Cerritos','California',51488,8.599999999999999645);
INSERT INTO city VALUES(142,'Pawtucket','Rhode Island',72958,8.699999999999999289);
INSERT INTO city VALUES(143,'Camden','New Jersey',79904,8.800000000000000711);
INSERT INTO city VALUES(144,'Margate','Florida',53909,8.800000000000000711);
INSERT INTO city VALUES(145,'Fountain Valley','California',54978,8.900000000000000355);
INSERT INTO city VALUES(146,'South San Francisco','California',60552,9.0);
INSERT INTO city VALUES(147,'Inglewood','California',112580,9.099999999999999645);
INSERT INTO city VALUES(148,'La Mesa','California',54749,9.30000000000000072);
INSERT INTO city VALUES(149,'Lakewood','California',79345,9.40000000000000035);
INSERT INTO city VALUES(150,'El Monte','California',115965,9.59999999999999965);
INSERT INTO city VALUES(151,'Norwalk','California',103298,9.69999999999999928);
INSERT INTO city VALUES(152,'Reading','Pennsylvania',81207,9.80000000000000072);
INSERT INTO city VALUES(153,'White Plains','New York',53077,9.80000000000000072);
INSERT INTO city VALUES(154,'Skokie','Illinois',63348,10.0);
INSERT INTO city VALUES(155,'Gaithersburg','Maryland',52613,10.09999999999999965);
INSERT INTO city VALUES(156,'Compton','California',93493,10.09999999999999965);
INSERT INTO city VALUES(157,'Westminster','California',88207,10.09999999999999965);
INSERT INTO city VALUES(158,'Mount Prospect','Illinois',56265,10.19999999999999928);
INSERT INTO city VALUES(159,'New Rochelle','New York',72182,10.40000000000000035);
INSERT INTO city VALUES(160,'Davis','California',60308,10.5);
INSERT INTO city VALUES(161,'Berkeley','California',102743,10.5);
INSERT INTO city VALUES(162,'Buena Park','California',78282,10.59999999999999965);
INSERT INTO city VALUES(163,'Taylorsville','Utah',57439,10.69999999999999928);
INSERT INTO city VALUES(164,'Euclid','Ohio',52717,10.69999999999999928);
INSERT INTO city VALUES(165,'West Haven','Connecticut',52360,10.80000000000000072);
INSERT INTO city VALUES(166,'Schenectady','New York',61821,10.80000000000000072);
INSERT INTO city VALUES(167,'Alameda','California',72259,10.80000000000000072);
INSERT INTO city VALUES(168,'Wilmington','Delaware',72664,10.80000000000000072);
INSERT INTO city VALUES(169,'Lynn','Massachusetts',89050,10.80000000000000072);
INSERT INTO city VALUES(170,'Cupertino','California',50546,10.90000000000000035);
INSERT INTO city VALUES(171,'Arcadia','California',53054,11.0);
INSERT INTO city VALUES(172,'Wheaton','Illinois',55416,11.19999999999999928);
INSERT INTO city VALUES(173,'West Allis','Wisconsin',61254,11.30000000000000072);
INSERT INTO city VALUES(174,'Clifton','New Jersey',78672,11.30000000000000072);
INSERT INTO city VALUES(175,'Tustin','California',67504,11.40000000000000035);
INSERT INTO city VALUES(176,'Tamarac','Florida',55588,11.40000000000000035);
INSERT INTO city VALUES(177,'Florissant','Missouri',50497,11.40000000000000035);
INSERT INTO city VALUES(178,'St. Clair Shores','Michigan',63096,11.5);
INSERT INTO city VALUES(179,'Dearborn Heights','Michigan',58264,11.69999999999999929);
INSERT INTO city VALUES(180,'Shoreline','Washington',53025,11.69999999999999929);
INSERT INTO city VALUES(181,'Royal Oak','Michigan',60062,11.80000000000000071);
INSERT INTO city VALUES(182,'Mountainew','California',70708,12.09999999999999965);
INSERT INTO city VALUES(183,'Lodi','California',56999,12.19999999999999929);
INSERT INTO city VALUES(184,'San Mateo','California',92482,12.19999999999999929);
INSERT INTO city VALUES(185,'Elizabeth','New Jersey',120568,12.19999999999999929);
INSERT INTO city VALUES(186,'Downey','California',107323,12.40000000000000035);
INSERT INTO city VALUES(187,'Santa Cruz','California',54593,12.5);
INSERT INTO city VALUES(188,'Lake Forest','California',58707,12.5);
INSERT INTO city VALUES(189,'Waltham','Massachusetts',59226,12.69999999999999929);
INSERT INTO city VALUES(190,'Palatine','Illinois',65479,13.0);
INSERT INTO city VALUES(191,'San Leandro','California',79452,13.09999999999999965);
INSERT INTO city VALUES(192,'New Britain','Connecticut',71538,13.30000000000000071);
INSERT INTO city VALUES(193,'Turlock','California',55810,13.30000000000000071);
INSERT INTO city VALUES(194,'Deerfield Beach','Florida',64583,13.40000000000000035);
INSERT INTO city VALUES(195,'Milpitas','California',62698,13.59999999999999965);
INSERT INTO city VALUES(196,'Petaluma','California',54548,13.80000000000000071);
INSERT INTO city VALUES(197,'Lowell','Massachusetts',105167,13.80000000000000071);
INSERT INTO city VALUES(198,'Sheboygan','Wisconsin',50792,13.90000000000000035);
INSERT INTO city VALUES(199,'Niagara Falls','New York',55593,14.09999999999999965);
INSERT INTO city VALUES(200,'Citrus Heights','California',85071,14.30000000000000071);
INSERT INTO city VALUES(201,'Springfield','Oregon',52864,14.40000000000000035);
INSERT INTO city VALUES(202,'Des Plaines','Illinois',58720,14.40000000000000035);
INSERT INTO city VALUES(203,'Whittier','California',83680,14.59999999999999965);
INSERT INTO city VALUES(204,'El Cajon','California',94869,14.59999999999999965);
INSERT INTO city VALUES(205,'Laguna Niguel','California',61891,14.69999999999999929);
INSERT INTO city VALUES(206,'Diamond Bar','California',56287,14.80000000000000071);
INSERT INTO city VALUES(207,'Newport Beach','California',70032,14.80000000000000071);
INSERT INTO city VALUES(208,'Sarasota','Florida',52715,14.90000000000000035);
INSERT INTO city VALUES(209,'Jersey City','New Jersey',240055,14.90000000000000035);
INSERT INTO city VALUES(210,'Kenner','Louisiana',70517,15.09999999999999965);
INSERT INTO city VALUES(211,'Upland','California',68393,15.09999999999999965);
INSERT INTO city VALUES(212,'Alexandria','Virginia',128283,15.19999999999999929);
INSERT INTO city VALUES(213,'Delray Beach','Florida',60020,15.40000000000000035);
INSERT INTO city VALUES(214,'Racine','Wisconsin',81855,15.5);
INSERT INTO city VALUES(215,'Pittsburg','California',56769,15.59999999999999965);
INSERT INTO city VALUES(216,'Costa Mesa','California',108724,15.59999999999999965);
INSERT INTO city VALUES(217,'Largo','Florida',69371,15.69999999999999929);
INSERT INTO city VALUES(218,'Boynton Beach','Florida',60389,15.90000000000000035);
INSERT INTO city VALUES(219,'Huntington','Westrginia',51475,15.90000000000000035);
INSERT INTO city VALUES(220,'Bridgeport','Connecticut',139529,16.0);
INSERT INTO city VALUES(221,'West Covina','California',105080,16.10000000000000143);
INSERT INTO city VALUES(222,'Santee','California',52975,16.10000000000000143);
INSERT INTO city VALUES(223,'Bowie','Maryland',50269,16.10000000000000143);
INSERT INTO city VALUES(224,'Utica','New York',60651,16.30000000000000071);
INSERT INTO city VALUES(225,'Beaverton','Oregon',76129,16.30000000000000071);
INSERT INTO city VALUES(226,'Arlington Heights','Illinois',76031,16.39999999999999857);
INSERT INTO city VALUES(227,'San Rafael','California',56063,16.60000000000000143);
INSERT INTO city VALUES(228,'Quincy','Massachusetts',88025,16.80000000000000071);
INSERT INTO city VALUES(229,'Champaign','Illinois',67518,17.0);
INSERT INTO city VALUES(230,'Renton','Washington',50052,17.0);
INSERT INTO city VALUES(231,'Idaho Falls','Idaho',50730,17.10000000000000143);
INSERT INTO city VALUES(232,'Clovis','California',68468,17.10000000000000143);
INSERT INTO city VALUES(233,'Lakewood','Washington',58211,17.10000000000000143);
INSERT INTO city VALUES(234,'Burbank','California',100316,17.30000000000000071);
INSERT INTO city VALUES(235,'Hartford','Connecticut',121578,17.30000000000000071);
INSERT INTO city VALUES(236,'Saginaw','Michigan',61799,17.39999999999999857);
INSERT INTO city VALUES(237,'Owensboro','Kentucky',54067,17.39999999999999857);
INSERT INTO city VALUES(238,'Napa','California',72585,17.69999999999999929);
INSERT INTO city VALUES(239,'Allentown','Pennsylvania',106632,17.69999999999999929);
INSERT INTO city VALUES(240,'Garden Grove','California',165196,18.0);
INSERT INTO city VALUES(241,'Yonkers','New York',196086,18.10000000000000143);
INSERT INTO city VALUES(242,'Newton','Massachusetts',83829,18.10000000000000143);
INSERT INTO city VALUES(243,'North Richland Hills','Texas',55635,18.19999999999999929);
INSERT INTO city VALUES(244,'Sunrise','Florida',85779,18.19999999999999929);
INSERT INTO city VALUES(245,'Santa Clara','California',102361,18.39999999999999857);
INSERT INTO city VALUES(246,'Orem','Utah',84324,18.39999999999999857);
INSERT INTO city VALUES(247,'Providence','Rhode Island',173618,18.5);
INSERT INTO city VALUES(248,'Missionejo','California',93102,18.69999999999999929);
INSERT INTO city VALUES(249,'Vista','California',89857,18.69999999999999929);
INSERT INTO city VALUES(250,'Kettering','Ohio',57502,18.69999999999999929);
INSERT INTO city VALUES(251,'Carson','California',89730,18.80000000000000071);
INSERT INTO city VALUES(252,'New Haven','Connecticut',123626,18.89999999999999857);
INSERT INTO city VALUES(253,'Camarillo','California',57077,18.89999999999999857);
INSERT INTO city VALUES(254,'Schaumburg','Illinois',75386,19.0);
INSERT INTO city VALUES(255,'Santa Barbara','California',92325,19.0);
INSERT INTO city VALUES(256,'Salinas','California',151060,19.0);
INSERT INTO city VALUES(257,'Encinitas','California',58014,19.10000000000000143);
INSERT INTO city VALUES(258,'Orland Park','Illinois',51077,19.10000000000000143);
INSERT INTO city VALUES(259,'Hialeah','Florida',226419,19.19999999999999929);
INSERT INTO city VALUES(260,'Santa Maria','California',77423,19.30000000000000071);
INSERT INTO city VALUES(261,'Bethlehem','Pennsylvania',71329,19.30000000000000071);
INSERT INTO city VALUES(262,'Union City','California',66869,19.30000000000000071);
INSERT INTO city VALUES(263,'Yorba Linda','California',58918,19.39999999999999857);
INSERT INTO city VALUES(264,'Great Falls','Montana',56690,19.5);
INSERT INTO city VALUES(265,'Redwood City','California',75402,19.5);
INSERT INTO city VALUES(266,'Bloomington','Indiana',69291,19.69999999999999929);
INSERT INTO city VALUES(267,'Walnut Creek','California',64296,19.89999999999999857);
INSERT INTO city VALUES(268,'Merced','California',63893,19.89999999999999857);
INSERT INTO city VALUES(269,'Elyria','Ohio',55953,19.89999999999999857);
INSERT INTO city VALUES(270,'Nampa','Idaho',51867,19.89999999999999857);
INSERT INTO city VALUES(271,'Pontiac','Michigan',66337,20.0);
INSERT INTO city VALUES(272,'Parma','Ohio',85655,20.0);
INSERT INTO city VALUES(273,'New Bedford','Massachusetts',93768,20.10000000000000143);
INSERT INTO city VALUES(274,'Yakima','Washington',71845,20.10000000000000143);
INSERT INTO city VALUES(275,'Lafayette','Indiana',56397,20.10000000000000143);
INSERT INTO city VALUES(276,'La Crosse','Wisconsin',51818,20.10000000000000143);
INSERT INTO city VALUES(277,'Frederick','Maryland',52767,20.39999999999999857);
INSERT INTO city VALUES(278,'St. Charles','Missouri',60321,20.39999999999999857);
INSERT INTO city VALUES(279,'Bolingbrook','Illinois',56321,20.5);
INSERT INTO city VALUES(280,'Canton','Ohio',80806,20.5);
INSERT INTO city VALUES(281,'Westland','Michigan',86602,20.5);
INSERT INTO city VALUES(282,'Torrance','California',137946,20.5);
INSERT INTO city VALUES(283,'Pompano Beach','Florida',78191,20.60000000000000143);
INSERT INTO city VALUES(284,'Layton','Utah',58474,20.69999999999999929);
INSERT INTO city VALUES(285,'Appleton','Wisconsin',70087,20.89999999999999857);
INSERT INTO city VALUES(286,'Federal Way','Washington',83259,21.0);
INSERT INTO city VALUES(287,'Tracy','California',56929,21.0);
INSERT INTO city VALUES(288,'Cheyenne','Wyoming',53011,21.10000000000000143);
INSERT INTO city VALUES(289,'Chino','California',67168,21.10000000000000143);
INSERT INTO city VALUES(290,'Ventura','California',100916,21.10000000000000143);
INSERT INTO city VALUES(291,'Portland','Maine',64249,21.19999999999999929);
INSERT INTO city VALUES(292,'St. Peters','Missouri',51381,21.19999999999999929);
INSERT INTO city VALUES(293,'Elkhart','Indiana',51874,21.39999999999999857);
INSERT INTO city VALUES(294,'Albany','New York',95658,21.39999999999999857);
INSERT INTO city VALUES(295,'Brockton','Massachusetts',94304,21.5);
INSERT INTO city VALUES(296,'Waukesha','Wisconsin',64825,21.60000000000000143);
INSERT INTO city VALUES(297,'Hillsboro','Oregon',70186,21.60000000000000143);
INSERT INTO city VALUES(298,'Hamilton','Ohio',60690,21.60000000000000143);
INSERT INTO city VALUES(299,'Ames','Iowa',50731,21.60000000000000143);
INSERT INTO city VALUES(300,'Medford','Oregon',63154,21.69999999999999929);
INSERT INTO city VALUES(301,'Folsom','California',51884,21.69999999999999929);
INSERT INTO city VALUES(302,'Pleasanton','California',63654,21.69999999999999929);
INSERT INTO city VALUES(303,'Plantation','Florida',82934,21.69999999999999929);
INSERT INTO city VALUES(304,'Longmont','Colorado',71093,21.80000000000000071);
INSERT INTO city VALUES(305,'Marietta','Georgia',58748,21.89999999999999857);
INSERT INTO city VALUES(306,'Rialto','California',91873,21.89999999999999857);
INSERT INTO city VALUES(307,'Sunnyvale','California',131760,21.89999999999999857);
INSERT INTO city VALUES(308,'Erie','Pennsylvania',103717,22.0);
INSERT INTO city VALUES(309,'Fullerton','California',126003,22.19999999999999929);
INSERT INTO city VALUES(310,'Gresham','Oregon',90205,22.19999999999999929);
INSERT INTO city VALUES(311,'Sandy','Utah',88418,22.30000000000000071);
INSERT INTO city VALUES(312,'Milford','Connecticut',50594,22.30000000000000071);
INSERT INTO city VALUES(313,'Bloomington','Illinois',64808,22.5);
INSERT INTO city VALUES(314,'Springfield','Ohio',65358,22.5);
INSERT INTO city VALUES(315,'Coon Rapids','Minnesota',61607,22.69999999999999929);
INSERT INTO city VALUES(316,'Pensacola','Florida',56255,22.69999999999999929);
INSERT INTO city VALUES(317,'Norwalk','Connecticut',82951,22.80000000000000071);
INSERT INTO city VALUES(318,'Pomona','California',149473,22.80000000000000071);
INSERT INTO city VALUES(319,'Hammond','Indiana',83048,22.89999999999999857);
INSERT INTO city VALUES(320,'Kennewick','Washington',54693,22.89999999999999857);
INSERT INTO city VALUES(321,'Chicopee','Massachusetts',54653,22.89999999999999857);
INSERT INTO city VALUES(322,'Waukegan','Illinois',87901,23.0);
INSERT INTO city VALUES(323,'Pasadena','California',133936,23.10000000000000142);
INSERT INTO city VALUES(324,'Orange','California',128821,23.39999999999999858);
INSERT INTO city VALUES(325,'Oshkosh','Wisconsin',62916,23.60000000000000142);
INSERT INTO city VALUES(326,'Taylor','Michigan',65868,23.60000000000000142);
INSERT INTO city VALUES(327,'Palo Alto','California',58598,23.69999999999999929);
INSERT INTO city VALUES(328,'Meriden','Connecticut',58244,23.69999999999999929);
INSERT INTO city VALUES(329,'Missoula','Montana',57053,23.80000000000000071);
INSERT INTO city VALUES(330,'San Marcos','California',54977,23.80000000000000071);
INSERT INTO city VALUES(331,'Kenosha','Wisconsin',90352,23.80000000000000071);
INSERT INTO city VALUES(332,'Newark','New Jersey',273546,23.80000000000000071);
INSERT INTO city VALUES(333,'Coral Springs','Florida',117549,23.89999999999999858);
INSERT INTO city VALUES(334,'Sparks','Nevada',66346,23.89999999999999858);
INSERT INTO city VALUES(335,'Livermore','California',73345,23.89999999999999858);
INSERT INTO city VALUES(336,'Lorain','Ohio',68652,24.0);
INSERT INTO city VALUES(337,'Sugar Land','Texas',63328,24.10000000000000142);
INSERT INTO city VALUES(338,'Muncie','Indiana',67430,24.19999999999999929);
INSERT INTO city VALUES(339,'Iowa City','Iowa',62220,24.19999999999999929);
INSERT INTO city VALUES(340,'Wyoming','Michigan',69368,24.39999999999999858);
INSERT INTO city VALUES(341,'Dearborn','Michigan',97775,24.39999999999999858);
INSERT INTO city VALUES(342,'Boulder','Colorado',94673,24.39999999999999858);
INSERT INTO city VALUES(343,'Midwest City','Oklahoma',54088,24.60000000000000142);
INSERT INTO city VALUES(344,'Loveland','Colorado',50608,24.60000000000000142);
INSERT INTO city VALUES(345,'Kalamazoo','Michigan',77145,24.69999999999999929);
INSERT INTO city VALUES(346,'Burnsville','Minnesota',60220,24.89999999999999858);
INSERT INTO city VALUES(347,'Elgin','Illinois',94487,25.0);
INSERT INTO city VALUES(348,'Syracuse','New York',147306,25.10000000000000142);
INSERT INTO city VALUES(349,'Scranton','Pennsylvania',76415,25.19999999999999929);
INSERT INTO city VALUES(350,'Oxnard','California',170358,25.30000000000000071);
INSERT INTO city VALUES(351,'Clearwater','Florida',108787,25.30000000000000071);
INSERT INTO city VALUES(352,'Bellingham','Washington',67171,25.60000000000000142);
INSERT INTO city VALUES(353,'Greenville','North Carolina',60476,25.60000000000000142);
INSERT INTO city VALUES(354,'Hemet','California',58812,25.60000000000000142);
INSERT INTO city VALUES(355,'Middletown','Ohio',51605,25.69999999999999929);
INSERT INTO city VALUES(356,'Round Rock','Texas',61136,26.10000000000000142);
INSERT INTO city VALUES(357,'Greenville','South Carolina',56002,26.10000000000000142);
INSERT INTO city VALUES(358,'Brooklyn Park','Minnesota',67388,26.10000000000000142);
INSERT INTO city VALUES(359,'Southfield','Michigan',78296,26.19999999999999929);
INSERT INTO city VALUES(360,'Temecula','California',57716,26.30000000000000071);
INSERT INTO city VALUES(361,'Huntington Beach','California',189594,26.39999999999999858);
INSERT INTO city VALUES(362,'Dubuque','Iowa',57686,26.5);
INSERT INTO city VALUES(363,'Bristol','Connecticut',60062,26.5);
INSERT INTO city VALUES(364,'Ogden','Utah',77226,26.60000000000000142);
INSERT INTO city VALUES(365,'Mentor','Ohio',50278,26.80000000000000071);
INSERT INTO city VALUES(366,'Thornton','Colorado',82384,26.89999999999999858);
INSERT INTO city VALUES(367,'Bismarck','North Dakota',55532,26.89999999999999858);
INSERT INTO city VALUES(368,'Antioch','California',90532,26.89999999999999858);
INSERT INTO city VALUES(369,'Ann Arbor','Michigan',114024,27.0);
INSERT INTO city VALUES(370,'Vacaville','California',88625,27.10000000000000142);
INSERT INTO city VALUES(371,'Santa Ana','California',337977,27.10000000000000142);
INSERT INTO city VALUES(372,'Minnetonka','Minnesota',51301,27.10000000000000142);
INSERT INTO city VALUES(373,'Boca Raton','Florida',74764,27.19999999999999929);
INSERT INTO city VALUES(374,'Hollywood','Florida',139357,27.30000000000000071);
INSERT INTO city VALUES(375,'Janesville','Wisconsin',59498,27.5);
INSERT INTO city VALUES(376,'Chico','California',59954,27.69999999999999929);
INSERT INTO city VALUES(377,'Kent','Washington',79524,28.0);
INSERT INTO city VALUES(378,'Lawrence','Kansas',80098,28.10000000000000142);
INSERT INTO city VALUES(379,'Pocatello','Idaho',51466,28.19999999999999929);
INSERT INTO city VALUES(380,'Cranston','Rhode Island',79269,28.60000000000000142);
INSERT INTO city VALUES(381,'Waterbury','Connecticut',107271,28.60000000000000142);
INSERT INTO city VALUES(382,'Richardson','Texas',91802,28.60000000000000142);
INSERT INTO city VALUES(383,'Visalia','California',91565,28.60000000000000142);
INSERT INTO city VALUES(384,'Monroe','Louisiana',53107,28.69999999999999929);
INSERT INTO city VALUES(385,'Miramar','Florida',72739,29.5);
INSERT INTO city VALUES(386,'Missouri City','Texas',52913,29.69999999999999929);
INSERT INTO city VALUES(387,'Greeley','Colorado',76930,29.89999999999999858);
INSERT INTO city VALUES(388,'Richmond','California',99216,30.0);
INSERT INTO city VALUES(389,'Concord','California',121780,30.10000000000000142);
INSERT INTO city VALUES(390,'Vallejo','California',116760,30.19999999999999929);
INSERT INTO city VALUES(391,'Melbourne','Florida',71382,30.19999999999999929);
INSERT INTO city VALUES(392,'St. Cloud','Minnesota',59107,30.19999999999999929);
INSERT INTO city VALUES(393,'Eau Claire','Wisconsin',61704,30.30000000000000071);
INSERT INTO city VALUES(394,'Roseville','California',79921,30.5);
INSERT INTO city VALUES(395,'Glendale','California',194973,30.60000000000000142);
INSERT INTO city VALUES(396,'Bellevue','Washington',109569,30.69999999999999929);
INSERT INTO city VALUES(397,'Nashua','New Hampshire',86605,30.89999999999999858);
INSERT INTO city VALUES(398,'West Jordan','Utah',68336,30.89999999999999858);
INSERT INTO city VALUES(399,'Fall River','Massachusetts',91938,31.0);
INSERT INTO city VALUES(400,'Terre Haute','Indiana',59614,31.19999999999999929);
INSERT INTO city VALUES(401,'Westminster','Colorado',100940,31.5);
INSERT INTO city VALUES(402,'Charleston','Westrginia',53421,31.60000000000000142);
INSERT INTO city VALUES(403,'Fort Lauderdale','Florida',152397,31.69999999999999929);
INSERT INTO city VALUES(404,'Bend','Oregon',52029,32.0);
INSERT INTO city VALUES(405,'Springfield','Massachusetts',152082,32.10000000000000142);
INSERT INTO city VALUES(406,'Eagan','Minnesota',63557,32.29999999999999715);
INSERT INTO city VALUES(407,'Eden Prairie','Minnesota',54901,32.39999999999999858);
INSERT INTO city VALUES(408,'Everett','Washington',91488,32.5);
INSERT INTO city VALUES(409,'Arvada','Colorado',102153,32.70000000000000285);
INSERT INTO city VALUES(410,'Baytown','Texas',66430,32.70000000000000285);
INSERT INTO city VALUES(411,'Plymouth','Minnesota',65894,32.89999999999999858);
INSERT INTO city VALUES(412,'Rochester Hills','Michigan',68825,32.89999999999999858);
INSERT INTO city VALUES(413,'Maple Grove','Minnesota',50365,32.89999999999999858);
INSERT INTO city VALUES(414,'Victoria','Texas',60603,33.0);
INSERT INTO city VALUES(415,'Manchester','New Hampshire',107006,33.0);
INSERT INTO city VALUES(416,'Pembroke Pines','Florida',137427,33.10000000000000142);
INSERT INTO city VALUES(417,'Portsmouth','Virginia',100565,33.20000000000000285);
INSERT INTO city VALUES(418,'Haverhill','Massachusetts',58969,33.29999999999999715);
INSERT INTO city VALUES(419,'Farmington Hills','Michigan',82111,33.29999999999999715);
INSERT INTO city VALUES(420,'Davie','Florida',75720,33.39999999999999858);
INSERT INTO city VALUES(421,'Troy','Michigan',80959,33.5);
INSERT INTO city VALUES(422,'Flint','Michigan',124943,33.60000000000000142);
INSERT INTO city VALUES(423,'Billings','Montana',89847,33.70000000000000285);
INSERT INTO city VALUES(424,'Youngstown','Ohio',82026,33.89999999999999858);
INSERT INTO city VALUES(425,'Harlingen','Texas',57564,34.10000000000000142);
INSERT INTO city VALUES(426,'Warren','Michigan',138247,34.29999999999999715);
INSERT INTO city VALUES(427,'Lansing','Michigan',119128,35.0);
INSERT INTO city VALUES(428,'Corona','California',124966,35.10000000000000142);
INSERT INTO city VALUES(429,'Killeen','Texas',86911,35.29999999999999715);
INSERT INTO city VALUES(430,'Naperville','Illinois',128358,35.39999999999999858);
INSERT INTO city VALUES(431,'West Valley City','Utah',108896,35.39999999999999858);
INSERT INTO city VALUES(432,'Warwick','Rhode Island',85808,35.5);
INSERT INTO city VALUES(433,'Bloomington','Minnesota',85172,35.5);
INSERT INTO city VALUES(434,'Redlands','California',63591,35.5);
INSERT INTO city VALUES(435,'Rocky Mount','North Carolina',55893,35.60000000000000142);
INSERT INTO city VALUES(436,'Livonia','Michigan',100545,35.70000000000000285);
INSERT INTO city VALUES(437,'Miami','Florida',362470,35.70000000000000285);
INSERT INTO city VALUES(438,'Modesto','California',188856,35.79999999999999715);
INSERT INTO city VALUES(439,'Rochester','New York',219773,35.79999999999999715);
INSERT INTO city VALUES(440,'Deltona','Florida',69543,35.79999999999999715);
INSERT INTO city VALUES(441,'Fontana','California',128929,36.10000000000000142);
INSERT INTO city VALUES(442,'Escondido','California',133559,36.29999999999999715);
INSERT INTO city VALUES(443,'Carrollton','Texas',109576,36.5);
INSERT INTO city VALUES(444,'Sterling Heights','Michigan',124471,36.60000000000000142);
INSERT INTO city VALUES(445,'Odessa','Texas',90943,36.79999999999999715);
INSERT INTO city VALUES(446,'Lewisville','Texas',77737,36.79999999999999715);
INSERT INTO city VALUES(447,'Santa Fe','New Mexico',62203,37.29999999999999715);
INSERT INTO city VALUES(448,'Council Bluffs','Iowa',58268,37.39999999999999858);
INSERT INTO city VALUES(449,'Carlsbad','California',78247,37.39999999999999858);
INSERT INTO city VALUES(450,'Rancho Cucamonga','California',127743,37.39999999999999858);
INSERT INTO city VALUES(451,'Worcester','Massachusetts',172648,37.60000000000000142);
INSERT INTO city VALUES(452,'Stamford','Connecticut',117083,37.70000000000000285);
INSERT INTO city VALUES(453,'Fairfield','California',96178,37.70000000000000285);
INSERT INTO city VALUES(454,'Fargo','North Dakota',90599,37.89999999999999858);
INSERT INTO city VALUES(455,'Roswell','Georgia',79334,38.0);
INSERT INTO city VALUES(456,'Biloxi','Mississippi',50644,38.0);
INSERT INTO city VALUES(457,'Joliet','Illinois',106221,38.10000000000000142);
INSERT INTO city VALUES(458,'Aurora IL','Illinois',142990,38.5);
INSERT INTO city VALUES(459,'South Bend','Indiana',107789,38.70000000000000285);
INSERT INTO city VALUES(460,'Murfreesboro','Tennessee',68816,39.0);
INSERT INTO city VALUES(461,'Simi Valley','California',111351,39.20000000000000285);
INSERT INTO city VALUES(462,'Johnson City','Tennessee',55469,39.29999999999999715);
INSERT INTO city VALUES(463,'Provo','Utah',105166,39.60000000000000142);
INSERT INTO city VALUES(464,'Rochester','Minnesota',85806,39.60000000000000142);
INSERT INTO city VALUES(465,'Anderson','Indiana',59734,40.0);
INSERT INTO city VALUES(466,'Santa Rosa','California',147595,40.10000000000000142);
INSERT INTO city VALUES(467,'Tempe','Arizona',158625,40.10000000000000142);
INSERT INTO city VALUES(468,'Lake Charles','Louisiana',71757,40.20000000000000285);
INSERT INTO city VALUES(469,'College Station','Texas',67890,40.29999999999999715);
INSERT INTO city VALUES(470,'Eugene','Oregon',137893,40.5);
INSERT INTO city VALUES(471,'Oceanside','California',161029,40.60000000000000142);
INSERT INTO city VALUES(472,'Buffalo','New York',292648,40.60000000000000142);
INSERT INTO city VALUES(473,'Evansville','Indiana',121582,40.70000000000000285);
INSERT INTO city VALUES(474,'Bossier City','Louisiana',56461,40.79999999999999715);
INSERT INTO city VALUES(475,'Asheville','North Carolina',68889,40.89999999999999858);
INSERT INTO city VALUES(476,'Flower Mound','Texas',50702,40.89999999999999858);
INSERT INTO city VALUES(477,'Wilmington','North Carolina',75838,41.0);
INSERT INTO city VALUES(478,'Decatur','Illinois',81860,41.60000000000000142);
INSERT INTO city VALUES(479,'Lakewood','Colorado',144126,41.60000000000000142);
INSERT INTO city VALUES(480,'Cary','North Carolina',94536,42.10000000000000142);
INSERT INTO city VALUES(481,'Danbury','Connecticut',74848,42.10000000000000142);
INSERT INTO city VALUES(482,'Battle Creek','Michigan',53364,42.79999999999999715);
INSERT INTO city VALUES(483,'Vancouver','Washington',143560,42.79999999999999715);
INSERT INTO city VALUES(484,'Roanoke','Virginia',94911,42.89999999999999858);
INSERT INTO city VALUES(485,'Gilbert','Arizona',109697,43.0);
INSERT INTO city VALUES(486,'Hoover','Alabama',62742,43.10000000000000142);
INSERT INTO city VALUES(487,'Bryan','Texas',65660,43.29999999999999715);
INSERT INTO city VALUES(488,'Fayetteville','Arkansas',58047,43.39999999999999858);
INSERT INTO city VALUES(489,'Mesquite','Texas',124523,43.39999999999999858);
INSERT INTO city VALUES(490,'St. Joseph','Missouri',73990,43.79999999999999715);
INSERT INTO city VALUES(491,'Green Bay','Wisconsin',102313,43.89999999999999858);
INSERT INTO city VALUES(492,'Pasadena','Texas',141674,44.20000000000000285);
INSERT INTO city VALUES(493,'Hayward','California',140030,44.29999999999999715);
INSERT INTO city VALUES(494,'Peoria','Illinois',112936,44.39999999999999858);
INSERT INTO city VALUES(495,'Jacksonville','North Carolina',66715,44.5);
INSERT INTO city VALUES(496,'Rapid City','South Dakota',59607,44.60000000000000142);
INSERT INTO city VALUES(497,'Grand Rapids','Michigan',197800,44.60000000000000142);
INSERT INTO city VALUES(498,'North Little Rock','Arkansas',60433,44.79999999999999715);
INSERT INTO city VALUES(499,'Chino Hills','California',66787,44.79999999999999715);
INSERT INTO city VALUES(500,'Broken Arrow','Oklahoma',74859,45.0);
INSERT INTO city VALUES(501,'Pueblo','Colorado',102121,45.10000000000000142);
INSERT INTO city VALUES(502,'Pine Bluff','Arkansas',55085,45.60000000000000142);
INSERT INTO city VALUES(503,'Salem','Oregon',136924,45.70000000000000285);
INSERT INTO city VALUES(504,'Lakeland','Florida',78452,45.79999999999999715);
INSERT INTO city VALUES(505,'McAllen','Texas',106414,46.0);
INSERT INTO city VALUES(506,'Gastonia','North Carolina',66277,46.10000000000000142);
INSERT INTO city VALUES(507,'Galveston','Texas',57247,46.20000000000000284);
INSERT INTO city VALUES(508,'Irvine','California',143072,46.20000000000000284);
INSERT INTO city VALUES(509,'Fort Collins','Colorado',118652,46.5);
INSERT INTO city VALUES(510,'Taunton','Massachusetts',55976,46.60000000000000142);
INSERT INTO city VALUES(511,'San Francisco','California',776733,46.70000000000000284);
INSERT INTO city VALUES(512,'Lafayette','Louisiana',110257,47.60000000000000142);
INSERT INTO city VALUES(513,'Santa Clarita','California',151088,47.79999999999999716);
INSERT INTO city VALUES(514,'Gainesville','Florida',95447,48.20000000000000284);
INSERT INTO city VALUES(515,'Boston','Massachusetts',589141,48.39999999999999858);
INSERT INTO city VALUES(516,'Anaheim','California',328014,48.89999999999999858);
INSERT INTO city VALUES(517,'Chulasta','California',173556,48.89999999999999858);
INSERT INTO city VALUES(518,'High Point','North Carolina',85839,49.10000000000000142);
INSERT INTO city VALUES(519,'Tyler','Texas',83650,49.29999999999999716);
INSERT INTO city VALUES(520,'Lynchburg','Virginia',65269,49.39999999999999858);
INSERT INTO city VALUES(521,'Jackson','Tennessee',59643,49.5);
INSERT INTO city VALUES(522,'Ontario','California',158007,49.79999999999999716);
INSERT INTO city VALUES(523,'Tacoma','Washington',193556,50.10000000000000142);
INSERT INTO city VALUES(524,'Gary','Indiana',102746,50.20000000000000284);
INSERT INTO city VALUES(525,'Long Beach','California',461522,50.39999999999999858);
INSERT INTO city VALUES(526,'Fort Smith','Arkansas',80268,50.39999999999999858);
INSERT INTO city VALUES(527,'Moreno Valley','California',142381,51.20000000000000284);
INSERT INTO city VALUES(528,'Concord','North Carolina',55977,51.60000000000000142);
INSERT INTO city VALUES(529,'Hampton','Virginia',146437,51.79999999999999716);
INSERT INTO city VALUES(530,'Las Cruces','New Mexico',74267,52.10000000000000142);
INSERT INTO city VALUES(531,'St. Paul','Minnesota',287151,52.79999999999999716);
INSERT INTO city VALUES(532,'Columbia','Missouri',84531,53.10000000000000142);
INSERT INTO city VALUES(533,'Decatur','Alabama',53929,53.39999999999999858);
INSERT INTO city VALUES(534,'Norfolk','Virginia',234403,53.70000000000000284);
INSERT INTO city VALUES(535,'Springfield','Illinois',111454,54.0);
INSERT INTO city VALUES(536,'Olathe','Kansas',92962,54.20000000000000284);
INSERT INTO city VALUES(537,'Stockton','California',243771,54.70000000000000284);
INSERT INTO city VALUES(538,'Longview','Texas',73344,54.70000000000000284);
INSERT INTO city VALUES(539,'Sioux City','Iowa',85013,54.79999999999999716);
INSERT INTO city VALUES(540,'Minneapolis','Minnesota',382618,54.89999999999999858);
INSERT INTO city VALUES(541,'Thousand Oaks','California',117005,54.89999999999999858);
INSERT INTO city VALUES(542,'West Palm Beach','Florida',82103,55.10000000000000142);
INSERT INTO city VALUES(543,'Albany','Georgia',76939,55.5);
INSERT INTO city VALUES(544,'Pittsburgh','Pennsylvania',334563,55.60000000000000142);
INSERT INTO city VALUES(545,'Glendale','Arizona',218812,55.70000000000000284);
INSERT INTO city VALUES(546,'Dayton','Ohio',166179,55.79999999999999716);
INSERT INTO city VALUES(547,'Macon','Georgia',97255,55.79999999999999716);
INSERT INTO city VALUES(548,'San Angelo','Texas',88439,55.89999999999999858);
INSERT INTO city VALUES(549,'Topeka','Kansas',122377,56.0);
INSERT INTO city VALUES(550,'Rockford','Illinois',150115,56.0);
INSERT INTO city VALUES(551,'Oakland','California',399484,56.10000000000000142);
INSERT INTO city VALUES(552,'Tuscaloosa','Alabama',77906,56.20000000000000284);
INSERT INTO city VALUES(553,'Sioux Falls','South Dakota',123975,56.29999999999999716);
INSERT INTO city VALUES(554,'Overland Park','Kansas',149080,56.79999999999999716);
INSERT INTO city VALUES(555,'Gulfport','Mississippi',71127,56.89999999999999858);
INSERT INTO city VALUES(556,'Garland','Texas',215768,57.10000000000000142);
INSERT INTO city VALUES(557,'Spokane','Washington',195629,57.79999999999999716);
INSERT INTO city VALUES(558,'Chandler','Arizona',176581,57.89999999999999858);
INSERT INTO city VALUES(559,'McKinney','Texas',54369,58.0);
INSERT INTO city VALUES(560,'Redding','California',80865,58.39999999999999858);
INSERT INTO city VALUES(561,'North Charleston','South Carolina',79641,58.5);
INSERT INTO city VALUES(562,'Daytona Beach','Florida',64112,58.70000000000000284);
INSERT INTO city VALUES(563,'San Bernardino','California',185401,58.79999999999999716);
INSERT INTO city VALUES(564,'Fayetteville','North Carolina',121015,58.79999999999999716);
INSERT INTO city VALUES(565,'Lee''s Summit','Missouri',70700,59.5);
INSERT INTO city VALUES(566,'St. Petersburg','Florida',248232,59.60000000000000142);
INSERT INTO city VALUES(567,'Richmond','Virginia',197790,60.10000000000000142);
INSERT INTO city VALUES(568,'Waterloo','Iowa',68747,60.70000000000000284);
INSERT INTO city VALUES(569,'Washington','DC',572059,61.39999999999999858);
INSERT INTO city VALUES(570,'Denton','Texas',80537,61.5);
INSERT INTO city VALUES(571,'St. Louis','Missouri',348189,61.89999999999999858);
INSERT INTO city VALUES(572,'Louisville','Kentucky',256231,62.10000000000000142);
INSERT INTO city VALUES(573,'Akron','Ohio',217074,62.10000000000000142);
INSERT INTO city VALUES(574,'Davenport','Iowa',98359,62.79999999999999716);
INSERT INTO city VALUES(575,'Cedar Rapids','Iowa',120758,63.10000000000000142);
INSERT INTO city VALUES(576,'Palm Bay','Florida',79413,63.60000000000000142);
INSERT INTO city VALUES(577,'Flagstaff','Arizona',52894,63.60000000000000142);
INSERT INTO city VALUES(578,'Boise City','Idaho',185787,63.79999999999999716);
INSERT INTO city VALUES(579,'Temple','Texas',54514,65.40000000000000569);
INSERT INTO city VALUES(580,'Midland','Texas',94996,66.59999999999999431);
INSERT INTO city VALUES(581,'Irving','Texas',191615,67.20000000000000284);
INSERT INTO city VALUES(582,'Hesperia','California',62582,67.40000000000000569);
INSERT INTO city VALUES(583,'Duluth','Minnesota',86918,68.0);
INSERT INTO city VALUES(584,'Newport News','Virginia',180150,68.29999999999999716);
INSERT INTO city VALUES(585,'Madison','Wisconsin',208054,68.70000000000000284);
INSERT INTO city VALUES(586,'Vineland','New Jersey',56271,68.70000000000000284);
INSERT INTO city VALUES(587,'Reno','Nevada',180480,69.09999999999999431);
INSERT INTO city VALUES(588,'Wichita Falls','Texas',104197,70.70000000000000284);
INSERT INTO city VALUES(589,'Grand Prairie','Texas',127427,71.40000000000000569);
INSERT INTO city VALUES(590,'Plano','Texas',222030,71.59999999999999431);
INSERT INTO city VALUES(591,'Victorville','California',64029,72.79999999999999716);
INSERT INTO city VALUES(592,'Springfield','Missouri',151580,73.20000000000000284);
INSERT INTO city VALUES(593,'Apple Valley','California',54239,73.29999999999999716);
INSERT INTO city VALUES(594,'Rio Rancho','New Mexico',51765,73.40000000000000569);
INSERT INTO city VALUES(595,'Lincoln','Nebraska',225581,74.59999999999999431);
INSERT INTO city VALUES(596,'Savannah','Georgia',131510,74.70000000000000284);
INSERT INTO city VALUES(597,'Lawton','Oklahoma',92757,75.09999999999999431);
INSERT INTO city VALUES(598,'Port St. Lucie','Florida',88769,75.5);
INSERT INTO city VALUES(599,'Des Moines','Iowa',198682,75.79999999999999716);
INSERT INTO city VALUES(600,'Fremont','California',203413,76.70000000000000284);
INSERT INTO city VALUES(601,'Baton Rouge','Louisiana',227818,76.79999999999999716);
INSERT INTO city VALUES(602,'Cleveland','Ohio',478403,77.59999999999999431);
INSERT INTO city VALUES(603,'Cincinnati','Ohio',331285,78.0);
INSERT INTO city VALUES(604,'Riverside','California',255166,78.09999999999999431);
INSERT INTO city VALUES(605,'Independence','Missouri',113288,78.29999999999999716);
INSERT INTO city VALUES(606,'North Las Vegas','Nevada',115488,78.5);
INSERT INTO city VALUES(607,'Laredo','Texas',176576,78.5);
INSERT INTO city VALUES(608,'Fort Wayne','Indiana',205727,79.0);
INSERT INTO city VALUES(609,'Jonesboro','Arkansas',55515,79.59999999999999431);
INSERT INTO city VALUES(610,'Henderson','Nevada',175381,79.70000000000000284);
INSERT INTO city VALUES(611,'Brownsville','Texas',139722,80.40000000000000569);
INSERT INTO city VALUES(612,'Toledo','Ohio',313619,80.59999999999999431);
INSERT INTO city VALUES(613,'Baltimore','Maryland',651154,80.79999999999999716);
INSERT INTO city VALUES(614,'Port Arthur','Texas',57755,82.90000000000000569);
INSERT INTO city VALUES(615,'Seattle','Washington',563374,83.90000000000000569);
INSERT INTO city VALUES(616,'Waco','Texas',113726,84.20000000000000284);
INSERT INTO city VALUES(617,'Beaumont','Texas',113866,85.0);
INSERT INTO city VALUES(618,'Edmond','Oklahoma',68315,85.09999999999999431);
INSERT INTO city VALUES(619,'Dothan','Alabama',57737,86.59999999999999431);
INSERT INTO city VALUES(620,'Amarillo','Texas',173627,89.90000000000000569);
INSERT INTO city VALUES(621,'Knoxville','Tennessee',173890,92.7000000000000028);
INSERT INTO city VALUES(622,'Orlando','Florida',185951,93.5);
INSERT INTO city VALUES(623,'Lancaster','California',118718,94.0);
INSERT INTO city VALUES(624,'Durham','North Carolina',187035,94.5999999999999944);
INSERT INTO city VALUES(625,'Clarksville','Tennessee',103455,94.9000000000000056);
INSERT INTO city VALUES(626,'Tallahassee','Florida',150624,95.7000000000000028);
INSERT INTO city VALUES(627,'Arlington','Texas',332969,95.7999999999999972);
INSERT INTO city VALUES(628,'Milwaukee','Wisconsin',596974,96.0999999999999944);
INSERT INTO city VALUES(629,'Charleston','South Carolina',96650,97.0);
INSERT INTO city VALUES(630,'Sacramento','California',407018,97.2000000000000028);
INSERT INTO city VALUES(631,'Shreveport','Louisiana',200145,103.0999999999999944);
INSERT INTO city VALUES(632,'Fresno','California',427652,104.4000000000000056);
INSERT INTO city VALUES(633,'Greensboro','North Carolina',223891,104.7000000000000028);
INSERT INTO city VALUES(634,'Jackson','Mississippi',184256,104.9000000000000056);
INSERT INTO city VALUES(635,'Palmdale','California',116670,105.0);
INSERT INTO city VALUES(636,'Abilene','Texas',115930,105.0999999999999944);
INSERT INTO city VALUES(637,'Cape Coral','Florida',102286,105.2000000000000028);
INSERT INTO city VALUES(638,'Yuma','Arizona',77515,106.7000000000000028);
INSERT INTO city VALUES(639,'Winston-Salem','North Carolina',185776,108.9000000000000056);
INSERT INTO city VALUES(640,'Salt Lake City','Utah',181743,109.0999999999999944);
INSERT INTO city VALUES(641,'Tampa','Florida',303447,112.0999999999999944);
INSERT INTO city VALUES(642,'Bakersfield','California',247057,113.0999999999999944);
INSERT INTO city VALUES(643,'Las Vegas','Nevada',478434,113.2999999999999972);
INSERT INTO city VALUES(644,'Raleigh','North Carolina',276093,114.5999999999999944);
INSERT INTO city VALUES(645,'Lubbock','Texas',199564,114.7999999999999972);
INSERT INTO city VALUES(646,'Omaha','Nebraska',390007,115.7000000000000028);
INSERT INTO city VALUES(647,'Little Rock','Arkansas',183133,116.2000000000000028);
INSERT INTO city VALUES(648,'Athens','Georgia',100266,117.7999999999999972);
INSERT INTO city VALUES(649,'Mobile','Alabama',198915,117.9000000000000056);
INSERT INTO city VALUES(650,'Kansas City','Kansas',146866,124.2999999999999972);
INSERT INTO city VALUES(651,'Mesa','Arizona',396375,125.0);
INSERT INTO city VALUES(652,'Columbia','South Carolina',116278,125.2000000000000028);
INSERT INTO city VALUES(653,'Atlanta','Georgia',416474,131.8000000000000113);
INSERT INTO city VALUES(654,'Portland','Oregon',529121,134.3000000000000113);
INSERT INTO city VALUES(655,'Philadelphia','Pennsylvania',1517550,135.0999999999999944);
INSERT INTO city VALUES(656,'Chattanooga','Tennessee',155554,135.1999999999999887);
INSERT INTO city VALUES(657,'Wichita','Kansas',344284,135.8000000000000113);
INSERT INTO city VALUES(658,'Peoria','Arizona',108364,138.1999999999999887);
INSERT INTO city VALUES(659,'Detroit','Michigan',951270,138.8000000000000113);
INSERT INTO city VALUES(660,'Aurora CO','Colorado',276393,142.5);
INSERT INTO city VALUES(661,'Carson','Nevada',52457,143.4000000000000056);
INSERT INTO city VALUES(662,'Birmingham','Alabama',242820,149.9000000000000056);
INSERT INTO city VALUES(663,'Denver','Colorado',554636,153.4000000000000056);
INSERT INTO city VALUES(664,'Corpus Christi','Texas',277454,154.5999999999999944);
INSERT INTO city VALUES(665,'Montgomery','Alabama',201568,155.4000000000000056);
INSERT INTO city VALUES(666,'Huntsville','Alabama',158216,174.0999999999999944);
INSERT INTO city VALUES(667,'San Jose','California',894943,174.9000000000000056);
INSERT INTO city VALUES(668,'Norman','Oklahoma',95694,177.0);
INSERT INTO city VALUES(669,'New Orleans','Louisiana',484674,180.5999999999999944);
INSERT INTO city VALUES(670,'Albuquerque','New Mexico',448607,180.6999999999999887);
INSERT INTO city VALUES(671,'Tulsa','Oklahoma',393049,182.6999999999999887);
INSERT INTO city VALUES(672,'Scottsdale','Arizona',202705,184.1999999999999887);
INSERT INTO city VALUES(673,'Colorado Springs','Colorado',360890,185.8000000000000113);
INSERT INTO city VALUES(674,'Tucson','Arizona',486699,194.6999999999999887);
INSERT INTO city VALUES(675,'Columbus','Ohio',711470,210.3000000000000113);
INSERT INTO city VALUES(676,'Columbus','Georgia',185781,216.0999999999999944);
INSERT INTO city VALUES(677,'Chicago','Illinois',2896016,227.0999999999999944);
INSERT INTO city VALUES(678,'Charlotte','North Carolina',540828,242.3000000000000113);
INSERT INTO city VALUES(679,'Virginia Beach','Virginia',425257,248.3000000000000113);
INSERT INTO city VALUES(680,'El Paso','Texas',563662,249.0999999999999944);
INSERT INTO city VALUES(681,'Austin','Texas',656562,251.5);
INSERT INTO city VALUES(682,'Memphis','Tennessee',650100,279.3000000000000113);
INSERT INTO city VALUES(683,'Lexington-Fa','Kentucky',260512,284.5);
INSERT INTO city VALUES(684,'Fort Worth','Texas',534694,292.6000000000000227);
INSERT INTO city VALUES(685,'Augusta','Georgia',195182,302.1000000000000227);
INSERT INTO city VALUES(686,'New York','New York',8008278,303.3000000000000113);
INSERT INTO city VALUES(687,'Kansas City','Missouri',441545,313.6000000000000227);
INSERT INTO city VALUES(688,'San Diego','California',1223400,324.3999999999999773);
INSERT INTO city VALUES(689,'Chesapeake','Virginia',199184,340.6999999999999887);
INSERT INTO city VALUES(690,'Dallas','Texas',1188580,342.6000000000000227);
INSERT INTO city VALUES(691,'Indianapolis','Indiana',781870,361.5);
INSERT INTO city VALUES(692,'Suffolk','Virginia',63677,400.0);
INSERT INTO city VALUES(693,'San Antonio','Texas',1144646,407.6000000000000227);
INSERT INTO city VALUES(694,'Los Angeles','California',3694820,469.1000000000000227);
INSERT INTO city VALUES(695,'Nashville','Tennessee',545524,473.3000000000000113);
INSERT INTO city VALUES(696,'Phoenix','Arizona',1321045,474.8999999999999773);
INSERT INTO city VALUES(697,'Houston','Texas',1953631,579.5);
INSERT INTO city VALUES(698,'Oklahoma City','Oklahoma',506132,607.0);
INSERT INTO city VALUES(699,'Jacksonville','Florida',735617,757.7000000000000454);
INSERT INTO city VALUES(700,'Anchorage','Alaska',260283,1697.299999999999955);
CREATE TABLE customer
(
    cust_id        INTEGER
            primary key,
    cust_name      TEXT,
    annual_revenue INTEGER,
    cust_type      TEXT,
    address        TEXT,
    city           TEXT,
    state          TEXT,
    zip            REAL,
    phone          TEXT
);
INSERT INTO customer VALUES(193,'Advanced Fabricators',39588651,'manufacturer','5141 Summit Boulevard','West Palm Beach','FL',33415.0,'(561) 683-3535');
INSERT INTO customer VALUES(304,'Pard''s Trailer Sales',17158109,'wholesaler','5910 South 300 West','Salt Lake City','UT',84107.0,'(801) 262-4864');
INSERT INTO customer VALUES(314,'Saar Enterprises, Inc.',47403613,'retailer','11687 192nd Street','Council Bluffs','IA',51503.0,'(712) 366-4929');
INSERT INTO customer VALUES(381,'Autoware Inc',5583961,'wholesaler','854 Southwest 12th Avenue','Pompano Beach','FL',33069.0,'(954) 738-4000');
INSERT INTO customer VALUES(493,'Harry''s Hot Rod Auto & Truck Accessories',11732302,'retailer','105 NW 13th St','Grand Prairie','TX',75050.0,'(972) 263-8080');
INSERT INTO customer VALUES(600,'S K L Enterprises Inc',33611123,'retailer','2701 East Luzerne Street','Philadelphia','PA',19137.0,'(215) 743-1000');
INSERT INTO customer VALUES(615,'All Professional Trailers',1350144,'wholesaler','10839 North Main Street','Jacksonville','FL',32218.0,'(904) 757-7171');
INSERT INTO customer VALUES(618,'Great Dane Trailers Inc',18681984,'wholesaler','5231 West Beaver Street','Jacksonville','FL',32254.0,'(904) 786-3300');
INSERT INTO customer VALUES(626,'Lee''s Hitch & Welding',1757510,'manufacturer','707 North USHighway 287','Fort Collins','CO',80524.0,'(970) 224-9618');
INSERT INTO customer VALUES(660,'Eppies Discount Tire & Auto Centers',39677758,'manufacturer','9409 Bustleton Avenue','Philadelphia','PA',19115.0,'(215) 464-8200');
INSERT INTO customer VALUES(721,'Southern Pride RV Specialist',46797354,'manufacturer','4526 Lenox Avenue','Jacksonville','FL',32205.0,'(904) 388-4055');
INSERT INTO customer VALUES(738,'U-haul Co.',8084350,'retailer','21576 Waalew Rd','Apple Valley','CA',92307.0,'(760) 240-1525');
INSERT INTO customer VALUES(770,'Universal Products & Service',18355451,'manufacturer','2333 West Industrial Park Drive','Bloomington','IN',47404.0,'(812) 339-6783');
INSERT INTO customer VALUES(896,'U-Haul CO - Moving Center, Clarksville',12921540,'retailer','712 Providence Boulevard','Clarksville','TN',37042.0,'(931) 647-8028');
INSERT INTO customer VALUES(931,'NW RV Supply',47554593,'manufacturer','86325 College View Road','Springfield','OR',97477.0,'(541) 746-9092');
INSERT INTO customer VALUES(954,'Capital Campers Inc',48352218,'manufacturer','16545 Florida Boulevard','Baton Rouge','LA',70819.0,'(225) 272-6997');
INSERT INTO customer VALUES(989,'Hesse Corporation',15974428,'manufacturer','6700 Saint John Avenue','Kansas City','MO',64123.0,'(816) 483-7808');
INSERT INTO customer VALUES(1055,'U-Haul CO - Moving Centers, Minneapolis',6008248,'retailer','3545 Nicollet Avenue','Minneapolis','MN',55408.0,'(612) 822-2141');
INSERT INTO customer VALUES(1092,'Ziebart',15608160,'manufacturer','2440 West 3rd Street','Bloomington','IN',47404.0,'(812) 336-7878');
INSERT INTO customer VALUES(1265,'Rush Peterbilt Truck Center-San Antonio',7896875,'retailer','8810 Ih 10 East','San Antonio','TX',78219.0,'(210) 661-4511');
INSERT INTO customer VALUES(1290,'Vm & E Inc',47351986,'retailer','4196 Farm Road','West Jordan','UT',84088.0,'(801) 280-6424');
INSERT INTO customer VALUES(1381,'Bazzell''s Truck & Camper',1484267,'manufacturer','507 North Eastern Boulevard','Montgomery','AL',36117.0,'(334) 260-5554');
INSERT INTO customer VALUES(1391,'Alec''s Truck Accessories',23575549,'retailer','1030 Northwest 107th Avenue','Plantation','FL',33322.0,'(954) 236-2888');
INSERT INTO customer VALUES(1492,'Alert Muffler & Brake Service',25288357,'manufacturer','1505 South Solano Drive','Las Cruces','NM',88001.0,'(505) 522-5150');
INSERT INTO customer VALUES(1575,'Adventure America RV',43910648,'wholesaler','1064 El Camino Avenue','Sacramento','CA',95815.0,'(916) 567-1009');
INSERT INTO customer VALUES(1591,'Klett & Sons Repair',21972575,'manufacturer','1505 South Bluff Road','Montebello','CA',90640.0,'(323) 720-1333');
INSERT INTO customer VALUES(1592,'R V City',47438611,'wholesaler','3418 Highway 65 South','Pine Bluff','AR',71601.0,'(870) 536-2353');
INSERT INTO customer VALUES(1669,'Manning Equipment Inc',46790281,'wholesaler','12000 Westport Road','Louisville','KY',40245.0,'(502) 426-5210');
INSERT INTO customer VALUES(1685,'Mccolloch''s RV Repair',5225478,'wholesaler','2420 Harvard Street','Sacramento','CA',95815.0,'(916) 929-3510');
INSERT INTO customer VALUES(1724,'Rhino Linings Boardman',48218356,'retailer','7880 Market Street','Youngstown','OH',44512.0,'(330) 965-7360');
INSERT INTO customer VALUES(1769,'Spillar Custom Hitches Inc',3512039,'wholesaler','16602 North Ih 35','Round Rock','TX',78681.0,'(512) 244-2224');
INSERT INTO customer VALUES(1775,'Marlin Ingram RV Center',20708420,'wholesaler','4504 Troy Highway','Montgomery','AL',36116.0,'(334) 288-0331');
INSERT INTO customer VALUES(1849,'Star Equipment Limited',44484987,'manufacturer','1401 2nd Avenue','Des Moines','IA',50314.0,'(515) 283-2215');
INSERT INTO customer VALUES(1908,'Scherer Truck Equipment Inc',34084377,'manufacturer','6105 Northwest River Park Drive','Riverside','MO',64150.0,'(816) 587-0190');
INSERT INTO customer VALUES(2001,'So Cal Trailer Repair Inc',45173186,'wholesaler','9263 Orco Parkway Suite E','Riverside','CA',92509.0,'(951) 361-4968');
INSERT INTO customer VALUES(2131,'Knox Trailers Inc',1366274,'manufacturer','2600 Middlebrook Pike','Knoxville','TN',37921.0,'(865) 523-1115');
INSERT INTO customer VALUES(2181,'Superior Trailer Sales CO',11993783,'manufacturer','501 USHighway 80 East','Sunnyvale','TX',75182.0,'(972) 226-3893');
INSERT INTO customer VALUES(2215,'Commercial Van Interiors',31174535,'retailer','7817 Wilkerson Court','San Diego','CA',92111.0,'(858) 278-7477');
INSERT INTO customer VALUES(2265,'Midas Auto Service Experts',3825314,'manufacturer','1225 North Broadway','Rochester','MN',55906.0,'(507) 282-4414');
INSERT INTO customer VALUES(2281,'Parkway Distributors',9504802,'retailer','2023 Exchange Drive','Arlington','TX',76011.0,'(817) 860-1677');
INSERT INTO customer VALUES(2298,'Fellhoelter Enterprises',41220184,'retailer','7828 Rutledge Pike','Knoxville','TN',37924.0,'(865) 673-8000');
INSERT INTO customer VALUES(2306,'Alamo Welding & Steel Company',27645822,'manufacturer','1318 Karnes Avenue','Knoxville','TN',37917.0,'(865) 689-8096');
INSERT INTO customer VALUES(2348,'HYD Products',44628630,'manufacturer','3601 Calle Tecate','Camarillo','CA',93011.0,'(805) 482-9111');
INSERT INTO customer VALUES(2388,'RV Specialists Inc',39448581,'retailer','7052 Carroll Road','San Diego','CA',92121.0,'(858) 455-0951');
INSERT INTO customer VALUES(2420,'Sunguard Window Tinting & Truck Accessories',33002361,'retailer','138 Banks Avenue','Lafayette','LA',70506.0,'(337) 234-7872');
INSERT INTO customer VALUES(2421,'A Plus Surface Coatings Inc',48148599,'wholesaler','1630 Velp Avenue','Green Bay','WI',54303.0,'(920) 497-0880');
INSERT INTO customer VALUES(2427,'Ziebart',44006667,'manufacturer','6754 Pearl Road','Cleveland','OH',44130.0,'(440) 845-6031');
INSERT INTO customer VALUES(2429,'A-Better Truck Cap & Hitch',20343876,'manufacturer','5340 Pearl Road','Cleveland','OH',44129.0,'(440) 885-7100');
INSERT INTO customer VALUES(2434,'Olympic Camper Sales Inc',47601002,'retailer','5279 Ridge Road','Cleveland','OH',44129.0,'(216) 749-3384');
INSERT INTO customer VALUES(2483,'I P D CO',9224321,'retailer','11744 Northeast Ainsworth Circle','Portland','OR',97220.0,'(503) 257-7500');
INSERT INTO customer VALUES(2496,'A Rack Attack-Car Rack & Hitch Center',47547764,'wholesaler','1737 Southwest Morrison Street','Portland','OR',97205.0,'(503) 226-7300');
INSERT INTO customer VALUES(2503,'Pacific Service Center Inc',5210072,'retailer','4030 Northeast Buffalo Street','Portland','OR',97211.0,'(503) 282-4607');
INSERT INTO customer VALUES(2546,'Gear Vendors Inc',35390253,'retailer','1717 North Magnolia Avenue','El Cajon','CA',92020.0,'(619) 562-0060');
INSERT INTO customer VALUES(2593,'Double W Trailer Sales Inc',8370242,'manufacturer','2401 West Broadway Street','Missoula','MT',59808.0,'(406) 327-1537');
INSERT INTO customer VALUES(2617,'Whitakers',10686043,'retailer','1960 East Fremont Street','Stockton','CA',95205.0,'(209) 464-3278');
INSERT INTO customer VALUES(2624,'Ayres Inc',10379666,'manufacturer','1255 Interstate 10 South','Beaumont','TX',77701.0,'(409) 833-3381');
INSERT INTO customer VALUES(2625,'Kirby''s Hitch & Wiring',4376177,'retailer','234 North Lincoln Avenue','Loveland','CO',80537.0,'(970) 663-3398');
INSERT INTO customer VALUES(2634,'U-Haul CO - Moving Centers, Sarasota',21732059,'retailer','4861 South Tamiami Trail','Sarasota','FL',34231.0,'(941) 921-6605');
INSERT INTO customer VALUES(2649,'Semi Trailer Sales & Leasing',12344760,'manufacturer','4009 East Divide Avenue','Bismarck','ND',58501.0,'(701) 355-1000');
INSERT INTO customer VALUES(2799,'Hawkins Trailer & Equipment CO',46957859,'wholesaler','108 South Polk Street','Amarillo','TX',79101.0,'(806) 372-3949');
INSERT INTO customer VALUES(2861,'Range R V Center',20163240,'manufacturer','11626 Mariposa Road','Hesperia','CA',92345.0,'(760) 949-4090');
INSERT INTO customer VALUES(2906,'Shealy Mack Leasing',23512327,'retailer','802 Rosewood Drive','Columbia','SC',29201.0,'(803) 771-0176');
INSERT INTO customer VALUES(3023,'Mid Town Rent-A-Car',44876186,'manufacturer','1128 Main Street','Longmont','CO',80501.0,'(303) 651-9994');
INSERT INTO customer VALUES(3073,'U-haul Center Of N Syracuse',5674948,'retailer','5967 E Taft Rd','Syracuse','NY',13212.0,'(315) 458-3992');
INSERT INTO customer VALUES(3123,'Digatron',28347456,'manufacturer','8102 North Freya Street Suite 1','Spokane','WA',99217.0,'(509) 467-3128');
INSERT INTO customer VALUES(3161,'Tmp Truck & Trailer Lp',16435850,'manufacturer','2700 South Rankin Highway 349','Midland','TX',79706.0,'(432) 620-9777');
INSERT INTO customer VALUES(3174,'City Wash Corp',31764076,'retailer','11435 South Wentworth Avenue','Chicago','IL',60628.0,'(773) 821-7430');
INSERT INTO customer VALUES(3203,'Classic Truck',43783834,'manufacturer','434 McGill Avenue Northwest','Concord','NC',28027.0,'(704) 723-9319');
INSERT INTO customer VALUES(3288,'Astro City Trailors',10673376,'wholesaler','4530 North Shepherd Drive','Houston','TX',77018.0,'(713) 695-1677');
INSERT INTO customer VALUES(3320,'Danco Trailers Inc',45200150,'retailer','18631 West Bradbury Road','Turlock','CA',95380.0,'(209) 634-7223');
INSERT INTO customer VALUES(3346,'Lyn Trucking',30966738,'retailer','3816 S Winchester Avenue','Chicago','IL',60609.0,'(773) 254-6778');
INSERT INTO customer VALUES(3354,'Sunbelt Transport Refrigeration',18839770,'retailer','880 West Landstreet Road','Orlando','FL',32824.0,'(407) 812-4844');
INSERT INTO customer VALUES(3360,'Trailer & RV Parts Warehouse',44049978,'manufacturer','2790 Crater Lake Highway','Medford','OR',97504.0,'(541) 770-5922');
INSERT INTO customer VALUES(3375,'Line X',41123281,'retailer','5504 South Cedar Street','Lansing','MI',48911.0,'(517) 394-1222');
INSERT INTO customer VALUES(3430,'Dahlberg Motors Inc',27512249,'retailer','3255 South 10th Street','Lincoln','NE',68502.0,'(402) 423-8220');
INSERT INTO customer VALUES(3447,'Sennett Semi-Trailer Inc',46538609,'manufacturer','14193 Valley Boulevard','Fontana','CA',92335.0,'(909) 428-8450');
INSERT INTO customer VALUES(3537,'Interstate Transmission Factory',10742746,'manufacturer','1738 East Thomas Road','Phoenix','AZ',85016.0,'(602) 277-5523');
INSERT INTO customer VALUES(3613,'Double Delight Incorporated',1626192,'manufacturer','52807 County Road 7','Elkhart','IN',46514.0,'(574) 264-3097');
INSERT INTO customer VALUES(3622,'Ace Trailer & Equipment Co., Inc.',42930746,'retailer','1685 Florida Street','Memphis','TN',38109.0,'(901) 947-4191');
INSERT INTO customer VALUES(3660,'American Automotive Market',33071440,'wholesaler','344 Winthrop Street','Taunton','MA',2780.0,'(508) 823-0746');
INSERT INTO customer VALUES(3722,'AMA Truck Toppers Inc',20529688,'retailer','14th & Cornhusker','Lincoln','NE',68502.0,'(402) 475-8068');
INSERT INTO customer VALUES(3786,'Electropedic Beds',42253465,'retailer','907 Hollywood Way','Burbank','CA',91505.0,'(800) 727-1954');
INSERT INTO customer VALUES(3800,'Advanced Toys for Trucks',47827408,'manufacturer','12803 Highway 99','Everett','WA',98204.0,'(425) 355-5299');
INSERT INTO customer VALUES(3876,'U-haul Center Of Sw Detroit',39248071,'retailer','3175 S Fort St','Detroit','MI',48217.0,'(313) 382-2242');
INSERT INTO customer VALUES(4112,'East Manufacturing Corporation',979237,'wholesaler','3333 East Florida Avenue','Denver','CO',80210.0,'(303) 287-0736');
INSERT INTO customer VALUES(4145,'Les'' Service & Canopies',11882704,'manufacturer','4000 Franklin Boulevard','Eugene','OR',97403.0,'(541) 741-1303');
INSERT INTO customer VALUES(4154,'AAA Rentals Sales & Service',11901075,'manufacturer','400 North Tustin Street','Orange','CA',92867.0,'(714) 633-6626');
INSERT INTO customer VALUES(4308,'U-Haul CO - Moving Centers, Athens',42112714,'retailer','2900 Atlanta Highway','Athens','GA',30606.0,'(706) 548-8080');
INSERT INTO customer VALUES(4347,'Line-X of Metairie',33003657,'manufacturer','2715 Florida Avenue','Kenner','LA',70062.0,'(504) 463-3090');
INSERT INTO customer VALUES(4353,'Texas Wrecker Sales Inc.',1072169,'wholesaler','10611 New Church Rd','Dallas','TX',75238.0,'(214) 340-1200');
INSERT INTO customer VALUES(4368,'Ballew''s Hitch Truck & RV',40780745,'retailer','2940 South M Street','Tacoma','WA',98409.0,'(253) 770-2412');
INSERT INTO customer VALUES(4415,'Ron''s Hitch-N-Tow',46378060,'wholesaler','90054 Prairie Road','Eugene','OR',97402.0,'(541) 463-8469');
INSERT INTO customer VALUES(4421,'Cole Muffler Brake',24751643,'manufacturer','206 Central Avenue','Albany','NY',12206.0,'(518) 426-7679');
INSERT INTO customer VALUES(4426,'Kenner Welding Inc',47922545,'wholesaler','2230 Airline Drive','Kenner','LA',70062.0,'(504) 469-4748');
INSERT INTO customer VALUES(4469,'Southern Camper Sales LLC',11946695,'wholesaler','2743 Passage Road','Biloxi','MS',39531.0,'(228) 896-4742');
INSERT INTO customer VALUES(4513,'U-haul Center Of Cicero',26550475,'retailer','5027 W Cermak Rd','Cicero','IL',60804.0,'(708) 656-8890');
INSERT INTO customer VALUES(4561,'Squikee Clean Inc',30150941,'retailer','452 Bremen St','Boston','MA',2128.0,'(617) 567-7603');
INSERT INTO customer VALUES(4767,'Line X Spray-On Truck Bedliner & Truck Accessories',2081175,'manufacturer','4308 South Mingo Road','Tulsa','OK',74146.0,'(918) 641-5599');
INSERT INTO customer VALUES(4869,'Al''s RV Service & Supply',17244851,'wholesaler','11274 South Fortuna Road Suite U','Yuma','AZ',85367.0,'(928) 342-5816');
INSERT INTO customer VALUES(4955,'Gary''s Performance Ski-Doo',11696816,'manufacturer','112 East 400 South','Orem','UT',84058.0,'(801) 224-1153');
CREATE TABLE driver
(
    driver_id  INTEGER
            primary key,
    first_name TEXT,
    last_name  TEXT,
    address    TEXT,
    city       TEXT,
    state      TEXT,
    zip_code   INTEGER,
    phone      TEXT
);
INSERT INTO driver VALUES(20,'Sue','Newell','268 Richmond Ave','Memphis','TN',38106,'(901) 774-6569');
INSERT INTO driver VALUES(21,'Andrea','Simons','3574 Oak Limb Cv','Memphis','TN',38135,'(901) 384-0984');
INSERT INTO driver VALUES(22,'Roger','McHaney','1839 S Orleans St','Memphis','TN',38106,'(901) 948-1043');
INSERT INTO driver VALUES(23,'Zachery','Hicks','3649 Park Lake Dr','Memphis','TN',38118,'(901) 362-6674');
INSERT INTO driver VALUES(24,'Adel','Al-Alawi','749 E Mckellar Ave','Memphis','TN',38106,'(901) 947-4433');
INSERT INTO driver VALUES(25,'Leszek','Kieltyka','4089 Persimmon View Cv','Memphis','TN',38135,'(901) 386-9194');
INSERT INTO driver VALUES(26,'Alina','Chircu','842 E Trigg Ave','Memphis','TN',38106,'(901) 948-0108');
INSERT INTO driver VALUES(27,'Holger','Nohr','572 Delta Rd','Memphis','TN',38109,'(901) 789-7564');
INSERT INTO driver VALUES(28,'Gale','Oneal','1000 Rayner St','Memphis','TN',38114,'(901) 726-6205');
INSERT INTO driver VALUES(29,'Kristie','Sims','2877 Laredo St','Memphis','TN',38127,'(901) 534-4388');
INSERT INTO driver VALUES(30,'Maria','Craft','3522 Mimosa Ave','Memphis','TN',38111,'(901) 323-0258');
CREATE TABLE truck
(
    truck_id   INTEGER
            primary key,
    make       TEXT,
    model_year INTEGER
);
INSERT INTO truck VALUES(1,'Peterbilt',2005);
INSERT INTO truck VALUES(2,'Mack',2006);
INSERT INTO truck VALUES(3,'Peterbilt',2007);
INSERT INTO truck VALUES(4,'Kenworth',2007);
INSERT INTO truck VALUES(5,'Mack',2008);
INSERT INTO truck VALUES(6,'Peterbilt',2008);
INSERT INTO truck VALUES(7,'Kenworth',2008);
INSERT INTO truck VALUES(8,'Kenworth',2009);
INSERT INTO truck VALUES(9,'Mack',2009);
INSERT INTO truck VALUES(10,'Mack',2009);
INSERT INTO truck VALUES(11,'Peterbilt',2010);
INSERT INTO truck VALUES(12,'Mack',2010);
CREATE TABLE shipment
(
    ship_id   INTEGER
            primary key,
    cust_id   INTEGER,
    weight    REAL,
    truck_id  INTEGER,
    driver_id INTEGER,
    city_id   INTEGER,
    ship_date TEXT,
    foreign key (cust_id) references customer(cust_id),
    foreign key (city_id) references city(city_id),
    foreign key (driver_id) references driver(driver_id),
    foreign key (truck_id) references truck(truck_id)
);
INSERT INTO shipment VALUES(1000,3660,3528.0,1,23,137,'2016-01-08');
INSERT INTO shipment VALUES(1001,2001,11394.0,2,23,186,'2016-01-18');
INSERT INTO shipment VALUES(1002,1669,8712.0,3,27,268,'2016-01-19');
INSERT INTO shipment VALUES(1003,989,17154.0,4,23,365,'2016-01-24');
INSERT INTO shipment VALUES(1004,2298,9279.0,5,27,253,'2016-01-26');
INSERT INTO shipment VALUES(1005,2861,2151.0,6,23,319,'2016-01-30');
INSERT INTO shipment VALUES(1006,4767,8919.0,7,27,362,'2016-02-03');
INSERT INTO shipment VALUES(1007,2427,12267.0,8,27,484,'2016-02-08');
INSERT INTO shipment VALUES(1008,4955,5616.0,9,23,102,'2016-02-09');
INSERT INTO shipment VALUES(1009,2306,10620.0,10,23,509,'2016-02-14');
INSERT INTO shipment VALUES(1010,896,3474.0,11,27,510,'2016-02-16');
INSERT INTO shipment VALUES(1011,1685,2655.0,12,23,516,'2016-02-19');
INSERT INTO shipment VALUES(1012,615,5490.0,1,27,686,'2016-02-22');
INSERT INTO shipment VALUES(1013,1669,9279.0,2,23,103,'2016-02-26');
INSERT INTO shipment VALUES(1014,2427,5697.0,3,21,534,'2016-02-29');
INSERT INTO shipment VALUES(1015,1769,13536.0,4,27,537,'2016-02-29');
INSERT INTO shipment VALUES(1016,954,2259.0,5,23,686,'2016-03-02');
INSERT INTO shipment VALUES(1017,381,4608.0,6,23,302,'2016-03-07');
INSERT INTO shipment VALUES(1018,954,7407.0,7,27,644,'2016-03-07');
INSERT INTO shipment VALUES(1019,1849,13212.0,8,21,526,'2016-03-07');
INSERT INTO shipment VALUES(1020,3161,6570.0,9,24,138,'2016-03-10');
INSERT INTO shipment VALUES(1021,4426,10386.0,10,27,223,'2016-03-13');
INSERT INTO shipment VALUES(1022,2181,8370.0,11,21,440,'2016-03-15');
INSERT INTO shipment VALUES(1023,4353,1935.0,12,24,686,'2016-03-15');
INSERT INTO shipment VALUES(1024,381,17442.0,1,22,458,'2016-03-16');
INSERT INTO shipment VALUES(1025,3447,1944.0,2,23,400,'2016-03-17');
INSERT INTO shipment VALUES(1026,4368,15021.0,3,27,697,'2016-03-19');
INSERT INTO shipment VALUES(1027,4469,7758.0,4,30,112,'2016-03-22');
INSERT INTO shipment VALUES(1028,3800,1917.0,5,24,282,'2016-03-23');
INSERT INTO shipment VALUES(1029,1055,1818.0,6,21,505,'2016-03-23');
INSERT INTO shipment VALUES(1030,314,7668.0,7,22,671,'2016-03-26');
INSERT INTO shipment VALUES(1031,626,9126.0,8,23,101,'2016-03-27');
INSERT INTO shipment VALUES(1032,2799,7317.0,9,24,491,'2016-03-28');
INSERT INTO shipment VALUES(1033,3447,4896.0,10,27,173,'2016-03-28');
INSERT INTO shipment VALUES(1034,3174,4509.0,11,26,483,'2016-03-31');
INSERT INTO shipment VALUES(1035,3203,3015.0,12,30,114,'2016-04-01');
INSERT INTO shipment VALUES(1036,2429,3465.0,1,22,437,'2016-04-01');
INSERT INTO shipment VALUES(1037,4415,6525.0,2,21,469,'2016-04-02');
INSERT INTO shipment VALUES(1038,770,11178.0,3,27,622,'2016-04-04');
INSERT INTO shipment VALUES(1039,1391,14859.0,4,23,481,'2016-04-04');
INSERT INTO shipment VALUES(1040,4154,2142.0,5,24,230,'2016-04-05');
INSERT INTO shipment VALUES(1041,4308,8208.0,6,22,531,'2016-04-06');
INSERT INTO shipment VALUES(1042,2131,5400.0,7,30,663,'2016-04-07');
INSERT INTO shipment VALUES(1043,2624,6570.0,8,26,455,'2016-04-08');
INSERT INTO shipment VALUES(1044,2388,5445.0,9,21,501,'2016-04-09');
INSERT INTO shipment VALUES(1045,1908,2385.0,10,24,672,'2016-04-10');
INSERT INTO shipment VALUES(1046,3174,8325.0,11,23,258,'2016-04-10');
INSERT INTO shipment VALUES(1047,2634,15156.0,12,27,435,'2016-04-12');
INSERT INTO shipment VALUES(1048,304,15939.0,1,22,282,'2016-04-14');
INSERT INTO shipment VALUES(1049,2215,6480.0,2,30,681,'2016-04-15');
INSERT INTO shipment VALUES(1050,4347,5562.0,3,26,265,'2016-04-17');
INSERT INTO shipment VALUES(1051,4869,8964.0,4,21,226,'2016-04-17');
INSERT INTO shipment VALUES(1052,931,7929.0,5,27,459,'2016-04-18');
INSERT INTO shipment VALUES(1053,3346,2970.0,6,24,185,'2016-04-20');
INSERT INTO shipment VALUES(1054,721,15669.0,7,23,686,'2016-04-20');
INSERT INTO shipment VALUES(1055,3613,7335.0,8,22,239,'2016-04-21');
INSERT INTO shipment VALUES(1056,3288,7065.0,9,29,550,'2016-04-21');
INSERT INTO shipment VALUES(1057,2483,14553.0,10,30,510,'2016-04-23');
INSERT INTO shipment VALUES(1058,2496,5229.0,11,21,268,'2016-04-23');
INSERT INTO shipment VALUES(1059,2546,2070.0,12,24,522,'2016-04-25');
INSERT INTO shipment VALUES(1060,3722,918.0,1,26,546,'2016-04-25');
INSERT INTO shipment VALUES(1061,4767,2025.0,2,27,672,'2016-04-26');
INSERT INTO shipment VALUES(1062,1575,5508.0,3,23,554,'2016-04-27');
INSERT INTO shipment VALUES(1063,600,1836.0,4,22,597,'2016-04-28');
INSERT INTO shipment VALUES(1064,2593,8172.0,5,29,240,'2016-04-29');
INSERT INTO shipment VALUES(1065,3354,2160.0,6,24,427,'2016-04-30');
INSERT INTO shipment VALUES(1066,1591,7488.0,7,30,342,'2016-05-01');
INSERT INTO shipment VALUES(1067,3346,12267.0,8,21,341,'2016-05-03');
INSERT INTO shipment VALUES(1068,1775,16299.0,9,26,537,'2016-05-04');
INSERT INTO shipment VALUES(1069,3430,2196.0,10,22,346,'2016-05-04');
INSERT INTO shipment VALUES(1070,3537,14265.0,11,29,425,'2016-05-04');
INSERT INTO shipment VALUES(1071,770,3339.0,12,23,307,'2016-05-04');
INSERT INTO shipment VALUES(1072,3800,6219.0,1,27,616,'2016-05-04');
INSERT INTO shipment VALUES(1073,2617,7497.0,2,29,308,'2016-05-09');
INSERT INTO shipment VALUES(1074,3622,2061.0,3,24,669,'2016-05-09');
INSERT INTO shipment VALUES(1075,3073,1845.0,4,21,379,'2016-05-09');
INSERT INTO shipment VALUES(1076,4154,3006.0,5,27,480,'2016-05-10');
INSERT INTO shipment VALUES(1077,2434,8550.0,6,30,236,'2016-05-11');
INSERT INTO shipment VALUES(1078,3876,5400.0,7,26,449,'2016-05-12');
INSERT INTO shipment VALUES(1079,2421,5301.0,8,22,458,'2016-05-12');
INSERT INTO shipment VALUES(1080,615,5715.0,9,20,518,'2016-05-13');
INSERT INTO shipment VALUES(1081,626,15507.0,10,24,458,'2016-05-14');
INSERT INTO shipment VALUES(1082,2306,3969.0,11,23,435,'2016-05-14');
INSERT INTO shipment VALUES(1083,4112,5265.0,12,28,437,'2016-05-15');
INSERT INTO shipment VALUES(1084,3360,657.0,1,21,517,'2016-05-17');
INSERT INTO shipment VALUES(1085,2281,1899.0,2,30,686,'2016-05-18');
INSERT INTO shipment VALUES(1086,3786,13167.0,3,29,293,'2016-05-18');
INSERT INTO shipment VALUES(1087,2503,5697.0,4,20,220,'2016-05-19');
INSERT INTO shipment VALUES(1088,3023,5067.0,5,27,325,'2016-05-19');
INSERT INTO shipment VALUES(1089,2503,6489.0,6,23,438,'2016-05-19');
INSERT INTO shipment VALUES(1090,3375,16866.0,7,26,394,'2016-05-20');
INSERT INTO shipment VALUES(1091,2181,5499.0,8,24,259,'2016-05-22');
INSERT INTO shipment VALUES(1092,738,2799.0,9,22,520,'2016-05-22');
INSERT INTO shipment VALUES(1093,2306,16452.0,10,21,565,'2016-05-22');
INSERT INTO shipment VALUES(1094,2348,2160.0,11,23,500,'2016-05-24');
INSERT INTO shipment VALUES(1095,721,1152.0,12,26,673,'2016-05-25');
INSERT INTO shipment VALUES(1096,3073,7290.0,1,29,190,'2016-05-25');
INSERT INTO shipment VALUES(1097,2421,1035.0,2,28,515,'2016-05-25');
INSERT INTO shipment VALUES(1098,618,8694.0,3,30,184,'2016-05-26');
INSERT INTO shipment VALUES(1099,4145,10143.0,4,22,686,'2016-05-27');
INSERT INTO shipment VALUES(1100,1290,15156.0,5,20,461,'2016-05-27');
INSERT INTO shipment VALUES(1101,3023,14157.0,6,27,422,'2016-05-27');
INSERT INTO shipment VALUES(1102,1055,6921.0,7,24,597,'2016-05-29');
INSERT INTO shipment VALUES(1103,3786,4329.0,8,21,666,'2016-05-30');
INSERT INTO shipment VALUES(1104,2265,6345.0,9,23,531,'2016-05-31');
INSERT INTO shipment VALUES(1105,1492,10422.0,10,28,318,'2016-06-01');
INSERT INTO shipment VALUES(1106,660,4401.0,11,29,686,'2016-06-02');
INSERT INTO shipment VALUES(1107,3722,17064.0,12,26,473,'2016-06-02');
INSERT INTO shipment VALUES(1108,2625,7686.0,1,27,264,'2016-06-03');
INSERT INTO shipment VALUES(1109,3360,6723.0,2,20,561,'2016-06-03');
INSERT INTO shipment VALUES(1110,493,5652.0,3,25,341,'2016-06-04');
INSERT INTO shipment VALUES(1111,2496,2385.0,4,30,198,'2016-06-05');
INSERT INTO shipment VALUES(1112,4561,16164.0,5,24,292,'2016-06-05');
INSERT INTO shipment VALUES(1113,3203,3177.0,6,22,194,'2016-06-06');
INSERT INTO shipment VALUES(1114,3023,819.0,7,28,115,'2016-06-06');
INSERT INTO shipment VALUES(1115,193,10305.0,8,21,415,'2016-06-06');
INSERT INTO shipment VALUES(1116,4308,6057.0,9,23,548,'2016-06-08');
INSERT INTO shipment VALUES(1117,4513,3447.0,10,20,320,'2016-06-09');
INSERT INTO shipment VALUES(1118,2634,5850.0,11,29,354,'2016-06-09');
INSERT INTO shipment VALUES(1119,1381,9720.0,12,25,686,'2016-06-10');
INSERT INTO shipment VALUES(1120,2298,2133.0,1,26,595,'2016-06-10');
INSERT INTO shipment VALUES(1121,3622,3663.0,2,24,228,'2016-06-12');
INSERT INTO shipment VALUES(1122,2625,16335.0,3,30,591,'2016-06-12');
INSERT INTO shipment VALUES(1123,4426,3699.0,4,27,356,'2016-06-13');
INSERT INTO shipment VALUES(1124,2420,972.0,5,22,579,'2016-06-14');
INSERT INTO shipment VALUES(1125,2265,5769.0,6,29,165,'2016-06-15');
INSERT INTO shipment VALUES(1126,493,12528.0,7,28,372,'2016-06-16');
INSERT INTO shipment VALUES(1127,3537,2601.0,8,21,631,'2016-06-16');
INSERT INTO shipment VALUES(1128,4513,5625.0,9,26,589,'2016-06-17');
INSERT INTO shipment VALUES(1129,1381,2205.0,10,23,506,'2016-06-17');
INSERT INTO shipment VALUES(1130,2634,8586.0,11,24,132,'2016-06-18');
INSERT INTO shipment VALUES(1131,4421,1512.0,12,20,306,'2016-06-18');
INSERT INTO shipment VALUES(1132,1592,7839.0,1,30,668,'2016-06-18');
INSERT INTO shipment VALUES(1133,3320,7767.0,2,25,326,'2016-06-20');
INSERT INTO shipment VALUES(1134,2624,1989.0,3,22,222,'2016-06-20');
INSERT INTO shipment VALUES(1135,4955,1998.0,4,27,487,'2016-06-22');
INSERT INTO shipment VALUES(1136,2281,1980.0,5,23,246,'2016-06-23');
INSERT INTO shipment VALUES(1137,3123,1260.0,6,20,312,'2016-06-23');
INSERT INTO shipment VALUES(1138,1290,1413.0,7,29,515,'2016-06-24');
INSERT INTO shipment VALUES(1139,2420,16452.0,8,28,347,'2016-06-25');
INSERT INTO shipment VALUES(1140,314,2295.0,9,30,311,'2016-06-25');
INSERT INTO shipment VALUES(1141,2348,7443.0,10,25,321,'2016-06-25');
INSERT INTO shipment VALUES(1142,618,8028.0,11,26,665,'2016-06-25');
INSERT INTO shipment VALUES(1143,1849,2133.0,12,21,588,'2016-06-26');
INSERT INTO shipment VALUES(1144,2503,14301.0,1,22,164,'2016-06-28');
INSERT INTO shipment VALUES(1145,2181,13698.0,2,24,557,'2016-06-28');
INSERT INTO shipment VALUES(1146,1575,567.0,3,20,625,'2016-06-29');
INSERT INTO shipment VALUES(1147,1391,5004.0,4,29,591,'2016-06-29');
INSERT INTO shipment VALUES(1148,1769,2169.0,5,28,475,'2016-06-30');
INSERT INTO shipment VALUES(1149,2483,6012.0,6,27,326,'2016-06-30');
INSERT INTO shipment VALUES(1150,3660,3177.0,7,23,435,'2016-07-01');
INSERT INTO shipment VALUES(1151,304,11196.0,8,21,471,'2016-07-03');
INSERT INTO shipment VALUES(1152,954,4743.0,9,26,196,'2016-07-03');
INSERT INTO shipment VALUES(1153,3613,8190.0,10,30,686,'2016-07-04');
INSERT INTO shipment VALUES(1154,4145,17226.0,11,25,515,'2016-07-04');
INSERT INTO shipment VALUES(1155,1724,13563.0,12,22,119,'2016-07-05');
INSERT INTO shipment VALUES(1156,3613,16758.0,1,27,380,'2016-07-05');
INSERT INTO shipment VALUES(1157,738,4095.0,2,24,136,'2016-07-06');
INSERT INTO shipment VALUES(1158,618,16290.0,3,29,552,'2016-07-06');
INSERT INTO shipment VALUES(1159,1724,6192.0,4,20,165,'2016-07-07');
INSERT INTO shipment VALUES(1160,193,2151.0,5,25,292,'2016-07-09');
INSERT INTO shipment VALUES(1161,3354,540.0,6,28,231,'2016-07-09');
INSERT INTO shipment VALUES(1162,3537,6687.0,7,23,577,'2016-07-09');
INSERT INTO shipment VALUES(1163,3537,963.0,8,26,429,'2016-07-10');
INSERT INTO shipment VALUES(1164,2799,5274.0,9,21,666,'2016-07-12');
INSERT INTO shipment VALUES(1165,3430,1980.0,10,22,276,'2016-07-12');
INSERT INTO shipment VALUES(1166,2001,8163.0,11,28,162,'2016-07-14');
INSERT INTO shipment VALUES(1167,3354,85581.0,12,30,491,'2016-07-14');
INSERT INTO shipment VALUES(1168,896,6390.0,1,27,631,'2016-07-14');
INSERT INTO shipment VALUES(1169,1592,7650.0,2,26,473,'2016-07-15');
INSERT INTO shipment VALUES(1170,3354,3240.0,3,24,409,'2016-07-16');
INSERT INTO shipment VALUES(1171,1265,1188.0,4,20,183,'2016-07-16');
INSERT INTO shipment VALUES(1172,1092,13446.0,5,25,116,'2016-07-16');
INSERT INTO shipment VALUES(1173,2434,2196.0,6,29,666,'2016-07-16');
INSERT INTO shipment VALUES(1174,3354,2016.0,7,23,394,'2016-07-17');
INSERT INTO shipment VALUES(1175,2624,2925.0,8,30,324,'2016-07-19');
INSERT INTO shipment VALUES(1176,2181,14049.0,9,22,561,'2016-07-19');
INSERT INTO shipment VALUES(1177,314,1872.0,3,28,384,'2016-07-20');
INSERT INTO shipment VALUES(1178,2181,2124.0,10,27,458,'2016-07-20');
INSERT INTO shipment VALUES(1179,1724,9279.0,11,23,553,'2016-07-22');
INSERT INTO shipment VALUES(1180,2215,9270.0,12,21,182,'2016-07-22');
INSERT INTO shipment VALUES(1181,4421,4050.0,1,26,511,'2016-07-22');
INSERT INTO shipment VALUES(1182,1592,6120.0,2,20,112,'2016-07-23');
INSERT INTO shipment VALUES(1183,2429,6354.0,3,24,159,'2016-07-24');
INSERT INTO shipment VALUES(1184,2625,4203.0,4,29,187,'2016-07-25');
INSERT INTO shipment VALUES(1185,2434,4842.0,5,28,460,'2016-07-25');
INSERT INTO shipment VALUES(1186,3375,5580.0,6,22,181,'2016-07-25');
INSERT INTO shipment VALUES(1187,615,11142.0,7,27,410,'2016-07-25');
INSERT INTO shipment VALUES(1188,2649,9531.0,8,25,549,'2016-07-26');
INSERT INTO shipment VALUES(1189,4869,1935.0,9,30,668,'2016-07-27');
INSERT INTO shipment VALUES(1190,3161,1854.0,10,21,268,'2016-07-28');
INSERT INTO shipment VALUES(1191,4561,15930.0,11,23,423,'2016-07-29');
INSERT INTO shipment VALUES(1192,4561,11385.0,12,20,232,'2016-07-29');
INSERT INTO shipment VALUES(1193,3660,8712.0,1,24,153,'2016-07-30');
INSERT INTO shipment VALUES(1194,3375,14256.0,2,27,599,'2016-07-31');
INSERT INTO shipment VALUES(1195,3876,5796.0,3,25,618,'2016-07-31');
INSERT INTO shipment VALUES(1196,989,3456.0,4,26,638,'2016-08-01');
INSERT INTO shipment VALUES(1197,626,7767.0,5,29,520,'2016-08-01');
INSERT INTO shipment VALUES(1198,1092,2970.0,6,30,461,'2016-08-02');
INSERT INTO shipment VALUES(1199,3174,8919.0,7,28,499,'2016-08-02');
INSERT INTO shipment VALUES(1200,3320,4410.0,8,21,696,'2016-08-02');
INSERT INTO shipment VALUES(1201,1908,5193.0,9,22,137,'2016-08-02');
INSERT INTO shipment VALUES(1202,3320,10269.0,10,23,686,'2016-08-03');
INSERT INTO shipment VALUES(1203,738,1845.0,11,25,691,'2016-08-05');
INSERT INTO shipment VALUES(1204,1592,10764.0,12,20,296,'2016-08-05');
INSERT INTO shipment VALUES(1205,931,1998.0,1,22,236,'2016-08-07');
INSERT INTO shipment VALUES(1206,2420,6282.0,2,30,329,'2016-08-07');
INSERT INTO shipment VALUES(1207,3123,2817.0,3,21,415,'2016-08-08');
INSERT INTO shipment VALUES(1208,896,4302.0,4,24,682,'2016-08-09');
INSERT INTO shipment VALUES(1209,2496,12969.0,5,26,331,'2016-08-10');
INSERT INTO shipment VALUES(1210,3537,4680.0,6,27,371,'2016-08-10');
INSERT INTO shipment VALUES(1211,3123,6588.0,7,29,130,'2016-08-11');
INSERT INTO shipment VALUES(1212,660,2457.0,8,28,140,'2016-08-11');
INSERT INTO shipment VALUES(1213,2634,7722.0,9,23,453,'2016-08-12');
INSERT INTO shipment VALUES(1214,931,4320.0,10,25,344,'2016-08-12');
INSERT INTO shipment VALUES(1215,1775,2574.0,11,21,648,'2016-08-13');
INSERT INTO shipment VALUES(1216,4513,8325.0,12,20,276,'2016-08-14');
INSERT INTO shipment VALUES(1217,4308,5994.0,1,30,484,'2016-08-15');
INSERT INTO shipment VALUES(1218,493,3303.0,2,29,472,'2016-08-16');
INSERT INTO shipment VALUES(1219,3800,7767.0,3,26,110,'2016-08-17');
INSERT INTO shipment VALUES(1220,3346,13680.0,4,24,140,'2016-08-17');
INSERT INTO shipment VALUES(1221,2388,14796.0,5,22,341,'2016-08-17');
INSERT INTO shipment VALUES(1222,931,3069.0,6,27,552,'2016-08-18');
INSERT INTO shipment VALUES(1223,4353,504.0,7,21,577,'2016-08-19');
INSERT INTO shipment VALUES(1224,4426,8928.0,8,28,685,'2016-08-21');
INSERT INTO shipment VALUES(1225,600,3204.0,9,23,649,'2016-08-21');
INSERT INTO shipment VALUES(1226,4112,17208.0,10,25,155,'2016-08-22');
INSERT INTO shipment VALUES(1227,738,1971.0,11,22,441,'2016-08-22');
INSERT INTO shipment VALUES(1228,4112,14877.0,12,24,249,'2016-08-22');
INSERT INTO shipment VALUES(1229,1591,6273.0,1,20,329,'2016-08-23');
INSERT INTO shipment VALUES(1230,2427,1971.0,2,30,111,'2016-08-23');
INSERT INTO shipment VALUES(1231,1055,3492.0,3,21,346,'2016-08-25');
INSERT INTO shipment VALUES(1232,381,4104.0,4,29,451,'2016-08-25');
INSERT INTO shipment VALUES(1233,1092,14337.0,5,27,362,'2016-08-25');
INSERT INTO shipment VALUES(1234,3161,17325.0,6,26,356,'2016-08-26');
INSERT INTO shipment VALUES(1235,1492,2421.0,7,22,518,'2016-08-27');
INSERT INTO shipment VALUES(1236,1591,10251.0,8,23,680,'2016-08-27');
INSERT INTO shipment VALUES(1237,1265,8568.0,9,30,373,'2016-08-29');
INSERT INTO shipment VALUES(1238,3876,8217.0,10,20,368,'2016-08-30');
INSERT INTO shipment VALUES(1239,381,3501.0,11,27,423,'2016-08-30');
INSERT INTO shipment VALUES(1240,1908,6291.0,12,29,222,'2016-08-31');
INSERT INTO shipment VALUES(1241,3203,13023.0,1,28,316,'2016-08-31');
INSERT INTO shipment VALUES(1242,3876,16506.0,2,24,686,'2016-08-31');
INSERT INTO shipment VALUES(1243,1575,6795.0,3,25,232,'2016-09-01');
INSERT INTO shipment VALUES(1244,2593,6966.0,4,21,621,'2016-09-01');
INSERT INTO shipment VALUES(1245,2634,1926.0,5,22,482,'2016-09-04');
INSERT INTO shipment VALUES(1246,1092,7263.0,6,26,424,'2016-09-05');
INSERT INTO shipment VALUES(1247,1775,7209.0,7,27,182,'2016-09-05');
INSERT INTO shipment VALUES(1248,493,5310.0,8,20,164,'2016-09-05');
INSERT INTO shipment VALUES(1249,2001,3528.0,9,28,140,'2016-09-05');
INSERT INTO shipment VALUES(1250,3354,9594.0,10,29,345,'2016-09-06');
INSERT INTO shipment VALUES(1251,4368,6552.0,11,23,327,'2016-09-06');
INSERT INTO shipment VALUES(1252,2617,15777.0,12,24,400,'2016-09-08');
INSERT INTO shipment VALUES(1253,1092,8199.0,1,30,579,'2016-09-08');
INSERT INTO shipment VALUES(1254,1290,2178.0,2,28,203,'2016-09-10');
INSERT INTO shipment VALUES(1255,3622,4230.0,3,21,327,'2016-09-10');
INSERT INTO shipment VALUES(1256,1381,5130.0,4,25,599,'2016-09-11');
INSERT INTO shipment VALUES(1257,4368,12780.0,5,29,503,'2016-09-12');
INSERT INTO shipment VALUES(1258,2649,11898.0,6,22,309,'2016-09-12');
INSERT INTO shipment VALUES(1259,1591,7749.0,7,27,322,'2016-09-12');
INSERT INTO shipment VALUES(1260,2181,7668.0,8,23,330,'2016-09-12');
INSERT INTO shipment VALUES(1261,2625,2025.0,9,26,498,'2016-09-13');
INSERT INTO shipment VALUES(1262,4469,7047.0,10,20,489,'2016-09-14');
INSERT INTO shipment VALUES(1263,3288,17703.0,11,30,349,'2016-09-15');
INSERT INTO shipment VALUES(1264,1769,8010.0,12,21,361,'2016-09-15');
INSERT INTO shipment VALUES(1265,2546,3096.0,1,22,440,'2016-09-18');
INSERT INTO shipment VALUES(1266,1591,1980.0,2,24,647,'2016-09-18');
INSERT INTO shipment VALUES(1267,1391,2115.0,3,20,628,'2016-09-19');
INSERT INTO shipment VALUES(1268,2906,2133.0,4,28,158,'2016-09-20');
INSERT INTO shipment VALUES(1269,1769,12546.0,5,27,686,'2016-09-20');
INSERT INTO shipment VALUES(1270,2593,2106.0,6,23,443,'2016-09-21');
INSERT INTO shipment VALUES(1271,3073,4869.0,7,29,688,'2016-09-21');
INSERT INTO shipment VALUES(1272,1685,16587.0,8,25,514,'2016-09-21');
INSERT INTO shipment VALUES(1273,2388,2007.0,9,26,239,'2016-09-22');
INSERT INTO shipment VALUES(1274,4767,1935.0,10,21,686,'2016-09-22');
INSERT INTO shipment VALUES(1275,615,2160.0,11,24,169,'2016-09-24');
INSERT INTO shipment VALUES(1276,2429,16389.0,12,30,445,'2016-09-24');
INSERT INTO shipment VALUES(1277,2799,17658.0,1,22,124,'2016-09-26');
INSERT INTO shipment VALUES(1278,3123,10323.0,2,29,150,'2016-09-26');
INSERT INTO shipment VALUES(1279,3876,2529.0,3,23,163,'2016-09-28');
INSERT INTO shipment VALUES(1280,2483,6255.0,4,27,606,'2016-09-28');
INSERT INTO shipment VALUES(1281,896,6687.0,5,26,246,'2016-09-29');
INSERT INTO shipment VALUES(1282,2546,16974.0,6,20,181,'2016-09-29');
INSERT INTO shipment VALUES(1283,2215,3114.0,7,28,103,'2016-09-30');
INSERT INTO shipment VALUES(1284,600,10836.0,8,25,597,'2016-09-30');
INSERT INTO shipment VALUES(1285,1591,9450.0,9,21,166,'2016-09-30');
INSERT INTO shipment VALUES(1286,4869,7371.0,10,29,104,'2016-10-02');
INSERT INTO shipment VALUES(1287,738,2070.0,11,24,444,'2016-10-02');
INSERT INTO shipment VALUES(1288,615,16182.0,12,22,638,'2016-10-02');
INSERT INTO shipment VALUES(1289,3447,16920.0,1,30,549,'2016-10-02');
INSERT INTO shipment VALUES(1290,1849,5580.0,2,20,124,'2016-10-05');
INSERT INTO shipment VALUES(1291,2546,4041.0,3,23,309,'2016-10-05');
INSERT INTO shipment VALUES(1292,1908,17190.0,4,26,362,'2016-10-05');
INSERT INTO shipment VALUES(1293,2348,7776.0,5,29,620,'2016-10-07');
INSERT INTO shipment VALUES(1294,1908,3582.0,6,28,329,'2016-10-08');
INSERT INTO shipment VALUES(1295,493,2736.0,7,27,534,'2016-10-08');
INSERT INTO shipment VALUES(1296,2799,12573.0,8,25,230,'2016-10-09');
INSERT INTO shipment VALUES(1297,2131,8352.0,9,21,374,'2016-10-09');
INSERT INTO shipment VALUES(1298,931,1269.0,10,26,373,'2016-10-10');
INSERT INTO shipment VALUES(1299,3161,999.0,11,23,340,'2016-10-10');
INSERT INTO shipment VALUES(1300,3360,5841.0,12,20,591,'2016-10-10');
INSERT INTO shipment VALUES(1301,3722,11448.0,1,30,341,'2016-10-11');
INSERT INTO shipment VALUES(1302,2181,3186.0,2,24,443,'2016-10-12');
INSERT INTO shipment VALUES(1303,2420,1143.0,3,22,547,'2016-10-12');
INSERT INTO shipment VALUES(1304,2546,3123.0,4,27,547,'2016-10-13');
INSERT INTO shipment VALUES(1305,2420,5112.0,5,21,502,'2016-10-14');
INSERT INTO shipment VALUES(1306,2906,8586.0,6,28,340,'2016-10-14');
INSERT INTO shipment VALUES(1307,2265,14688.0,7,29,605,'2016-10-15');
INSERT INTO shipment VALUES(1308,2906,2061.0,8,23,449,'2016-10-17');
INSERT INTO shipment VALUES(1309,2298,2169.0,9,25,428,'2016-10-17');
INSERT INTO shipment VALUES(1310,3023,4059.0,10,26,570,'2016-10-18');
INSERT INTO shipment VALUES(1311,1592,1386.0,11,21,250,'2016-10-19');
INSERT INTO shipment VALUES(1312,600,5859.0,12,22,598,'2016-10-19');
INSERT INTO shipment VALUES(1313,615,5319.0,1,20,546,'2016-10-19');
INSERT INTO shipment VALUES(1314,1591,4455.0,2,30,455,'2016-10-20');
INSERT INTO shipment VALUES(1315,493,3294.0,3,28,503,'2016-10-20');
INSERT INTO shipment VALUES(1316,2181,5733.0,4,27,355,'2016-10-20');
INSERT INTO shipment VALUES(1317,1769,7371.0,5,24,657,'2016-10-22');
INSERT INTO shipment VALUES(1318,1669,2214.0,6,25,404,'2016-10-23');
INSERT INTO shipment VALUES(1319,2181,8343.0,7,20,179,'2016-10-24');
INSERT INTO shipment VALUES(1320,2634,2493.0,8,23,537,'2016-10-24');
INSERT INTO shipment VALUES(1321,2593,2196.0,9,29,147,'2016-10-24');
INSERT INTO shipment VALUES(1322,4154,6021.0,10,21,551,'2016-10-26');
INSERT INTO shipment VALUES(1323,3876,9000.0,11,22,296,'2016-10-27');
INSERT INTO shipment VALUES(1324,1391,7011.0,12,24,450,'2016-10-27');
INSERT INTO shipment VALUES(1325,1775,8280.0,1,26,138,'2016-10-27');
INSERT INTO shipment VALUES(1326,2625,17253.0,2,27,199,'2016-10-28');
INSERT INTO shipment VALUES(1327,4145,3591.0,3,20,568,'2016-10-29');
INSERT INTO shipment VALUES(1328,3786,1818.0,4,28,686,'2016-10-29');
INSERT INTO shipment VALUES(1329,896,7542.0,5,25,230,'2016-10-30');
INSERT INTO shipment VALUES(1330,2181,8586.0,6,30,415,'2016-10-30');
INSERT INTO shipment VALUES(1331,1908,14598.0,7,29,530,'2016-10-31');
INSERT INTO shipment VALUES(1332,2131,8190.0,8,26,117,'2016-11-01');
INSERT INTO shipment VALUES(1333,1908,7695.0,9,23,666,'2016-11-01');
INSERT INTO shipment VALUES(1334,2181,15390.0,10,24,246,'2016-11-01');
INSERT INTO shipment VALUES(1335,770,2502.0,11,30,142,'2016-11-04');
INSERT INTO shipment VALUES(1336,4421,10323.0,12,20,456,'2016-11-05');
INSERT INTO shipment VALUES(1337,4415,4140.0,1,21,686,'2016-11-05');
INSERT INTO shipment VALUES(1338,1908,2862.0,2,22,288,'2016-11-05');
INSERT INTO shipment VALUES(1339,1908,5733.0,3,27,486,'2016-11-05');
INSERT INTO shipment VALUES(1340,4154,17487.0,4,24,283,'2016-11-07');
INSERT INTO shipment VALUES(1341,1724,5562.0,5,28,316,'2016-11-08');
INSERT INTO shipment VALUES(1342,4955,2097.0,6,25,583,'2016-11-08');
INSERT INTO shipment VALUES(1343,2906,2718.0,7,23,516,'2016-11-09');
INSERT INTO shipment VALUES(1344,2420,1944.0,8,27,206,'2016-11-10');
INSERT INTO shipment VALUES(1345,1724,999.0,9,29,385,'2016-11-10');
INSERT INTO shipment VALUES(1346,3123,10656.0,10,26,697,'2016-11-11');
INSERT INTO shipment VALUES(1347,493,8721.0,11,20,686,'2016-11-11');
INSERT INTO shipment VALUES(1348,2906,11394.0,12,21,639,'2016-11-13');
INSERT INTO shipment VALUES(1349,2298,7677.0,1,30,237,'2016-11-13');
INSERT INTO shipment VALUES(1350,193,4662.0,2,25,555,'2016-11-13');
INSERT INTO shipment VALUES(1351,600,16623.0,4,22,292,'2016-11-13');
INSERT INTO shipment VALUES(1352,2906,15984.0,5,23,184,'2016-11-14');
INSERT INTO shipment VALUES(1353,3161,6633.0,6,24,574,'2016-11-15');
INSERT INTO shipment VALUES(1354,2421,4527.0,7,28,120,'2016-11-16');
INSERT INTO shipment VALUES(1355,1391,1854.0,8,20,503,'2016-11-16');
INSERT INTO shipment VALUES(1356,4154,13266.0,9,26,463,'2016-11-17');
INSERT INTO shipment VALUES(1357,1775,6633.0,10,27,205,'2016-11-18');
INSERT INTO shipment VALUES(1358,2799,2367.0,11,29,672,'2016-11-20');
INSERT INTO shipment VALUES(1359,4415,11637.0,12,25,686,'2016-11-20');
INSERT INTO shipment VALUES(1360,2131,3420.0,1,22,579,'2016-11-21');
INSERT INTO shipment VALUES(1361,2799,3240.0,2,23,172,'2016-11-23');
INSERT INTO shipment VALUES(1362,2861,4644.0,3,21,603,'2016-11-23');
INSERT INTO shipment VALUES(1363,4353,6705.0,4,30,432,'2016-11-23');
INSERT INTO shipment VALUES(1364,660,5733.0,5,28,500,'2016-11-24');
INSERT INTO shipment VALUES(1365,2281,2466.0,6,20,580,'2016-11-24');
INSERT INTO shipment VALUES(1366,896,7443.0,7,26,689,'2016-11-25');
INSERT INTO shipment VALUES(1367,2131,14733.0,8,25,508,'2016-11-25');
INSERT INTO shipment VALUES(1368,3023,2142.0,9,24,364,'2016-11-25');
INSERT INTO shipment VALUES(1369,493,7101.0,10,27,682,'2016-11-25');
INSERT INTO shipment VALUES(1370,3622,738.0,11,29,555,'2016-11-26');
INSERT INTO shipment VALUES(1371,4469,4032.0,12,28,423,'2016-11-29');
INSERT INTO shipment VALUES(1372,1265,8712.0,1,30,418,'2016-11-30');
INSERT INTO shipment VALUES(1373,2799,14472.0,2,25,614,'2016-11-30');
INSERT INTO shipment VALUES(1374,615,5166.0,3,22,207,'2016-11-30');
INSERT INTO shipment VALUES(1375,931,4608.0,4,24,504,'2016-12-01');
INSERT INTO shipment VALUES(1376,2546,1386.0,5,23,597,'2016-12-01');
INSERT INTO shipment VALUES(1377,4347,2430.0,6,27,517,'2016-12-01');
INSERT INTO shipment VALUES(1378,600,7029.0,7,26,565,'2016-12-01');
INSERT INTO shipment VALUES(1379,1724,2088.0,8,29,664,'2016-12-02');
INSERT INTO shipment VALUES(1380,3622,2241.0,9,20,175,'2016-12-03');
INSERT INTO shipment VALUES(1381,2546,17964.0,10,21,611,'2016-12-03');
INSERT INTO shipment VALUES(1382,2649,14139.0,11,25,105,'2016-12-05');
INSERT INTO shipment VALUES(1383,4347,1017.0,12,28,457,'2016-12-06');
INSERT INTO shipment VALUES(1384,2001,7479.0,1,30,259,'2016-12-09');
INSERT INTO shipment VALUES(1385,381,13545.0,2,20,444,'2016-12-09');
INSERT INTO shipment VALUES(1386,896,6894.0,3,29,529,'2016-12-09');
INSERT INTO shipment VALUES(1387,3023,17712.0,4,22,635,'2016-12-10');
INSERT INTO shipment VALUES(1388,4347,6633.0,5,24,674,'2016-12-10');
INSERT INTO shipment VALUES(1389,3622,1971.0,6,27,444,'2016-12-10');
INSERT INTO shipment VALUES(1390,2617,2142.0,7,25,344,'2016-12-10');
INSERT INTO shipment VALUES(1391,1769,2502.0,8,26,432,'2016-12-11');
INSERT INTO shipment VALUES(1392,2593,7992.0,9,23,285,'2016-12-11');
INSERT INTO shipment VALUES(1393,3354,11376.0,10,21,217,'2016-12-13');
INSERT INTO shipment VALUES(1394,4347,765.0,11,20,435,'2016-12-15');
INSERT INTO shipment VALUES(1395,304,7740.0,12,30,117,'2016-12-15');
INSERT INTO shipment VALUES(1396,1592,6489.0,1,22,548,'2016-12-15');
INSERT INTO shipment VALUES(1397,1591,5994.0,2,29,194,'2016-12-16');
INSERT INTO shipment VALUES(1398,2131,6534.0,3,27,537,'2016-12-16');
INSERT INTO shipment VALUES(1399,3430,9243.0,4,28,162,'2016-12-16');
INSERT INTO shipment VALUES(1400,4347,1512.0,5,25,184,'2016-12-17');
INSERT INTO shipment VALUES(1401,1391,6435.0,6,26,369,'2016-12-17');
INSERT INTO shipment VALUES(1402,600,2070.0,7,24,261,'2016-12-18');
INSERT INTO shipment VALUES(1403,615,12555.0,8,21,285,'2016-12-19');
INSERT INTO shipment VALUES(1404,615,8577.0,9,23,453,'2016-12-20');
INSERT INTO shipment VALUES(1405,931,7272.0,10,22,125,'2016-12-21');
INSERT INTO shipment VALUES(1406,3622,2151.0,11,30,549,'2016-12-21');
INSERT INTO shipment VALUES(1407,2799,8667.0,12,20,153,'2016-12-22');
INSERT INTO shipment VALUES(1408,3876,1926.0,1,26,451,'2016-12-22');
INSERT INTO shipment VALUES(1409,2181,2304.0,2,28,198,'2016-12-23');
INSERT INTO shipment VALUES(1410,2625,5373.0,3,27,442,'2016-12-25');
INSERT INTO shipment VALUES(1411,1592,14337.0,4,23,171,'2016-12-25');
INSERT INTO shipment VALUES(1412,2906,1962.0,5,24,218,'2016-12-26');
INSERT INTO shipment VALUES(1413,2483,1935.0,6,29,672,'2016-12-26');
INSERT INTO shipment VALUES(1414,1769,14661.0,7,30,286,'2016-12-26');
INSERT INTO shipment VALUES(1415,1685,4599.0,8,25,172,'2016-12-27');
INSERT INTO shipment VALUES(1416,2001,1314.0,9,21,417,'2016-12-28');
INSERT INTO shipment VALUES(1417,2906,8037.0,10,20,686,'2016-12-28');
INSERT INTO shipment VALUES(1418,2298,4203.0,11,22,197,'2016-12-28');
INSERT INTO shipment VALUES(1419,1769,3834.0,12,28,214,'2016-12-29');
INSERT INTO shipment VALUES(1420,1769,1998.0,1,23,582,'2016-12-30');
INSERT INTO shipment VALUES(1421,600,15012.0,2,24,604,'2016-12-31');
INSERT INTO shipment VALUES(1422,2634,3861.0,3,26,190,'2017-01-01');
INSERT INTO shipment VALUES(1423,2593,6894.0,4,27,664,'2017-01-01');
INSERT INTO shipment VALUES(1424,2181,2736.0,5,22,598,'2017-01-02');
INSERT INTO shipment VALUES(1425,1592,2943.0,6,29,369,'2017-01-02');
INSERT INTO shipment VALUES(1426,3622,2880.0,7,20,653,'2017-01-04');
INSERT INTO shipment VALUES(1427,3622,3978.0,8,21,688,'2017-01-05');
INSERT INTO shipment VALUES(1428,2420,13194.0,9,30,655,'2017-01-05');
INSERT INTO shipment VALUES(1429,3288,8973.0,10,25,188,'2017-01-05');
INSERT INTO shipment VALUES(1430,931,2034.0,11,29,110,'2017-01-07');
INSERT INTO shipment VALUES(1431,3023,8334.0,12,22,420,'2017-01-07');
INSERT INTO shipment VALUES(1432,2001,4338.0,1,24,501,'2017-01-08');
INSERT INTO shipment VALUES(1433,2634,9909.0,2,28,653,'2017-01-08');
INSERT INTO shipment VALUES(1434,1592,8019.0,3,27,557,'2017-01-09');
INSERT INTO shipment VALUES(1435,1092,2151.0,4,23,155,'2017-01-09');
INSERT INTO shipment VALUES(1436,2001,7605.0,5,25,309,'2017-01-10');
INSERT INTO shipment VALUES(1437,4869,6885.0,6,30,638,'2017-01-11');
INSERT INTO shipment VALUES(1438,1724,4365.0,7,21,679,'2017-01-11');
INSERT INTO shipment VALUES(1439,1724,6534.0,8,26,279,'2017-01-11');
INSERT INTO shipment VALUES(1440,3354,7704.0,9,22,252,'2017-01-12');
INSERT INTO shipment VALUES(1441,3023,3204.0,10,20,428,'2017-01-13');
INSERT INTO shipment VALUES(1442,989,3591.0,11,29,425,'2017-01-14');
INSERT INTO shipment VALUES(1443,1591,8127.0,12,28,312,'2017-01-15');
INSERT INTO shipment VALUES(1444,1775,5967.0,1,27,550,'2017-01-16');
INSERT INTO shipment VALUES(1445,3161,3987.0,2,26,159,'2017-01-17');
INSERT INTO shipment VALUES(1446,989,2655.0,3,25,403,'2017-01-17');
INSERT INTO shipment VALUES(1447,3161,3969.0,4,24,196,'2017-01-18');
INSERT INTO shipment VALUES(1448,2634,15435.0,5,23,559,'2017-01-18');
INSERT INTO shipment VALUES(1449,2593,6273.0,6,21,112,'2017-01-19');
INSERT INTO shipment VALUES(1450,2298,3933.0,7,30,570,'2017-01-19');
INSERT INTO shipment VALUES(1451,1592,4356.0,8,20,193,'2017-01-21');
INSERT INTO shipment VALUES(1452,3876,16263.0,9,22,469,'2017-01-21');
INSERT INTO shipment VALUES(1453,615,7245.0,10,28,602,'2017-01-22');
INSERT INTO shipment VALUES(1454,493,6210.0,11,26,693,'2017-01-23');
INSERT INTO shipment VALUES(1455,2906,2250.0,12,27,447,'2017-01-23');
INSERT INTO shipment VALUES(1456,2483,4779.0,1,29,237,'2017-01-24');
INSERT INTO shipment VALUES(1457,1592,2034.0,2,25,223,'2017-01-24');
INSERT INTO shipment VALUES(1458,3161,2871.0,3,24,124,'2017-01-25');
INSERT INTO shipment VALUES(1459,4154,17217.0,4,23,686,'2017-01-26');
INSERT INTO shipment VALUES(1460,2420,1890.0,5,21,548,'2017-01-28');
INSERT INTO shipment VALUES(1461,738,2727.0,6,28,397,'2017-01-28');
INSERT INTO shipment VALUES(1462,738,5328.0,7,30,210,'2017-01-29');
INSERT INTO shipment VALUES(1463,2546,17955.0,8,20,360,'2017-01-29');
INSERT INTO shipment VALUES(1464,3622,6264.0,9,26,556,'2017-01-29');
INSERT INTO shipment VALUES(1465,1775,3987.0,10,27,622,'2017-01-29');
INSERT INTO shipment VALUES(1466,2420,12465.0,11,22,476,'2017-01-31');
INSERT INTO shipment VALUES(1467,2634,2097.0,12,29,434,'2017-01-31');
INSERT INTO shipment VALUES(1468,1592,6867.0,1,25,657,'2017-02-01');
INSERT INTO shipment VALUES(1469,3354,4968.0,2,21,234,'2017-02-02');
INSERT INTO shipment VALUES(1470,381,2088.0,3,24,568,'2017-02-04');
INSERT INTO shipment VALUES(1471,1908,7020.0,4,27,153,'2017-02-04');
INSERT INTO shipment VALUES(1472,2906,6084.0,5,23,414,'2017-02-04');
INSERT INTO shipment VALUES(1473,3023,5328.0,6,28,651,'2017-02-04');
INSERT INTO shipment VALUES(1474,2625,4734.0,7,30,579,'2017-02-05');
INSERT INTO shipment VALUES(1475,2298,9531.0,8,20,443,'2017-02-05');
INSERT INTO shipment VALUES(1476,1769,6201.0,9,26,630,'2017-02-05');
INSERT INTO shipment VALUES(1477,493,6372.0,10,22,426,'2017-02-08');
INSERT INTO shipment VALUES(1478,2906,4167.0,11,29,511,'2017-02-08');
INSERT INTO shipment VALUES(1479,3354,1872.0,12,24,165,'2017-02-09');
INSERT INTO shipment VALUES(1480,2593,7623.0,1,21,178,'2017-02-09');
INSERT INTO shipment VALUES(1481,2483,2799.0,2,25,333,'2017-02-09');
INSERT INTO shipment VALUES(1482,2181,7596.0,3,28,534,'2017-02-10');
INSERT INTO shipment VALUES(1483,1769,10548.0,4,26,668,'2017-02-10');
INSERT INTO shipment VALUES(1484,1092,11367.0,5,27,418,'2017-02-11');
INSERT INTO shipment VALUES(1485,2483,11259.0,6,30,163,'2017-02-12');
INSERT INTO shipment VALUES(1486,4869,10368.0,7,23,152,'2017-02-14');
INSERT INTO shipment VALUES(1487,2634,10926.0,8,20,446,'2017-02-14');
INSERT INTO shipment VALUES(1488,381,8325.0,9,21,351,'2017-02-14');
INSERT INTO shipment VALUES(1489,1908,2106.0,10,25,254,'2017-02-16');
INSERT INTO shipment VALUES(1490,1391,13185.0,11,22,550,'2017-02-16');
INSERT INTO shipment VALUES(1491,3622,12807.0,12,27,667,'2017-02-16');
INSERT INTO shipment VALUES(1492,1092,1719.0,1,29,671,'2017-02-17');
INSERT INTO shipment VALUES(1493,989,9801.0,2,24,255,'2017-02-17');
INSERT INTO shipment VALUES(1494,3622,7740.0,3,28,588,'2017-02-17');
INSERT INTO shipment VALUES(1495,931,16551.0,4,30,109,'2017-02-18');
INSERT INTO shipment VALUES(1496,600,2178.0,5,26,537,'2017-02-20');
INSERT INTO shipment VALUES(1497,2634,5283.0,6,20,382,'2017-02-20');
INSERT INTO shipment VALUES(1498,2131,6399.0,7,27,451,'2017-02-21');
INSERT INTO shipment VALUES(1499,931,1989.0,8,24,376,'2017-02-22');
INSERT INTO shipment VALUES(1500,381,10539.0,9,21,379,'2017-02-22');
INSERT INTO shipment VALUES(1501,2001,17199.0,10,23,338,'2017-02-23');
INSERT INTO shipment VALUES(1502,2131,6768.0,11,30,145,'2017-02-23');
INSERT INTO shipment VALUES(1503,4347,5526.0,12,25,669,'2017-02-25');
INSERT INTO shipment VALUES(1504,2298,15039.0,1,22,258,'2017-02-25');
INSERT INTO shipment VALUES(1505,3622,2781.0,2,29,231,'2017-02-26');
INSERT INTO shipment VALUES(1506,2420,9387.0,3,28,269,'2017-02-26');
INSERT INTO shipment VALUES(1507,493,7569.0,4,27,690,'2017-02-27');
INSERT INTO shipment VALUES(1508,896,5913.0,5,30,102,'2017-02-28');
INSERT INTO shipment VALUES(1509,493,3141.0,6,26,379,'2017-02-28');
INSERT INTO shipment VALUES(1510,1724,1845.0,7,20,333,'2017-03-01');
INSERT INTO shipment VALUES(1511,4154,7020.0,8,24,476,'2017-03-02');
INSERT INTO shipment VALUES(1512,1775,5877.0,9,21,286,'2017-03-02');
INSERT INTO shipment VALUES(1513,2634,7146.0,10,23,164,'2017-03-02');
INSERT INTO shipment VALUES(1514,2131,17568.0,11,27,117,'2017-03-04');
INSERT INTO shipment VALUES(1515,3876,7488.0,12,25,361,'2017-03-04');
INSERT INTO shipment VALUES(1516,3161,6840.0,1,28,672,'2017-03-04');
INSERT INTO shipment VALUES(1517,3354,5787.0,2,29,298,'2017-03-04');
INSERT INTO shipment VALUES(1518,2634,1044.0,3,22,286,'2017-03-05');
INSERT INTO shipment VALUES(1519,2131,5040.0,4,26,172,'2017-03-06');
INSERT INTO shipment VALUES(1520,381,15984.0,5,27,556,'2017-03-09');
INSERT INTO shipment VALUES(1521,2001,5688.0,6,20,231,'2017-03-10');
INSERT INTO shipment VALUES(1522,2001,3978.0,7,30,560,'2017-03-10');
INSERT INTO shipment VALUES(1523,4154,3006.0,8,25,195,'2017-03-11');
INSERT INTO shipment VALUES(1524,600,4950.0,9,24,102,'2017-03-11');
INSERT INTO shipment VALUES(1525,3023,2151.0,10,23,130,'2017-03-11');
INSERT INTO shipment VALUES(1526,493,15039.0,11,22,359,'2017-03-12');
INSERT INTO shipment VALUES(1527,1591,7128.0,12,21,427,'2017-03-12');
INSERT INTO shipment VALUES(1528,2131,5166.0,1,28,456,'2017-03-13');
INSERT INTO shipment VALUES(1529,2420,4518.0,2,29,162,'2017-03-14');
INSERT INTO shipment VALUES(1530,1591,4698.0,3,26,242,'2017-03-16');
INSERT INTO shipment VALUES(1531,1092,8145.0,4,25,673,'2017-03-18');
INSERT INTO shipment VALUES(1532,381,6993.0,5,30,383,'2017-03-18');
INSERT INTO shipment VALUES(1533,600,3240.0,6,27,453,'2017-03-18');
INSERT INTO shipment VALUES(1534,3354,14283.0,7,24,119,'2017-03-19');
INSERT INTO shipment VALUES(1535,1908,7641.0,8,22,617,'2017-03-19');
INSERT INTO shipment VALUES(1536,2483,2196.0,9,20,279,'2017-03-19');
INSERT INTO shipment VALUES(1537,2001,2340.0,10,21,138,'2017-03-20');
INSERT INTO shipment VALUES(1538,4869,6381.0,11,26,373,'2017-03-21');
INSERT INTO shipment VALUES(1539,2131,6309.0,12,23,502,'2017-03-21');
INSERT INTO shipment VALUES(1540,1092,9630.0,1,29,325,'2017-03-22');
INSERT INTO shipment VALUES(1541,1592,6039.0,2,28,637,'2017-03-23');
INSERT INTO shipment VALUES(1542,1724,8829.0,3,20,485,'2017-03-24');
INSERT INTO shipment VALUES(1543,3876,2943.0,4,25,383,'2017-03-24');
INSERT INTO shipment VALUES(1544,600,1953.0,5,24,102,'2017-03-24');
INSERT INTO shipment VALUES(1545,381,6129.0,6,22,164,'2017-03-25');
INSERT INTO shipment VALUES(1546,4347,10692.0,7,26,548,'2017-03-27');
INSERT INTO shipment VALUES(1547,2634,10476.0,8,27,680,'2017-03-27');
INSERT INTO shipment VALUES(1548,2799,2250.0,9,30,367,'2017-03-27');
INSERT INTO shipment VALUES(1549,1391,9360.0,10,21,140,'2017-03-27');
INSERT INTO shipment VALUES(1550,3622,1800.0,11,28,283,'2017-03-31');
INSERT INTO shipment VALUES(1551,2001,6219.0,12,23,615,'2017-03-31');
INSERT INTO shipment VALUES(1552,1769,7677.0,1,29,143,'2017-04-01');
INSERT INTO shipment VALUES(1553,1592,5157.0,2,25,421,'2017-04-01');
INSERT INTO shipment VALUES(1554,381,5112.0,3,20,465,'2017-04-02');
INSERT INTO shipment VALUES(1555,3876,13734.0,4,24,372,'2017-04-02');
INSERT INTO shipment VALUES(1556,2593,4644.0,5,22,617,'2017-04-03');
INSERT INTO shipment VALUES(1557,2131,4572.0,6,27,553,'2017-04-04');
INSERT INTO shipment VALUES(1558,4154,5922.0,7,30,214,'2017-04-04');
INSERT INTO shipment VALUES(1559,2799,1224.0,8,28,461,'2017-04-05');
INSERT INTO shipment VALUES(1560,1591,12600.0,9,21,377,'2017-04-06');
INSERT INTO shipment VALUES(1561,1092,2907.0,10,23,413,'2017-04-06');
INSERT INTO shipment VALUES(1562,2593,3015.0,11,26,234,'2017-04-06');
INSERT INTO shipment VALUES(1563,1592,7596.0,12,29,409,'2017-04-08');
INSERT INTO shipment VALUES(1564,1092,2826.0,1,24,230,'2017-04-08');
INSERT INTO shipment VALUES(1565,896,6102.0,2,25,468,'2017-04-08');
INSERT INTO shipment VALUES(1566,2131,5526.0,3,22,413,'2017-04-09');
INSERT INTO shipment VALUES(1567,615,1962.0,4,28,118,'2017-04-10');
INSERT INTO shipment VALUES(1568,3354,7893.0,5,20,625,'2017-04-10');
INSERT INTO shipment VALUES(1569,1775,1917.0,6,21,282,'2017-04-11');
INSERT INTO shipment VALUES(1570,2001,7209.0,7,26,184,'2017-04-13');
INSERT INTO shipment VALUES(1571,3622,1431.0,8,27,399,'2017-04-13');
INSERT INTO shipment VALUES(1572,3876,3897.0,9,30,132,'2017-04-14');
INSERT INTO shipment VALUES(1573,493,11673.0,10,22,649,'2017-04-15');
INSERT INTO shipment VALUES(1574,2906,7533.0,11,29,473,'2017-04-15');
INSERT INTO shipment VALUES(1575,4347,13266.0,12,20,191,'2017-04-16');
INSERT INTO shipment VALUES(1576,1592,13806.0,1,23,267,'2017-04-16');
INSERT INTO shipment VALUES(1577,4869,6831.0,2,25,197,'2017-04-16');
INSERT INTO shipment VALUES(1578,1908,8442.0,3,24,513,'2017-04-17');
INSERT INTO shipment VALUES(1579,2131,5202.0,4,26,239,'2017-04-18');
INSERT INTO shipment VALUES(1580,2799,2718.0,5,28,399,'2017-04-18');
INSERT INTO shipment VALUES(1581,1908,8343.0,6,21,406,'2017-04-20');
INSERT INTO shipment VALUES(1582,3354,12699.0,7,27,202,'2017-04-20');
INSERT INTO shipment VALUES(1583,615,4986.0,8,20,295,'2017-04-21');
INSERT INTO shipment VALUES(1584,1769,3717.0,9,30,527,'2017-04-21');
INSERT INTO shipment VALUES(1585,1592,963.0,10,25,694,'2017-04-22');
INSERT INTO shipment VALUES(1586,1592,5850.0,11,22,229,'2017-04-23');
INSERT INTO shipment VALUES(1587,4869,3015.0,12,29,565,'2017-04-24');
INSERT INTO shipment VALUES(1588,3622,1728.0,1,23,542,'2017-04-24');
INSERT INTO shipment VALUES(1589,615,1989.0,2,24,596,'2017-04-24');
INSERT INTO shipment VALUES(1590,1724,17001.0,3,28,316,'2017-04-24');
INSERT INTO shipment VALUES(1591,615,2142.0,4,21,554,'2017-04-25');
INSERT INTO shipment VALUES(1592,1775,2205.0,5,27,106,'2017-04-25');
INSERT INTO shipment VALUES(1593,4347,4905.0,6,26,258,'2017-04-26');
INSERT INTO shipment VALUES(1594,3876,15588.0,7,20,690,'2017-04-26');
INSERT INTO shipment VALUES(1595,1769,3510.0,8,22,121,'2017-04-28');
INSERT INTO shipment VALUES(1596,2131,5040.0,9,29,277,'2017-04-29');
INSERT INTO shipment VALUES(1597,2131,2214.0,10,30,403,'2017-04-29');
INSERT INTO shipment VALUES(1598,3161,1944.0,11,25,368,'2017-04-30');
INSERT INTO shipment VALUES(1599,381,3258.0,12,28,487,'2017-05-01');
INSERT INTO shipment VALUES(1600,1391,10872.0,1,27,600,'2017-05-01');
INSERT INTO shipment VALUES(1601,3161,4203.0,2,23,106,'2017-05-02');
INSERT INTO shipment VALUES(1602,989,17019.0,3,20,333,'2017-05-03');
INSERT INTO shipment VALUES(1603,3023,585.0,4,24,296,'2017-05-04');
INSERT INTO shipment VALUES(1604,1775,16092.0,5,22,574,'2017-05-05');
INSERT INTO shipment VALUES(1605,3023,4671.0,6,21,486,'2017-05-05');
INSERT INTO shipment VALUES(1606,2799,1863.0,7,26,117,'2017-05-05');
INSERT INTO shipment VALUES(1607,3622,2007.0,8,25,554,'2017-05-07');
INSERT INTO shipment VALUES(1608,2625,1998.0,9,30,579,'2017-05-08');
INSERT INTO shipment VALUES(1609,4869,1944.0,10,27,665,'2017-05-08');
INSERT INTO shipment VALUES(1610,1092,15651.0,11,23,278,'2017-05-09');
INSERT INTO shipment VALUES(1611,2799,7344.0,12,29,619,'2017-05-09');
INSERT INTO shipment VALUES(1612,4154,2178.0,1,26,330,'2017-05-10');
INSERT INTO shipment VALUES(1613,3354,16920.0,2,20,145,'2017-05-10');
INSERT INTO shipment VALUES(1614,3161,14688.0,3,21,429,'2017-05-11');
INSERT INTO shipment VALUES(1615,3876,3537.0,4,28,509,'2017-05-11');
INSERT INTO shipment VALUES(1616,2799,2034.0,5,24,284,'2017-05-12');
INSERT INTO shipment VALUES(1617,4154,1980.0,6,22,311,'2017-05-13');
INSERT INTO shipment VALUES(1618,1591,12753.0,7,29,255,'2017-05-14');
INSERT INTO shipment VALUES(1619,2634,2646.0,8,30,281,'2017-05-14');
INSERT INTO shipment VALUES(1620,3622,3168.0,9,23,686,'2017-05-15');
INSERT INTO shipment VALUES(1621,600,15354.0,10,27,513,'2017-05-16');
INSERT INTO shipment VALUES(1622,1724,12438.0,11,21,421,'2017-05-16');
INSERT INTO shipment VALUES(1623,381,4446.0,12,25,557,'2017-05-17');
INSERT INTO shipment VALUES(1624,931,4104.0,1,22,694,'2017-05-18');
INSERT INTO shipment VALUES(1625,2634,17901.0,2,26,468,'2017-05-20');
INSERT INTO shipment VALUES(1626,615,3843.0,3,20,404,'2017-05-20');
INSERT INTO shipment VALUES(1627,931,2934.0,4,28,686,'2017-05-20');
INSERT INTO shipment VALUES(1628,1391,17820.0,5,23,609,'2017-05-21');
INSERT INTO shipment VALUES(1629,2420,17298.0,6,25,171,'2017-05-22');
INSERT INTO shipment VALUES(1630,4869,7578.0,7,24,385,'2017-05-22');
INSERT INTO shipment VALUES(1631,3622,2133.0,8,29,443,'2017-05-22');
INSERT INTO shipment VALUES(1632,3161,5670.0,9,30,303,'2017-05-24');
INSERT INTO shipment VALUES(1633,4154,6615.0,10,27,570,'2017-05-24');
INSERT INTO shipment VALUES(1634,2906,6354.0,11,20,172,'2017-05-25');
INSERT INTO shipment VALUES(1635,989,2088.0,12,26,582,'2017-05-25');
INSERT INTO shipment VALUES(1636,4154,8208.0,1,21,344,'2017-05-26');
INSERT INTO shipment VALUES(1637,600,6651.0,2,22,200,'2017-05-28');
INSERT INTO shipment VALUES(1638,1391,3402.0,3,25,694,'2017-05-29');
INSERT INTO shipment VALUES(1639,3354,14976.0,4,30,142,'2017-05-29');
INSERT INTO shipment VALUES(1640,2420,2241.0,5,23,165,'2017-05-29');
INSERT INTO shipment VALUES(1641,4869,5139.0,6,28,630,'2017-05-30');
INSERT INTO shipment VALUES(1642,2420,6588.0,7,24,184,'2017-05-30');
INSERT INTO shipment VALUES(1643,1391,2142.0,8,26,614,'2017-05-31');
INSERT INTO shipment VALUES(1644,1591,9612.0,9,27,116,'2017-05-31');
INSERT INTO shipment VALUES(1645,3161,5607.0,10,29,254,'2017-06-01');
INSERT INTO shipment VALUES(1646,989,7281.0,11,21,686,'2017-06-01');
INSERT INTO shipment VALUES(1647,3023,5211.0,12,20,686,'2017-06-03');
INSERT INTO shipment VALUES(1648,2131,3510.0,1,30,577,'2017-06-04');
INSERT INTO shipment VALUES(1649,4869,7749.0,2,24,232,'2017-06-04');
INSERT INTO shipment VALUES(1650,3876,3717.0,3,28,559,'2017-06-05');
INSERT INTO shipment VALUES(1651,3354,1854.0,4,25,686,'2017-06-05');
INSERT INTO shipment VALUES(1652,4347,5130.0,5,23,187,'2017-06-05');
INSERT INTO shipment VALUES(1653,3023,3528.0,6,22,615,'2017-06-06');
INSERT INTO shipment VALUES(1654,1769,6111.0,7,27,394,'2017-06-07');
INSERT INTO shipment VALUES(1655,2799,7443.0,8,29,633,'2017-06-07');
INSERT INTO shipment VALUES(1656,1769,15327.0,9,21,189,'2017-06-08');
INSERT INTO shipment VALUES(1657,989,9792.0,10,26,607,'2017-06-10');
INSERT INTO shipment VALUES(1658,2420,5598.0,11,25,425,'2017-06-11');
INSERT INTO shipment VALUES(1659,931,4500.0,12,30,117,'2017-06-11');
INSERT INTO shipment VALUES(1660,1092,7506.0,1,22,686,'2017-06-11');
INSERT INTO shipment VALUES(1661,1908,8082.0,2,20,360,'2017-06-13');
INSERT INTO shipment VALUES(1662,2906,2961.0,3,28,458,'2017-06-13');
INSERT INTO shipment VALUES(1663,381,6795.0,4,24,194,'2017-06-14');
INSERT INTO shipment VALUES(1664,2593,4878.0,5,29,352,'2017-06-15');
INSERT INTO shipment VALUES(1665,2420,3447.0,6,23,636,'2017-06-15');
INSERT INTO shipment VALUES(1666,600,1926.0,7,27,178,'2017-06-16');
INSERT INTO shipment VALUES(1667,1769,14490.0,8,30,358,'2017-06-17');
INSERT INTO shipment VALUES(1668,2593,9954.0,9,21,188,'2017-06-17');
INSERT INTO shipment VALUES(1669,4347,7407.0,10,20,484,'2017-06-18');
INSERT INTO shipment VALUES(1670,3023,2088.0,11,26,203,'2017-06-18');
INSERT INTO shipment VALUES(1671,1775,1854.0,12,28,342,'2017-06-19');
INSERT INTO shipment VALUES(1672,1591,3276.0,1,25,229,'2017-06-19');
INSERT INTO shipment VALUES(1673,1775,9891.0,2,22,499,'2017-06-19');
INSERT INTO shipment VALUES(1674,1592,17541.0,3,23,443,'2017-06-20');
INSERT INTO shipment VALUES(1675,615,5670.0,4,29,430,'2017-06-20');
INSERT INTO shipment VALUES(1676,615,3465.0,5,21,372,'2017-06-23');
INSERT INTO shipment VALUES(1677,4154,6606.0,6,24,230,'2017-06-24');
INSERT INTO shipment VALUES(1678,3876,1836.0,7,20,174,'2017-06-24');
INSERT INTO shipment VALUES(1679,4347,12510.0,8,26,556,'2017-06-25');
INSERT INTO shipment VALUES(1680,1092,5427.0,9,23,414,'2017-06-25');
INSERT INTO shipment VALUES(1681,1908,2376.0,10,29,518,'2017-06-25');
INSERT INTO shipment VALUES(1682,3876,3483.0,11,27,385,'2017-06-26');
INSERT INTO shipment VALUES(1683,2634,1881.0,12,30,655,'2017-06-26');
INSERT INTO shipment VALUES(1684,1769,1611.0,1,25,112,'2017-06-26');
INSERT INTO shipment VALUES(1685,3622,14922.0,2,28,341,'2017-06-28');
INSERT INTO shipment VALUES(1686,493,7551.0,3,22,360,'2017-06-29');
INSERT INTO shipment VALUES(1687,493,1935.0,4,29,666,'2017-06-30');
INSERT INTO shipment VALUES(1688,2593,6453.0,5,27,599,'2017-07-02');
INSERT INTO shipment VALUES(1689,1591,7155.0,6,21,428,'2017-07-02');
INSERT INTO shipment VALUES(1690,3023,6903.0,7,20,268,'2017-07-02');
INSERT INTO shipment VALUES(1691,1591,4797.0,8,30,466,'2017-07-03');
INSERT INTO shipment VALUES(1692,1092,6741.0,9,26,480,'2017-07-03');
INSERT INTO shipment VALUES(1693,1092,16776.0,10,24,618,'2017-07-03');
INSERT INTO shipment VALUES(1694,1391,5400.0,11,23,562,'2017-07-05');
INSERT INTO shipment VALUES(1695,381,6102.0,12,25,689,'2017-07-06');
INSERT INTO shipment VALUES(1696,931,4563.0,1,28,660,'2017-07-06');
INSERT INTO shipment VALUES(1697,600,15651.0,2,20,695,'2017-07-07');
INSERT INTO shipment VALUES(1698,2420,5274.0,3,21,579,'2017-07-08');
INSERT INTO shipment VALUES(1699,1775,3546.0,4,24,269,'2017-07-09');
INSERT INTO shipment VALUES(1700,1908,16443.0,5,22,686,'2017-07-09');
INSERT INTO shipment VALUES(1701,2131,5976.0,6,29,185,'2017-07-10');
INSERT INTO shipment VALUES(1702,615,11052.0,7,23,621,'2017-07-10');
INSERT INTO shipment VALUES(1703,3023,1926.0,8,27,566,'2017-07-10');
INSERT INTO shipment VALUES(1704,1591,14445.0,9,26,384,'2017-07-11');
INSERT INTO shipment VALUES(1705,615,6561.0,10,30,443,'2017-07-11');
INSERT INTO shipment VALUES(1706,2906,6480.0,11,28,570,'2017-07-13');
INSERT INTO shipment VALUES(1707,2634,5607.0,12,21,680,'2017-07-14');
INSERT INTO shipment VALUES(1708,2593,8523.0,1,25,504,'2017-07-14');
INSERT INTO shipment VALUES(1709,1391,11025.0,2,20,396,'2017-07-16');
INSERT INTO shipment VALUES(1710,615,3348.0,3,24,541,'2017-07-16');
INSERT INTO shipment VALUES(1711,2593,2106.0,4,22,681,'2017-07-17');
INSERT INTO shipment VALUES(1712,3876,1818.0,5,30,423,'2017-07-18');
INSERT INTO shipment VALUES(1713,493,12114.0,6,25,674,'2017-07-19');
INSERT INTO shipment VALUES(1714,1591,12204.0,7,26,500,'2017-07-19');
INSERT INTO shipment VALUES(1715,2634,2214.0,8,23,692,'2017-07-20');
INSERT INTO shipment VALUES(1716,1775,2043.0,9,29,218,'2017-07-20');
INSERT INTO shipment VALUES(1717,1391,11979.0,10,27,696,'2017-07-20');
INSERT INTO shipment VALUES(1718,4347,4419.0,11,21,520,'2017-07-21');
INSERT INTO shipment VALUES(1719,2799,16650.0,12,28,518,'2017-07-21');
INSERT INTO shipment VALUES(1720,1591,2925.0,1,20,418,'2017-07-22');
INSERT INTO shipment VALUES(1721,1769,864.0,2,25,457,'2017-07-24');
INSERT INTO shipment VALUES(1722,1908,2187.0,3,22,230,'2017-07-25');
INSERT INTO shipment VALUES(1723,600,17163.0,4,26,216,'2017-07-25');
INSERT INTO shipment VALUES(1724,4347,15255.0,5,24,686,'2017-07-25');
INSERT INTO shipment VALUES(1725,1908,8487.0,6,27,286,'2017-07-27');
INSERT INTO shipment VALUES(1726,2799,8892.0,7,29,628,'2017-07-28');
INSERT INTO shipment VALUES(1727,3161,4932.0,8,23,264,'2017-07-28');
INSERT INTO shipment VALUES(1728,2634,7353.0,9,30,155,'2017-07-28');
INSERT INTO shipment VALUES(1729,1592,11187.0,10,28,443,'2017-07-29');
INSERT INTO shipment VALUES(1730,2131,16875.0,11,25,555,'2017-07-30');
INSERT INTO shipment VALUES(1731,1769,1107.0,12,21,368,'2017-07-31');
INSERT INTO shipment VALUES(1732,3622,17541.0,1,20,500,'2017-07-31');
INSERT INTO shipment VALUES(1733,4347,9135.0,2,24,589,'2017-07-31');
INSERT INTO shipment VALUES(1734,381,12339.0,3,26,118,'2017-07-31');
INSERT INTO shipment VALUES(1735,381,14697.0,4,23,417,'2017-08-02');
INSERT INTO shipment VALUES(1736,3622,15642.0,5,29,328,'2017-08-02');
INSERT INTO shipment VALUES(1737,1391,4887.0,6,22,627,'2017-08-03');
INSERT INTO shipment VALUES(1738,2799,4788.0,7,30,446,'2017-08-04');
INSERT INTO shipment VALUES(1739,2906,7515.0,8,27,639,'2017-08-04');
INSERT INTO shipment VALUES(1740,3023,6228.0,9,28,308,'2017-08-06');
INSERT INTO shipment VALUES(1741,3876,3852.0,10,25,258,'2017-08-07');
INSERT INTO shipment VALUES(1742,2906,1269.0,11,24,491,'2017-08-08');
INSERT INTO shipment VALUES(1743,493,6687.0,12,26,344,'2017-08-09');
INSERT INTO shipment VALUES(1744,2593,15624.0,1,21,684,'2017-08-10');
INSERT INTO shipment VALUES(1745,493,8739.0,2,20,248,'2017-08-10');
INSERT INTO shipment VALUES(1746,1769,1980.0,3,30,681,'2017-08-11');
INSERT INTO shipment VALUES(1747,600,7677.0,4,22,453,'2017-08-12');
INSERT INTO shipment VALUES(1748,4154,7767.0,5,25,593,'2017-08-12');
INSERT INTO shipment VALUES(1749,3622,15471.0,6,23,551,'2017-08-12');
INSERT INTO shipment VALUES(1750,4347,6165.0,7,29,527,'2017-08-12');
INSERT INTO shipment VALUES(1751,4869,2961.0,8,27,356,'2017-08-12');
INSERT INTO shipment VALUES(1752,1592,10854.0,9,24,473,'2017-08-14');
INSERT INTO shipment VALUES(1753,1592,2637.0,10,21,625,'2017-08-15');
INSERT INTO shipment VALUES(1754,3023,3672.0,11,30,258,'2017-08-16');
INSERT INTO shipment VALUES(1755,1592,14220.0,12,28,443,'2017-08-16');
INSERT INTO shipment VALUES(1756,2906,612.0,1,20,380,'2017-08-16');
INSERT INTO shipment VALUES(1757,3161,11385.0,2,22,642,'2017-08-18');
INSERT INTO shipment VALUES(1758,931,9594.0,3,26,125,'2017-08-18');
INSERT INTO shipment VALUES(1759,3161,5211.0,4,29,681,'2017-08-19');
INSERT INTO shipment VALUES(1760,2906,5931.0,5,23,637,'2017-08-19');
INSERT INTO shipment VALUES(1761,2634,2754.0,6,24,651,'2017-08-19');
INSERT INTO shipment VALUES(1762,3622,8478.0,7,21,526,'2017-08-20');
INSERT INTO shipment VALUES(1763,2799,3573.0,8,25,587,'2017-08-21');
INSERT INTO shipment VALUES(1764,2420,3222.0,9,27,686,'2017-08-21');
INSERT INTO shipment VALUES(1765,1769,1917.0,10,28,297,'2017-08-25');
INSERT INTO shipment VALUES(1766,1391,1872.0,11,20,549,'2017-08-25');
INSERT INTO shipment VALUES(1767,3023,7848.0,12,24,279,'2017-08-25');
INSERT INTO shipment VALUES(1768,3876,558.0,1,21,119,'2017-08-25');
INSERT INTO shipment VALUES(1769,1908,15696.0,2,29,498,'2017-08-26');
INSERT INTO shipment VALUES(1770,1769,2817.0,3,30,372,'2017-08-26');
INSERT INTO shipment VALUES(1771,3876,7443.0,4,22,261,'2017-08-27');
INSERT INTO shipment VALUES(1772,2593,17145.0,5,26,336,'2017-08-28');
INSERT INTO shipment VALUES(1773,4154,7812.0,6,23,163,'2017-08-29');
INSERT INTO shipment VALUES(1774,1769,8307.0,7,28,381,'2017-08-30');
INSERT INTO shipment VALUES(1775,493,8298.0,8,24,547,'2017-08-30');
INSERT INTO shipment VALUES(1776,4347,13734.0,9,27,466,'2017-08-31');
INSERT INTO shipment VALUES(1777,3161,8676.0,10,25,322,'2017-08-31');
INSERT INTO shipment VALUES(1778,2634,1710.0,11,30,178,'2017-08-31');
INSERT INTO shipment VALUES(1779,1775,7974.0,12,21,220,'2017-09-01');
INSERT INTO shipment VALUES(1780,1908,10386.0,1,20,525,'2017-09-02');
INSERT INTO shipment VALUES(1781,2906,2124.0,2,29,497,'2017-09-05');
INSERT INTO shipment VALUES(1782,1092,945.0,3,26,307,'2017-09-05');
INSERT INTO shipment VALUES(1783,600,14454.0,4,24,354,'2017-09-05');
INSERT INTO shipment VALUES(1784,381,16047.0,5,27,333,'2017-09-05');
INSERT INTO shipment VALUES(1785,600,2097.0,6,23,333,'2017-09-06');
INSERT INTO shipment VALUES(1786,2420,1845.0,7,30,146,'2017-09-06');
INSERT INTO shipment VALUES(1787,4869,1980.0,8,22,625,'2017-09-06');
INSERT INTO shipment VALUES(1788,2906,1881.0,9,28,319,'2017-09-07');
INSERT INTO shipment VALUES(1789,1591,5004.0,10,25,410,'2017-09-08');
INSERT INTO shipment VALUES(1790,2420,3177.0,11,21,678,'2017-09-09');
INSERT INTO shipment VALUES(1791,2906,4032.0,12,20,484,'2017-09-10');
INSERT INTO shipment VALUES(1792,600,11502.0,1,27,523,'2017-09-10');
INSERT INTO shipment VALUES(1793,3876,1953.0,2,24,426,'2017-09-10');
INSERT INTO shipment VALUES(1794,493,5868.0,3,26,585,'2017-09-11');
INSERT INTO shipment VALUES(1795,4869,1044.0,4,25,236,'2017-09-13');
INSERT INTO shipment VALUES(1796,4347,2088.0,5,23,175,'2017-09-14');
INSERT INTO shipment VALUES(1797,4154,8712.0,6,30,541,'2017-09-14');
INSERT INTO shipment VALUES(1798,2634,5823.0,7,29,416,'2017-09-14');
INSERT INTO shipment VALUES(1799,1591,12276.0,8,22,657,'2017-09-16');
INSERT INTO shipment VALUES(1800,1775,1818.0,9,24,575,'2017-09-16');
INSERT INTO shipment VALUES(1801,2420,2394.0,10,28,135,'2017-09-16');
INSERT INTO shipment VALUES(1802,1591,2070.0,11,27,669,'2017-09-17');
INSERT INTO shipment VALUES(1803,1391,1845.0,12,25,370,'2017-09-18');
INSERT INTO shipment VALUES(1804,2906,6219.0,1,21,198,'2017-09-19');
INSERT INTO shipment VALUES(1805,381,4122.0,2,20,320,'2017-09-19');
INSERT INTO shipment VALUES(1806,1769,1332.0,3,29,188,'2017-09-19');
INSERT INTO shipment VALUES(1807,4347,11520.0,4,23,236,'2017-09-20');
INSERT INTO shipment VALUES(1808,1769,5418.0,5,30,553,'2017-09-20');
INSERT INTO shipment VALUES(1809,931,2133.0,6,26,467,'2017-09-21');
INSERT INTO shipment VALUES(1810,3622,8757.0,7,22,482,'2017-09-22');
INSERT INTO shipment VALUES(1811,381,1503.0,8,21,359,'2017-09-24');
INSERT INTO shipment VALUES(1812,2906,15867.0,9,25,700,'2017-09-25');
INSERT INTO shipment VALUES(1813,2634,5355.0,10,28,347,'2017-09-25');
INSERT INTO shipment VALUES(1814,4869,7614.0,11,24,318,'2017-09-25');
INSERT INTO shipment VALUES(1815,1908,6651.0,12,27,588,'2017-09-25');
INSERT INTO shipment VALUES(1816,1775,5058.0,1,26,324,'2017-09-26');
INSERT INTO shipment VALUES(1817,931,7830.0,2,29,154,'2017-09-27');
INSERT INTO shipment VALUES(1818,1591,10188.0,3,23,347,'2017-09-28');
INSERT INTO shipment VALUES(1819,2131,6147.0,4,20,468,'2017-09-28');
INSERT INTO shipment VALUES(1820,4347,2232.0,5,22,606,'2017-09-30');
INSERT INTO shipment VALUES(1821,931,8172.0,6,30,121,'2017-09-30');
INSERT INTO shipment VALUES(1822,3023,2394.0,7,28,350,'2017-10-01');
INSERT INTO shipment VALUES(1823,931,12708.0,8,24,370,'2017-10-02');
INSERT INTO shipment VALUES(1824,2799,3456.0,9,29,301,'2017-10-03');
INSERT INTO shipment VALUES(1825,3161,3753.0,10,25,212,'2017-10-03');
INSERT INTO shipment VALUES(1826,600,14751.0,11,26,106,'2017-10-03');
INSERT INTO shipment VALUES(1827,1092,6516.0,12,20,189,'2017-10-03');
INSERT INTO shipment VALUES(1828,2799,11340.0,1,21,189,'2017-10-04');
INSERT INTO shipment VALUES(1829,2634,17010.0,2,27,606,'2017-10-05');
INSERT INTO shipment VALUES(1830,2634,7146.0,3,23,237,'2017-10-06');
INSERT INTO shipment VALUES(1831,3161,3303.0,4,22,691,'2017-10-08');
INSERT INTO shipment VALUES(1832,615,6930.0,5,28,272,'2017-10-09');
INSERT INTO shipment VALUES(1833,1391,7020.0,6,24,622,'2017-10-09');
INSERT INTO shipment VALUES(1834,1775,12924.0,7,29,572,'2017-10-10');
INSERT INTO shipment VALUES(1835,2634,4482.0,8,30,548,'2017-10-10');
INSERT INTO shipment VALUES(1836,931,2151.0,9,27,288,'2017-10-10');
INSERT INTO shipment VALUES(1837,1908,9405.0,10,26,409,'2017-10-10');
INSERT INTO shipment VALUES(1838,1391,4968.0,11,25,664,'2017-10-10');
INSERT INTO shipment VALUES(1839,2593,3033.0,12,21,373,'2017-10-11');
INSERT INTO shipment VALUES(1840,1391,11781.0,1,20,574,'2017-10-11');
INSERT INTO shipment VALUES(1841,4347,2115.0,2,30,328,'2017-10-15');
INSERT INTO shipment VALUES(1842,2799,3996.0,3,28,123,'2017-10-15');
INSERT INTO shipment VALUES(1843,1592,7641.0,4,25,293,'2017-10-15');
INSERT INTO shipment VALUES(1844,3622,1872.0,5,23,441,'2017-10-16');
INSERT INTO shipment VALUES(1845,4347,10494.0,6,26,335,'2017-10-17');
INSERT INTO shipment VALUES(1846,3876,7416.0,7,24,227,'2017-10-17');
INSERT INTO shipment VALUES(1847,4869,15813.0,8,29,523,'2017-10-17');
INSERT INTO shipment VALUES(1848,2131,2034.0,9,22,655,'2017-10-17');
INSERT INTO shipment VALUES(1849,615,12690.0,10,28,586,'2017-10-20');
INSERT INTO shipment VALUES(1850,1775,17523.0,11,27,579,'2017-10-20');
INSERT INTO shipment VALUES(1851,2420,2988.0,12,21,480,'2017-10-20');
INSERT INTO shipment VALUES(1852,381,6876.0,1,30,610,'2017-10-21');
INSERT INTO shipment VALUES(1853,1092,8883.0,2,20,102,'2017-10-21');
INSERT INTO shipment VALUES(1854,493,13239.0,3,29,537,'2017-10-22');
INSERT INTO shipment VALUES(1855,3161,16974.0,4,22,684,'2017-10-22');
INSERT INTO shipment VALUES(1856,381,15732.0,5,25,456,'2017-10-24');
INSERT INTO shipment VALUES(1857,615,9837.0,6,23,324,'2017-10-25');
INSERT INTO shipment VALUES(1858,931,14454.0,7,21,442,'2017-10-26');
INSERT INTO shipment VALUES(1859,615,2223.0,8,30,258,'2017-10-26');
INSERT INTO shipment VALUES(1860,931,7299.0,9,26,399,'2017-10-27');
INSERT INTO shipment VALUES(1861,2906,5328.0,10,24,644,'2017-10-27');
INSERT INTO shipment VALUES(1862,2799,11718.0,11,20,105,'2017-10-28');
INSERT INTO shipment VALUES(1863,4154,2142.0,12,27,316,'2017-10-28');
INSERT INTO shipment VALUES(1864,4154,4203.0,1,28,594,'2017-10-29');
INSERT INTO shipment VALUES(1865,2906,16560.0,2,22,506,'2017-10-30');
INSERT INTO shipment VALUES(1866,1092,4536.0,3,25,295,'2017-10-30');
INSERT INTO shipment VALUES(1867,4347,3132.0,4,29,328,'2017-10-31');
INSERT INTO shipment VALUES(1868,2420,4086.0,5,20,400,'2017-11-02');
INSERT INTO shipment VALUES(1869,4347,12051.0,6,23,186,'2017-11-02');
INSERT INTO shipment VALUES(1870,1775,2187.0,7,27,167,'2017-11-02');
INSERT INTO shipment VALUES(1871,4869,4599.0,8,24,697,'2017-11-02');
INSERT INTO shipment VALUES(1872,2634,12663.0,9,21,665,'2017-11-03');
INSERT INTO shipment VALUES(1873,1092,8118.0,10,28,430,'2017-11-03');
INSERT INTO shipment VALUES(1874,615,1629.0,11,26,307,'2017-11-04');
INSERT INTO shipment VALUES(1875,4347,8181.0,12,30,614,'2017-11-05');
INSERT INTO shipment VALUES(1876,1775,2187.0,1,22,476,'2017-11-06');
INSERT INTO shipment VALUES(1877,3876,16128.0,2,25,566,'2017-11-07');
INSERT INTO shipment VALUES(1878,2906,14787.0,3,20,690,'2017-11-07');
INSERT INTO shipment VALUES(1879,2420,7650.0,4,28,686,'2017-11-08');
INSERT INTO shipment VALUES(1880,2799,9306.0,5,21,561,'2017-11-08');
INSERT INTO shipment VALUES(1881,2799,9522.0,6,27,412,'2017-11-09');
INSERT INTO shipment VALUES(1882,2906,13734.0,7,30,136,'2017-11-10');
INSERT INTO shipment VALUES(1883,615,2790.0,8,24,601,'2017-11-10');
INSERT INTO shipment VALUES(1884,2906,6282.0,9,23,552,'2017-11-10');
INSERT INTO shipment VALUES(1885,4154,7371.0,10,29,434,'2017-11-10');
INSERT INTO shipment VALUES(1886,3876,14337.0,11,20,375,'2017-11-12');
INSERT INTO shipment VALUES(1887,493,8064.0,12,26,145,'2017-11-13');
INSERT INTO shipment VALUES(1888,1775,8271.0,1,21,165,'2017-11-13');
INSERT INTO shipment VALUES(1889,3876,1827.0,2,25,282,'2017-11-13');
INSERT INTO shipment VALUES(1890,1092,1899.0,3,27,572,'2017-11-14');
INSERT INTO shipment VALUES(1891,381,2520.0,4,24,522,'2017-11-15');
INSERT INTO shipment VALUES(1892,615,4896.0,5,28,190,'2017-11-15');
INSERT INTO shipment VALUES(1893,2420,1818.0,6,22,660,'2017-11-15');
INSERT INTO shipment VALUES(1894,3876,2763.0,7,23,577,'2017-11-17');
INSERT INTO shipment VALUES(1895,1092,6030.0,8,30,202,'2017-11-19');
INSERT INTO shipment VALUES(1896,1092,17865.0,9,29,328,'2017-11-19');
INSERT INTO shipment VALUES(1897,1775,4257.0,10,20,411,'2017-11-20');
INSERT INTO shipment VALUES(1898,4154,3492.0,11,24,295,'2017-11-21');
INSERT INTO shipment VALUES(1899,381,2196.0,12,21,205,'2017-11-21');
INSERT INTO shipment VALUES(1900,2420,14283.0,1,25,108,'2017-11-21');
INSERT INTO shipment VALUES(1901,4154,3177.0,2,22,568,'2017-11-22');
INSERT INTO shipment VALUES(1902,4154,8181.0,3,27,147,'2017-11-22');
INSERT INTO shipment VALUES(1903,381,7191.0,4,26,697,'2017-11-22');
INSERT INTO shipment VALUES(1904,2906,2970.0,5,30,306,'2017-11-25');
INSERT INTO shipment VALUES(1905,2799,15120.0,6,20,166,'2017-11-25');
INSERT INTO shipment VALUES(1906,381,5850.0,7,28,104,'2017-11-25');
INSERT INTO shipment VALUES(1907,615,4392.0,8,29,443,'2017-11-26');
INSERT INTO shipment VALUES(1908,4154,9225.0,9,23,228,'2017-11-27');
INSERT INTO shipment VALUES(1909,615,7812.0,10,22,179,'2017-11-29');
INSERT INTO shipment VALUES(1910,1092,2223.0,11,24,666,'2017-11-29');
INSERT INTO shipment VALUES(1911,3876,4410.0,12,26,563,'2017-11-30');
INSERT INTO shipment VALUES(1912,4869,5301.0,1,30,121,'2017-11-30');
INSERT INTO shipment VALUES(1913,2799,3843.0,2,21,237,'2017-11-30');
INSERT INTO shipment VALUES(1914,2799,6129.0,3,27,212,'2017-11-30');
INSERT INTO shipment VALUES(1915,4347,2187.0,4,28,622,'2017-12-01');
INSERT INTO shipment VALUES(1916,931,15894.0,5,25,172,'2017-12-01');
INSERT INTO shipment VALUES(1917,1775,16587.0,6,23,235,'2017-12-02');
INSERT INTO shipment VALUES(1918,1775,10161.0,7,29,270,'2017-12-02');
INSERT INTO shipment VALUES(1919,1775,11232.0,8,20,373,'2017-12-03');
INSERT INTO shipment VALUES(1920,931,8046.0,9,24,239,'2017-12-04');
INSERT INTO shipment VALUES(1921,1092,8442.0,10,22,511,'2017-12-04');
INSERT INTO shipment VALUES(1922,931,9909.0,11,26,354,'2017-12-06');
INSERT INTO shipment VALUES(1923,4869,2025.0,12,28,443,'2017-12-07');
INSERT INTO shipment VALUES(1924,381,17091.0,1,21,116,'2017-12-07');
INSERT INTO shipment VALUES(1925,4154,7776.0,2,29,349,'2017-12-08');
INSERT INTO shipment VALUES(1926,4869,7587.0,3,23,686,'2017-12-08');
INSERT INTO shipment VALUES(1927,381,7065.0,4,27,583,'2017-12-09');
INSERT INTO shipment VALUES(1928,381,13698.0,5,22,651,'2017-12-09');
INSERT INTO shipment VALUES(1929,1092,16515.0,6,25,562,'2017-12-10');
INSERT INTO shipment VALUES(1930,493,10350.0,7,30,273,'2017-12-10');
INSERT INTO shipment VALUES(1931,1775,2655.0,8,24,183,'2017-12-10');
INSERT INTO shipment VALUES(1932,2799,2952.0,9,26,240,'2017-12-12');
INSERT INTO shipment VALUES(1933,4154,4869.0,10,20,148,'2017-12-12');
INSERT INTO shipment VALUES(1934,931,3915.0,11,23,381,'2017-12-13');
INSERT INTO shipment VALUES(1935,931,6534.0,12,21,556,'2017-12-13');
INSERT INTO shipment VALUES(1936,2906,4266.0,1,28,371,'2017-12-13');
INSERT INTO shipment VALUES(1937,931,8136.0,2,22,447,'2017-12-15');
INSERT INTO shipment VALUES(1938,1775,11610.0,3,29,523,'2017-12-15');
INSERT INTO shipment VALUES(1939,4869,477.0,4,30,236,'2017-12-15');
INSERT INTO shipment VALUES(1940,4869,1026.0,5,25,220,'2017-12-16');
INSERT INTO shipment VALUES(1941,1775,8505.0,6,24,398,'2017-12-17');
INSERT INTO shipment VALUES(1942,1092,7146.0,7,26,205,'2017-12-17');
INSERT INTO shipment VALUES(1943,931,14076.0,8,28,680,'2017-12-18');
INSERT INTO shipment VALUES(1944,931,9918.0,9,21,573,'2017-12-18');
INSERT INTO shipment VALUES(1945,4154,3672.0,10,27,663,'2017-12-18');
INSERT INTO shipment VALUES(1946,4154,2106.0,11,23,244,'2017-12-19');
INSERT INTO shipment VALUES(1947,931,5130.0,12,30,471,'2017-12-21');
INSERT INTO shipment VALUES(1948,4869,11754.0,1,22,348,'2017-12-21');
INSERT INTO shipment VALUES(1949,381,6957.0,2,20,606,'2017-12-22');
INSERT INTO shipment VALUES(1950,1092,14571.0,3,26,566,'2017-12-24');
INSERT INTO shipment VALUES(1951,2799,14787.0,4,21,552,'2017-12-24');
INSERT INTO shipment VALUES(1952,381,4293.0,5,23,637,'2017-12-25');
INSERT INTO shipment VALUES(1953,931,7668.0,6,28,426,'2017-12-25');
INSERT INTO shipment VALUES(1954,1092,7947.0,7,29,206,'2017-12-25');
INSERT INTO shipment VALUES(1955,493,1953.0,8,25,686,'2017-12-25');
INSERT INTO shipment VALUES(1956,931,954.0,9,27,459,'2017-12-26');
INSERT INTO shipment VALUES(1957,1775,6660.0,10,24,269,'2017-12-27');
INSERT INTO shipment VALUES(1958,381,6255.0,11,22,547,'2017-12-27');
INSERT INTO shipment VALUES(1959,381,2808.0,12,30,172,'2017-12-27');
COMMIT;
