CREATE TABLE natural_product
(label VARCHAR(1023),
description VARCHAR(1023),
taxon_name VARCHAR(1023),
parent_taxon VARCHAR(1023),
ncbi_taxonomy_id VARCHAR(1023),
instance_of VARCHAR(1023),
genbank_assembly_accession_number VARCHAR(1023),
gram_staining VARCHAR(1023));
INSERT INTO natural_product VALUES('Escherichia coli O83:H1 str. NRG 857C','bacterial strain','Escherichia coli O83:H1 str. NRG 857C','Escherichia coli','685038','strain','GCA_000183345.1','Gram-negative bacteria');
INSERT INTO natural_product VALUES('Escherichia coli IAI39','bacterial strain','Escherichia coli IAI39','Escherichia coli','585057','strain','GCA_000026345.1','nan');
INSERT INTO natural_product VALUES('Shigella dysenteriae Sd197','bacterial strain','Shigella dysenteriae Sd197','Shigella dysenteriae','300267','strain','GCA_000012005.1','Gram-negative bacteria');
INSERT INTO natural_product VALUES('Enterobacter aerogenes KCTC 2190','bacterial strain','Enterobacter aerogenes KCTC 2190','Klebsiella aerogenes','1028307','strain','GCA_000215745.1','Gram-negative bacteria');
INSERT INTO natural_product VALUES('Bordetella parapertussis Bpp5','bacterial strain','Bordetella parapertussis Bpp5','Bordetella parapertussis','1208660','strain','GCA_000317935.1','Gram-negative bacteria');
INSERT INTO natural_product VALUES('Escherichia coli O104:H4 str. 2011C-3493','bacterial strain','Escherichia coli O104:H4 str. 2011C-3493','Escherichia coli','1133852','strain','GCA_000299455.1','Gram-negative bacteria');
INSERT INTO natural_product VALUES('Burkholderia mallei ATCC 23344','bacterial strain','Burkholderia mallei ATCC 23344','Burkholderia mallei','243160','strain','GCA_000011705.1','Gram-negative bacteria');
INSERT INTO natural_product VALUES('Bacillus subtilis subsp. subtilis str. 168','bacterial strain','Bacillus subtilis subsp. subtilis str. 168','Bacillus subtilis','224308','strain','GCA_000789275.1','gram-positive bacteria');
INSERT INTO natural_product VALUES('Yersinia enterocolitica subsp. enterocolitica 8081','bacterial strain','Yersinia enterocolitica subsp. enterocolitica 8081','Yersinia enterocolitica','393305','strain','GCA_000009345.1','Gram-negative bacteria');
INSERT INTO natural_product VALUES('Bacillus cereus ATCC 14579','bacterial strain','Bacillus cereus ATCC 14579','Bacillus cereus','226900','strain','GCA_000007825.1','gram-positive bacteria');
INSERT INTO natural_product VALUES('Yersinia pestis CO92','bacterial strain','Yersinia pestis CO92','Yersinia pestis','214092','strain','GCA_001293415.1','Gram-negative bacteria');
INSERT INTO natural_product VALUES('Pseudomonas putida KT2440','bacterial strain','Pseudomonas putida KT2440','Pseudomonas putida','160488','strain','GCA_000007565.2','Gram-negative bacteria');
INSERT INTO natural_product VALUES('Salmonella enterica subsp. enterica serovar Typhi str. CT18','bacterial strain','Salmonella enterica subsp. enterica serovar Typhi str. CT18','Salmonella enterica','220341','strain','GCA_000195995.1','Gram-negative bacteria');
INSERT INTO natural_product VALUES('Escherichia coli O157:H7 str. Sakai','bacterial strain','Escherichia coli O157:H7 str. Sakai','Escherichia coli','386585','strain','GCA_000008865.1','Gram-negative bacteria');
INSERT INTO natural_product VALUES('Bordetella bronchiseptica 253','bacterial strain','Bordetella bronchiseptica 253','Bordetella bronchiseptica','568707','strain','GCA_000318015.1','Gram-negative bacteria');
INSERT INTO natural_product VALUES('Enterobacter cloacae subsp. cloacae ATCC 13047','bacterial strain','Enterobacter cloacae subsp. cloacae ATCC 13047','Enterobacter cloacae','716541','strain','GCA_000025565.1','Gram-negative bacteria');
INSERT INTO natural_product VALUES('Bordetella pertussis Tohama I','bacterial strain','Bordetella pertussis Tohama I','Bordetella pertussis','257313','strain','GCA_000195715.1','Gram-negative bacteria');
INSERT INTO natural_product VALUES('Escherichia coli UMN026','bacterial strain','Escherichia coli UMN026','Escherichia coli','585056','strain','GCA_000026325.2','Gram-negative bacteria');
INSERT INTO natural_product VALUES('Salmonella enterica subsp. enterica serovar Typhimurium str. LT2','bacterial strain','Salmonella enterica subsp. enterica serovar Typhimurium str. LT2','Salmonella enterica','99287','strain','GCA_000006945.2','Gram-negative bacteria');
INSERT INTO natural_product VALUES('Escherichia coli str. K-12 substr. MG1655','bacterial strain','Escherichia coli str. K-12 substr. MG1655','Escherichia coli','511145','reference strain','GCA_000005845.2','Gram-negative bacteria');
INSERT INTO natural_product VALUES('Rhodospirillum rubrum ATCC 11170','bacterial strain','Rhodospirillum rubrum ATCC 11170','Rhodospirillum rubrum','269796','strain','GCA_000013085.1','Gram-negative bacteria');
INSERT INTO natural_product VALUES('Burkholderia pseudomallei K96243','bacterial strain','Burkholderia pseudomallei K96243','Burkholderia pseudomallei','272560','strain','GCA_000959285.1','Gram-negative bacteria');
CREATE TABLE encoded_by
(label VARCHAR(1023),
description VARCHAR(1023),
ncbi_locus_tag VARCHAR(1023),
subclass_of VARCHAR(1023),
found_in_taxon VARCHAR(1023),
entrez_gene_id VARCHAR(1023),
encodes VARCHAR(1023),
instance_of VARCHAR(1023),
genomic_end VARCHAR(1023),
strand_orientation VARCHAR(1023),
genomic_start VARCHAR(1023));
INSERT INTO encoded_by VALUES('methyl-accepting chemotaxis sensory transducer EAE_15535','microbial gene found in Klebsiella aerogenes KCTC 2190','EAE_15535','gene','Enterobacter aerogenes KCTC 2190','10793328','Methyl-accepting chemotaxis sensory transducer EAE_15535','gene','3359965','forward strand','3358295');
INSERT INTO encoded_by VALUES('methyl-accepting chemotaxis sensory transducer ECL_01991','microbial gene found in Enterobacter cloacae subsp. cloacae ATCC 13047','ECL_01991','gene','Enterobacter cloacae subsp. cloacae ATCC 13047','9124486','Methyl-accepting chemotaxis sensory transducer ECL_01991','gene','2028223','reverse strand','2026634');
INSERT INTO encoded_by VALUES('methyl-accepting chemotaxis protein BN112_0390','microbial gene found in Bordetella bronchiseptica 253','BN112_0390','gene','Bordetella bronchiseptica 253','13977448','Methyl-accepting chemotaxis protein BN112_0390','gene','405689','forward strand','404079');
INSERT INTO encoded_by VALUES('methyl-accepting chemotaxis protein I, serine sensor receptor ECIAI39_4825','microbial gene found in Escherichia coli IAI39','ECIAI39_4825','gene','Escherichia coli IAI39','7154339','Methyl-accepting chemotaxis protein I, serine sensor receptor ECIAI39_4825','gene','5032058','forward strand','5030394');
INSERT INTO encoded_by VALUES('methyl-accepting chemotaxis protein II ECUMN_2183','microbial gene found in Escherichia coli UMN026','ECUMN_2183','gene','Escherichia coli UMN026','7158022','Methyl-accepting chemotaxis protein II ECUMN_2183','gene','2206899','reverse strand','2205238');
INSERT INTO encoded_by VALUES('methyl-accepting chemotaxis protein I BN112_0387','microbial gene found in Bordetella bronchiseptica 253','BN112_0387','gene','Bordetella bronchiseptica 253','13977445','Methyl-accepting chemotaxis protein I BN112_0387','gene','401432','forward strand','399600');
INSERT INTO encoded_by VALUES('methyl-accepting chemotaxis protein III ECs2026','microbial gene found in Escherichia coli O157:H7 str. Sakai','ECs2026','gene','Escherichia coli O157:H7 str. Sakai','917242','Methyl-accepting chemotaxis protein III ECs2026','gene','2011618','forward strand','2009978');
INSERT INTO encoded_by VALUES('methyl-accepting chemotaxis protein TlpA BSU31250','microbial gene found in Bacillus subtilis subsp. subtilis str. 168','BSU31250','gene','Bacillus subtilis subsp. subtilis str. 168','938840','Methyl-accepting chemotaxis protein (membrane curvature dependent localisation) BSU_31250','gene','3210267','reverse strand','3208279');
INSERT INTO encoded_by VALUES('methyl-accepting chemotaxis protein BPSS0215','microbial gene found in Burkholderia pseudomallei K96243','BPSS0215','gene','Burkholderia pseudomallei K96243','3096604','Methyl-accepting chemotaxis protein BPSS0215','gene','291083','forward strand','289470');
INSERT INTO encoded_by VALUES('methyl-accepting chemotaxis sensory transducer ECL_00603','microbial gene found in Enterobacter cloacae subsp. cloacae ATCC 13047','ECL_00603','gene','Enterobacter cloacae subsp. cloacae ATCC 13047','9123112','Methyl-accepting chemotaxis sensory transducer ECL_00603','gene','595469','forward strand','593820');
INSERT INTO encoded_by VALUES('methyl-accepting chemotaxis protein BPSL0323','microbial gene found in Burkholderia pseudomallei K96243','BPSL0323','gene','Burkholderia pseudomallei K96243','3093691','Methyl-accepting chemotaxis protein BPSL0323','gene','345236','reverse strand','343677');
INSERT INTO encoded_by VALUES('methyl-accepting chemotaxis sensory transducer ECL_00760','microbial gene found in Enterobacter cloacae subsp. cloacae ATCC 13047','ECL_00760','gene','Enterobacter cloacae subsp. cloacae ATCC 13047','9123267','Methyl-accepting chemotaxis sensory transducer ECL_00760','gene','756399','forward strand','754735');
INSERT INTO encoded_by VALUES('methyl-accepting chemotaxis protein I BP1384','microbial gene found in Bordetella pertussis Tohama I','BP1384','gene','Bordetella pertussis Tohama I','2665057','Methyl-accepting chemotaxis protein I BP1384','gene','1461993','forward strand','1460173');
INSERT INTO encoded_by VALUES('methyl-accepting protein IV ECUMN_2182','microbial gene found in Escherichia coli UMN026','ECUMN_2182','gene','Escherichia coli UMN026','7155953','Methyl-accepting protein IV ECUMN_2182','gene','2205192','reverse strand','2203591');
INSERT INTO encoded_by VALUES('methyl-accepting chemotaxis protein I ECs5315','microbial gene found in Escherichia coli O157:H7 str. Sakai','ECs5315','gene','Escherichia coli O157:H7 str. Sakai','913592','Methyl-accepting chemotaxis protein I ECs5315','gene','5451670','forward strand','5450006');
INSERT INTO encoded_by VALUES('methyl-accepting chemotaxis protein McpA BSU31240','microbial gene found in Bacillus subtilis subsp. subtilis str. 168','BSU31240','gene','Bacillus subtilis subsp. subtilis str. 168','937154','Methyl-accepting chemotaxis protein BSU_31240','gene','3208153','reverse strand','3206168');
INSERT INTO encoded_by VALUES('methyl-accepting chemotaxis protein BMAA1298','microbial gene found in Burkholderia mallei ATCC 23344','BMAA1298','gene','Burkholderia mallei ATCC 23344','3087548','Methyl-accepting chemotaxis protein BMAA1298','gene','1405330','reverse strand','1403738');
INSERT INTO encoded_by VALUES('methyl-accepting chemotaxis protein I BP1030','microbial gene found in Bordetella pertussis Tohama I','BP1030','gene','Bordetella pertussis Tohama I','2664643','Methyl-accepting chemotaxis protein I BP1030','gene','1073589','forward strand','1071883');
INSERT INTO encoded_by VALUES('methyl-accepting chemotaxis protein I ECUMN_4977','microbial gene found in Escherichia coli UMN026','ECUMN_4977','gene','Escherichia coli UMN026','7156710','Methyl-accepting chemotaxis protein I ECUMN_4977','gene','5150634','forward strand','5148970');
INSERT INTO encoded_by VALUES('methyl-accepting chemotaxis sensory transducer ECL_00635','microbial gene found in Enterobacter cloacae subsp. cloacae ATCC 13047','ECL_00635','gene','Enterobacter cloacae subsp. cloacae ATCC 13047','9123144','Methyl-accepting chemotaxis sensory transducer ECL_00635','gene','632872','forward strand','631301');
INSERT INTO encoded_by VALUES('methyl-accepting chemotaxis protein II STM3577','microbial gene found in Salmonella enterica subsp. enterica serovar Typhimurium str. LT2','STM3577','gene','Salmonella enterica subsp. enterica serovar Typhimurium str. LT2','1255100','Methyl-accepting chemotaxis protein II STM3577','gene','3746496','forward strand','3744846');
INSERT INTO encoded_by VALUES('methyl-accepting chemotaxis protein BP2268','microbial gene found in Bordetella pertussis Tohama I','BP2268','gene','Bordetella pertussis Tohama I','2665963','Methyl-accepting chemotaxis protein BP2268','gene','2390417','forward strand','2388876');
INSERT INTO encoded_by VALUES('methyl-accepting protein IV ECL_01413','microbial gene found in Enterobacter cloacae subsp. cloacae ATCC 13047','ECL_01413','gene','Enterobacter cloacae subsp. cloacae ATCC 13047','9123916','Methyl-accepting protein IV ECL_01413','gene','1435225','forward strand','1433624');
INSERT INTO encoded_by VALUES('methyl-accepting chemotaxis protein II STY2128','microbial gene found in Salmonella enterica subsp. enterica serovar Typhi str. CT18','STY2128','gene','Salmonella enterica subsp. enterica serovar Typhi str. CT18','1248470','Methyl-accepting chemotaxis protein II STY2128','gene','1981383','reverse strand','1979722');
INSERT INTO encoded_by VALUES('methyl-accepting chemotaxis protein Trg b1421','microbial gene found in Escherichia coli str. K-12 substr. MG1655','b1421','gene','Escherichia coli str. K-12 substr. MG1655','945995','Methyl-accepting chemotaxis protein Trg b1421','gene','1494109','forward strand','1492469');
INSERT INTO encoded_by VALUES('methyl-accepting protein IV ECs2595','microbial gene found in Escherichia coli O157:H7 str. Sakai','ECs2595','gene','Escherichia coli O157:H7 str. Sakai','914196','Methyl-accepting protein IV ECs2595','gene','2572913','reverse strand','2571312');
INSERT INTO encoded_by VALUES('methyl-accepting chemotaxis protein BN112_2004','microbial gene found in Bordetella bronchiseptica 253','BN112_2004','gene','Bordetella bronchiseptica 253','13979062','Methyl-accepting chemotaxis protein BN112_2004','gene','2165204','forward strand','2163573');
INSERT INTO encoded_by VALUES('methyl-accepting chemotaxis protein BMA2857','microbial gene found in Burkholderia mallei ATCC 23344','BMA2857','gene','Burkholderia mallei ATCC 23344','3088405','Methyl-accepting chemotaxis protein BMA2857','gene','2951292','reverse strand','2949271');
INSERT INTO encoded_by VALUES('methyl-accepting protein IV O3K_10180','microbial gene found in Escherichia coli O104:H4 str. 2011C-3493','O3K_10180','gene','Escherichia coli O104:H4 str. 2011C-3493','13699563','Methyl-accepting protein IV O3K_10180','gene','2130711','forward strand','2129110');
INSERT INTO encoded_by VALUES('methyl-accepting chemotaxis protein BN117_2693','microbial gene found in Bordetella parapertussis Bpp5','BN117_2693','gene','Bordetella parapertussis Bpp5','13890730','Methyl-accepting chemotaxis protein BN117_2693','gene','2899534','reverse strand','2897921');
INSERT INTO encoded_by VALUES('methyl-accepting chemotaxis sensory transducer ECL_04322','microbial gene found in Enterobacter cloacae subsp. cloacae ATCC 13047','ECL_04322','gene','Enterobacter cloacae subsp. cloacae ATCC 13047','9126795','Methyl-accepting chemotaxis sensory transducer ECL_04322','gene','4436896','reverse strand','4435349');
INSERT INTO encoded_by VALUES('aromatic acid chemoreceptor PP_2643','microbial gene found in Pseudomonas putida KT2440','PP_2643','gene','Pseudomonas putida KT2440','1046035','Aromatic acid chemoreceptor PP_2643','gene','3029999','forward strand','3028347');
INSERT INTO encoded_by VALUES('methyl-accepting chemotaxis protein YPO0802','microbial gene found in Yersinia pestis CO92','YPO0802','gene','Yersinia pestis CO92','1173641','Methyl-accepting chemotaxis protein YPO0802','gene','883589','reverse strand','881946');
INSERT INTO encoded_by VALUES('methyl-accepting chemotaxis sensory transducer ECL_02252','microbial gene found in Enterobacter cloacae subsp. cloacae ATCC 13047','ECL_02252','gene','Enterobacter cloacae subsp. cloacae ATCC 13047','9124743','Methyl-accepting chemotaxis sensory transducer ECL_02252','gene','2305773','forward strand','2304112');
INSERT INTO encoded_by VALUES('Methyl-accepting chemotaxis protein ECL_03266','microbial gene found in Enterobacter cloacae subsp. cloacae ATCC 13047','ECL_03266','gene','Enterobacter cloacae subsp. cloacae ATCC 13047','9125743','Methyl-accepting chemotaxis protein ECL_03266','gene','3326037','reverse strand','3324412');
INSERT INTO encoded_by VALUES('ribose sensor receptor SDY_1760','microbial gene found in Shigella dysenteriae Sd197','SDY_1760','gene','Shigella dysenteriae Sd197','3796324','Ribose sensor receptor SDY_1760','gene','1602268','reverse strand','1600835');
INSERT INTO encoded_by VALUES('methyl-accepting chemotaxis protein III ECUMN_1668','microbial gene found in Escherichia coli UMN026','ECUMN_1668','gene','Escherichia coli UMN026','7157950','Methyl-accepting chemotaxis protein III ECUMN_1668','gene','1687687','forward strand','1686047');
INSERT INTO encoded_by VALUES('methyl-accepting chemotaxis protein McpB BSU31260','microbial gene found in Bacillus subtilis subsp. subtilis str. 168','BSU31260','gene','Bacillus subtilis subsp. subtilis str. 168','937155','Methyl-accepting chemotaxis protein BSU_31260','gene','3212432','reverse strand','3210444');
INSERT INTO encoded_by VALUES('methyl-accepting chemotaxis protein Tar b1886','microbial gene found in Escherichia coli str. K-12 substr. MG1655','b1886','gene','Escherichia coli str. K-12 substr. MG1655','946399','Methyl-accepting chemotaxis protein Tar b1886','gene','1972690','reverse strand','1971029');
INSERT INTO encoded_by VALUES('methyl-accepting chemotaxis protein BMAA1860','microbial gene found in Burkholderia mallei ATCC 23344','BMAA1860','gene','Burkholderia mallei ATCC 23344','3086973','Methyl-accepting chemotaxis protein BMAA1860','gene','2034963','reverse strand','2033350');
INSERT INTO encoded_by VALUES('methyl-accepting chemotaxis sensory transducer EAE_15540','microbial gene found in Klebsiella aerogenes KCTC 2190','EAE_15540','gene','Enterobacter aerogenes KCTC 2190','10793329','Methyl-accepting chemotaxis sensory transducer EAE_15540','gene','3361659','forward strand','3360049');
INSERT INTO encoded_by VALUES('methyl-accepting chemotaxis protein BMA3389','microbial gene found in Burkholderia mallei ATCC 23344','BMA3389','gene','Burkholderia mallei ATCC 23344','3090143','Methyl-accepting chemotaxis protein BMA3389','gene','3500332','reverse strand','3498773');
INSERT INTO encoded_by VALUES('methyl-accepting chemotaxis protein II ECIAI39_1165','microbial gene found in Escherichia coli IAI39','ECIAI39_1165','gene','Escherichia coli IAI39','7150887','Methyl-accepting chemotaxis protein II ECIAI39_1165','gene','1235071','forward strand','1233410');
INSERT INTO encoded_by VALUES('methyl-accepting chemotaxis sensory transducer ECL_01412','microbial gene found in Enterobacter cloacae subsp. cloacae ATCC 13047','ECL_01412','gene','Enterobacter cloacae subsp. cloacae ATCC 13047','9123915','Methyl-accepting chemotaxis sensory transducer ECL_01412','gene','1433579','forward strand','1431912');
INSERT INTO encoded_by VALUES('chemotaxis sensory transducer Rru_A0568','microbial gene found in Rhodospirillum rubrum ATCC 11170','Rru_A0568','gene','Rhodospirillum rubrum ATCC 11170','3834246','Chemotaxis sensory transducer Rru_A0568','gene','676117','reverse strand','674129');
INSERT INTO encoded_by VALUES('methyl-accepting chemotaxis protein II NRG857_09450','microbial gene found in Escherichia coli O83:H1 str. NRG 857C','NRG857_09450','gene','Escherichia coli O83:H1 str. NRG 857C','12878223','Methyl-accepting chemotaxis protein II NRG857_09450','gene','1942188','reverse strand','1940527');
INSERT INTO encoded_by VALUES('methyl-accepting chemotaxis protein YE0409','microbial gene found in Yersinia enterocolitica subsp. enterocolitica 8081','YE0409','gene','Yersinia enterocolitica subsp. enterocolitica 8081','4713117','Methyl-accepting chemotaxis protein YE0409','gene','479965','forward strand','478385');
INSERT INTO encoded_by VALUES('methyl-accepting chemotaxis sensory transducer ECL_02058','microbial gene found in Enterobacter cloacae subsp. cloacae ATCC 13047','ECL_02058','gene','Enterobacter cloacae subsp. cloacae ATCC 13047','9124553','Methyl-accepting chemotaxis sensory transducer ECL_02058','gene','2094768','reverse strand','2093095');
INSERT INTO encoded_by VALUES('chemotaxis sensory transducer protein Rru_A3513','microbial gene found in Rhodospirillum rubrum ATCC 11170','Rru_A3513','gene','Rhodospirillum rubrum ATCC 11170','3836967','Chemotaxis sensory transducer protein Rru_A3513','gene','4045096','reverse strand','4043339');
INSERT INTO encoded_by VALUES('methyl-accepting chemotaxis protein BP1591','microbial gene found in Bordetella pertussis Tohama I','BP1591','gene','Bordetella pertussis Tohama I','2666610','Methyl-accepting chemotaxis protein BP1591','gene','1669998','forward strand','1668307');
INSERT INTO encoded_by VALUES('methyl-accepting chemotaxis protein Tsr b4355','microbial gene found in Escherichia coli str. K-12 substr. MG1655','b4355','gene','Escherichia coli str. K-12 substr. MG1655','948884','Methyl-accepting chemotaxis protein Tsr b4355','gene','4593311','forward strand','4591656');
INSERT INTO encoded_by VALUES('methyl-accepting chemotaxis protein BN112_0388','microbial gene found in Bordetella bronchiseptica 253','BN112_0388','gene','Bordetella bronchiseptica 253','13977446','Methyl-accepting chemotaxis protein BN112_0388','gene','403382','forward strand','401553');
INSERT INTO encoded_by VALUES('methyl-accepting chemotaxis citrate transducer STY4234','microbial gene found in Salmonella enterica subsp. enterica serovar Typhi str. CT18','STY4234','gene','Salmonella enterica subsp. enterica serovar Typhi str. CT18','1250452','Methyl-accepting chemotaxis citrate transducer STY4234','gene','4101157','reverse strand','4099514');
INSERT INTO encoded_by VALUES('methyl-accepting chemotaxis protein BPSL1829','microbial gene found in Burkholderia pseudomallei K96243','BPSL1829','gene','Burkholderia pseudomallei K96243','3092355','Methyl-accepting chemotaxis protein BPSL1829','gene','2182574','reverse strand','2180670');
INSERT INTO encoded_by VALUES('methyl-accepting chemotaxis protein BC3520','microbial gene found in Bacillus cereus ATCC 14579','BC3520','gene','Bacillus cereus ATCC 14579','1205865','Methyl-accepting chemotaxis protein BC3520','gene','3478646','reverse strand','3476712');
INSERT INTO encoded_by VALUES('methyl-accepting chemotaxis protein II STM4533','microbial gene found in Salmonella enterica subsp. enterica serovar Typhimurium str. LT2','STM4533','gene','Salmonella enterica subsp. enterica serovar Typhimurium str. LT2','1256059','Methyl-accepting chemotaxis protein II STM4533','gene','4791760','forward strand','4790084');
INSERT INTO encoded_by VALUES('methyl-accepting chemotaxis protein STM1626','microbial gene found in Salmonella enterica subsp. enterica serovar Typhimurium str. LT2','STM1626','gene','Salmonella enterica subsp. enterica serovar Typhimurium str. LT2','1253144','Methyl-accepting chemotaxis protein STM1626','gene','1717503','reverse strand','1715872');
INSERT INTO encoded_by VALUES('methyl-accepting chemotaxis protein TlpB BSU31230','microbial gene found in Bacillus subtilis subsp. subtilis str. 168','BSU31230','gene','Bacillus subtilis subsp. subtilis str. 168','937152','Methyl-accepting chemotaxis protein BSU_31230','gene','3206054','reverse strand','3204066');
INSERT INTO encoded_by VALUES('hypothetical protein ECL_01934','microbial gene found in Enterobacter cloacae subsp. cloacae ATCC 13047','ECL_01934','gene','Enterobacter cloacae subsp. cloacae ATCC 13047','9124429','Hypothetical protein ECL_01934','gene','1969196','forward strand','1967646');
INSERT INTO encoded_by VALUES('methyl-accepting chemotaxis protein Tap b1885','microbial gene found in Escherichia coli str. K-12 substr. MG1655','b1885','gene','Escherichia coli str. K-12 substr. MG1655','946397','Methyl-accepting chemotaxis protein Tap b1885','gene','1970983','reverse strand','1969382');
INSERT INTO encoded_by VALUES('methyl-accepting chemotaxis protein I BN112_0365','microbial gene found in Bordetella bronchiseptica 253','BN112_0365','gene','Bordetella bronchiseptica 253','13977423','Methyl-accepting chemotaxis protein I BN112_0365','gene','377966','forward strand','376260');
INSERT INTO encoded_by VALUES('methyl-accepting chemotaxis protein BN112_0760','microbial gene found in Bordetella bronchiseptica 253','BN112_0760','gene','Bordetella bronchiseptica 253','13977818','Methyl-accepting chemotaxis protein BN112_0760','gene','802177','reverse strand','800438');
INSERT INTO encoded_by VALUES('methyl-accepting chemotaxis protein II STM1919','microbial gene found in Salmonella enterica subsp. enterica serovar Typhimurium str. LT2','STM1919','gene','Salmonella enterica subsp. enterica serovar Typhimurium str. LT2','1253440','Methyl-accepting chemotaxis protein II STM1919','gene','2016427','reverse strand','2014752');
INSERT INTO encoded_by VALUES('methyl-accepting chemotaxis protein BPSS0933','microbial gene found in Burkholderia pseudomallei K96243','BPSS0933','gene','Burkholderia pseudomallei K96243','3097215','Methyl-accepting chemotaxis protein BPSS0933','gene','1231514','forward strand','1229958');
INSERT INTO encoded_by VALUES('methyl-accepting chemotaxis protein I BPSL3304','microbial gene found in Burkholderia pseudomallei K96243','BPSL3304','gene','Burkholderia pseudomallei K96243','3092630','Methyl-accepting chemotaxis protein I BPSL3304','gene','3924329','reverse strand','3922308');
INSERT INTO encoded_by VALUES('methyl-accepting chemotaxis protein II ECs2596','microbial gene found in Escherichia coli O157:H7 str. Sakai','ECs2596','gene','Escherichia coli O157:H7 str. Sakai','914160','Methyl-accepting chemotaxis protein II ECs2596','gene','2574620','reverse strand','2572959');
INSERT INTO encoded_by VALUES('methyl-accepting chemotaxis protein II BP1385','microbial gene found in Bordetella pertussis Tohama I','BP1385','gene','Bordetella pertussis Tohama I','2665058','Methyl-accepting chemotaxis protein II BP1385','gene','1463733','forward strand','1462114');
INSERT INTO encoded_by VALUES('Methyl-accepting chemotaxis protein BN117_2406','microbial gene found in Bordetella parapertussis Bpp5','BN117_2406','gene','Bordetella parapertussis Bpp5','13890443','Methyl-accepting chemotaxis protein BN117_2406','gene','2605982','forward strand','2603751');
CREATE TABLE chemotaxis_methyl_accepting_receptor_tar_related_ligand_binding_domain_protein_family
(label VARCHAR(1023),
description VARCHAR(1023),
uniprot_protein_id VARCHAR(1023),
found_in_taxon VARCHAR(1023),
encoded_by VARCHAR(1023),
has_parts VARCHAR(1023),
molecular_function VARCHAR(1023),
cell_component VARCHAR(1023),
biological_process VARCHAR(1023),
instance_of VARCHAR(1023),
refseq_protein_id VARCHAR(1023),
part_of VARCHAR(1023));
INSERT INTO chemotaxis_methyl_accepting_receptor_tar_related_ligand_binding_domain_protein_family VALUES('Methyl-accepting chemotaxis protein BMA3389','microbial protein found in Burkholderia mallei ATCC 23344','A0A0H2WI55','Burkholderia mallei ATCC 23344','methyl-accepting chemotaxis protein BMA3389','Methyl-accepting chemotaxis protein (MCP) signalling domain','signal transducer activity','membrane','chemotaxis','protein','YP_104847','Methyl-accepting chemotaxis protein');
INSERT INTO chemotaxis_methyl_accepting_receptor_tar_related_ligand_binding_domain_protein_family VALUES('Methyl-accepting chemotaxis protein III ECUMN_1668','microbial protein found in Escherichia coli UMN026','B7N4H9','Escherichia coli UMN026','methyl-accepting chemotaxis protein III ECUMN_1668','Methyl-accepting chemotaxis protein (MCP) signalling domain','signal transducer activity','integral component of membrane','signal transduction','protein','YP_002412409','Methyl-accepting chemotaxis protein');
INSERT INTO chemotaxis_methyl_accepting_receptor_tar_related_ligand_binding_domain_protein_family VALUES('Methyl-accepting chemotaxis protein STM1626','microbial protein found in Salmonella enterica subsp. enterica serovar Typhimurium str. LT2','Q8ZPA9','Salmonella enterica subsp. enterica serovar Typhimurium str. LT2','methyl-accepting chemotaxis protein STM1626','Methyl-accepting chemotaxis protein (MCP) signalling domain','signal transducer activity','membrane','chemotaxis','protein','NP_460585','Methyl-accepting chemotaxis protein');
INSERT INTO chemotaxis_methyl_accepting_receptor_tar_related_ligand_binding_domain_protein_family VALUES('Methyl-accepting chemotaxis sensory transducer EAE_15535','microbial protein found in Klebsiella aerogenes KCTC 2190','P21822','Enterobacter aerogenes KCTC 2190','methyl-accepting chemotaxis sensory transducer EAE_15535','Chemotaxis methyl-accepting receptor, methyl-accepting site','signal transducer activity','plasma membrane','chemotaxis','protein','YP_004593297','Methyl-accepting chemotaxis protein');
INSERT INTO chemotaxis_methyl_accepting_receptor_tar_related_ligand_binding_domain_protein_family VALUES('Methyl-accepting chemotaxis protein BN112_0760','microbial protein found in Bordetella bronchiseptica 253','A0A0C6P362','Bordetella bronchiseptica 253','methyl-accepting chemotaxis protein BN112_0760','HAMP domain','signal transducer activity','integral component of membrane','signal transduction','protein','YP_006966841','Methyl-accepting chemotaxis protein');
INSERT INTO chemotaxis_methyl_accepting_receptor_tar_related_ligand_binding_domain_protein_family VALUES('Methyl-accepting chemotaxis protein III ECs2026','microbial protein found in Escherichia coli O157:H7 str. Sakai','Q8X9U9','Escherichia coli O157:H7 str. Sakai','methyl-accepting chemotaxis protein III ECs2026','Chemotaxis methyl-accepting receptor Tar-related, ligand-binding','nan','nan','nan','protein','NP_310053','Methyl-accepting chemotaxis protein');
INSERT INTO chemotaxis_methyl_accepting_receptor_tar_related_ligand_binding_domain_protein_family VALUES('Methyl-accepting chemotaxis protein BSU_31260','microbial protein found in Bacillus subtilis subsp. subtilis str. 168','P39215','Bacillus subtilis subsp. subtilis str. 168','methyl-accepting chemotaxis protein McpB BSU31260','Methyl-accepting chemotaxis protein (MCP) signalling domain','signal transducer activity','plasma membrane','chemotaxis','protein','NP_391004','Periplasmic sensor-like domain superfamily');
INSERT INTO chemotaxis_methyl_accepting_receptor_tar_related_ligand_binding_domain_protein_family VALUES('Methyl-accepting chemotaxis protein II STM3577','microbial protein found in Salmonella enterica subsp. enterica serovar Typhimurium str. LT2','Q02755','Salmonella enterica subsp. enterica serovar Typhimurium str. LT2','methyl-accepting chemotaxis protein II STM3577','Methyl-accepting chemotaxis protein (MCP) signalling domain','signal transducer activity','plasma membrane','chemotaxis','protein','NP_462478','Methyl-accepting chemotaxis protein');
INSERT INTO chemotaxis_methyl_accepting_receptor_tar_related_ligand_binding_domain_protein_family VALUES('Methyl-accepting chemotaxis sensory transducer EAE_15540','microbial protein found in Klebsiella aerogenes KCTC 2190','P21823','Enterobacter aerogenes KCTC 2190','methyl-accepting chemotaxis sensory transducer EAE_15540','Methyl-accepting chemotaxis protein (MCP) signalling domain','signal transducer activity','plasma membrane','chemotaxis','protein','YP_004593298','Methyl-accepting chemotaxis protein');
INSERT INTO chemotaxis_methyl_accepting_receptor_tar_related_ligand_binding_domain_protein_family VALUES('Methyl-accepting protein IV ECL_01413','microbial protein found in Enterobacter cloacae subsp. cloacae ATCC 13047','A0A0H3CK73','Enterobacter cloacae subsp. cloacae ATCC 13047','methyl-accepting protein IV ECL_01413','Chemotaxis methyl-accepting receptor, methyl-accepting site','signal transducer activity','membrane','chemotaxis','protein','YP_003611922','Methyl-accepting chemotaxis protein');
INSERT INTO chemotaxis_methyl_accepting_receptor_tar_related_ligand_binding_domain_protein_family VALUES('Methyl-accepting chemotaxis protein BP1591','microbial protein found in Bordetella pertussis Tohama I','Q7VXY0','Bordetella pertussis Tohama I','methyl-accepting chemotaxis protein BP1591','Methyl-accepting chemotaxis protein (MCP) signalling domain','signal transducer activity','membrane','chemotaxis','protein','NP_880324','Methyl-accepting chemotaxis protein');
INSERT INTO chemotaxis_methyl_accepting_receptor_tar_related_ligand_binding_domain_protein_family VALUES('Methyl-accepting chemotaxis protein BN112_0390','microbial protein found in Bordetella bronchiseptica 253','A0A0C6P217','Bordetella bronchiseptica 253','methyl-accepting chemotaxis protein BN112_0390','Methyl-accepting chemotaxis protein (MCP) signalling domain','signal transducer activity','integral component of membrane','signal transduction','protein','YP_006966476','Methyl-accepting chemotaxis protein');
INSERT INTO chemotaxis_methyl_accepting_receptor_tar_related_ligand_binding_domain_protein_family VALUES('Methyl-accepting chemotaxis protein BN117_2693','microbial protein found in Bordetella parapertussis Bpp5','K0MJD5','Bordetella parapertussis Bpp5','methyl-accepting chemotaxis protein BN117_2693','Methyl-accepting chemotaxis protein (MCP) signalling domain','signal transducer activity','membrane','chemotaxis','protein','YP_006896543','Methyl-accepting chemotaxis protein');
INSERT INTO chemotaxis_methyl_accepting_receptor_tar_related_ligand_binding_domain_protein_family VALUES('Methyl-accepting chemotaxis protein II ECIAI39_1165','microbial protein found in Escherichia coli IAI39','A0A0H3MGC4','Escherichia coli IAI39','methyl-accepting chemotaxis protein II ECIAI39_1165','Methyl-accepting chemotaxis protein (MCP) signalling domain','signal transducer activity','integral component of membrane','signal transduction','protein','YP_002407173','Methyl-accepting chemotaxis protein');
INSERT INTO chemotaxis_methyl_accepting_receptor_tar_related_ligand_binding_domain_protein_family VALUES('Methyl-accepting chemotaxis protein BN112_0388','microbial protein found in Bordetella bronchiseptica 253','A0A0C6NZM7','Bordetella bronchiseptica 253','methyl-accepting chemotaxis protein BN112_0388','Methyl-accepting chemotaxis protein (MCP) signalling domain','signal transducer activity','integral component of membrane','signal transduction','protein','YP_006966474','Methyl-accepting chemotaxis protein');
INSERT INTO chemotaxis_methyl_accepting_receptor_tar_related_ligand_binding_domain_protein_family VALUES('Methyl-accepting chemotaxis sensory transducer ECL_00635','microbial protein found in Enterobacter cloacae subsp. cloacae ATCC 13047','A0A0H3CGC9','Enterobacter cloacae subsp. cloacae ATCC 13047','methyl-accepting chemotaxis sensory transducer ECL_00635','Methyl-accepting chemotaxis protein (MCP) signalling domain','signal transducer activity','integral component of membrane','signal transduction','protein','YP_003611150','Methyl-accepting chemotaxis protein');
INSERT INTO chemotaxis_methyl_accepting_receptor_tar_related_ligand_binding_domain_protein_family VALUES('Methyl-accepting chemotaxis protein II STY2128','microbial protein found in Salmonella enterica subsp. enterica serovar Typhi str. CT18','Q8Z5V0','Salmonella enterica subsp. enterica serovar Typhi str. CT18','methyl-accepting chemotaxis protein II STY2128','Methyl-accepting chemotaxis protein (MCP) signalling domain','nan','nan','nan','protein','NP_456485','Methyl-accepting chemotaxis protein');
INSERT INTO chemotaxis_methyl_accepting_receptor_tar_related_ligand_binding_domain_protein_family VALUES('Ribose sensor receptor SDY_1760','microbial protein found in Shigella dysenteriae Sd197','Q32FM8','Shigella dysenteriae Sd197','ribose sensor receptor SDY_1760','Methyl-accepting chemotaxis protein (MCP) signalling domain','signal transducer activity','membrane','chemotaxis','protein','YP_403368','Methyl-accepting chemotaxis protein');
INSERT INTO chemotaxis_methyl_accepting_receptor_tar_related_ligand_binding_domain_protein_family VALUES('Methyl-accepting chemotaxis protein BMAA1860','microbial protein found in Burkholderia mallei ATCC 23344','A0A0H2W9C0','Burkholderia mallei ATCC 23344','methyl-accepting chemotaxis protein BMAA1860','Methyl-accepting chemotaxis protein (MCP) signalling domain','signal transducer activity','integral component of membrane','signal transduction','protein','YP_106405','Methyl-accepting chemotaxis protein');
INSERT INTO chemotaxis_methyl_accepting_receptor_tar_related_ligand_binding_domain_protein_family VALUES('Methyl-accepting chemotaxis protein BPSS0215','microbial protein found in Burkholderia pseudomallei K96243','Q63NT4','Burkholderia pseudomallei K96243','methyl-accepting chemotaxis protein BPSS0215','HAMP domain','signal transducer activity','integral component of membrane','signal transduction','protein','YP_110235','Methyl-accepting chemotaxis protein');
INSERT INTO chemotaxis_methyl_accepting_receptor_tar_related_ligand_binding_domain_protein_family VALUES('Methyl-accepting chemotaxis protein Tap b1885','microbial protein found in Escherichia coli str. K-12 substr. MG1655','P07018','Escherichia coli str. K-12 substr. MG1655','methyl-accepting chemotaxis protein Tap b1885','Methyl-accepting chemotaxis protein (MCP) signalling domain','nan','nan','nan','protein','NP_416399','Methyl-accepting chemotaxis protein');
INSERT INTO chemotaxis_methyl_accepting_receptor_tar_related_ligand_binding_domain_protein_family VALUES('Methyl-accepting chemotaxis sensory transducer ECL_00603','microbial protein found in Enterobacter cloacae subsp. cloacae ATCC 13047','A0A0H3CEX8','Enterobacter cloacae subsp. cloacae ATCC 13047','methyl-accepting chemotaxis sensory transducer ECL_00603','Methyl-accepting chemotaxis protein (MCP) signalling domain','signal transducer activity','integral component of membrane','signal transduction','protein','YP_003611118','Methyl-accepting chemotaxis protein');
INSERT INTO chemotaxis_methyl_accepting_receptor_tar_related_ligand_binding_domain_protein_family VALUES('Methyl-accepting chemotaxis protein BMAA1298','microbial protein found in Burkholderia mallei ATCC 23344','A0A0H2WC83','Burkholderia mallei ATCC 23344','methyl-accepting chemotaxis protein BMAA1298','Methyl-accepting chemotaxis protein (MCP) signalling domain','signal transducer activity','integral component of membrane','signal transduction','protein','YP_105919','Methyl-accepting chemotaxis protein');
INSERT INTO chemotaxis_methyl_accepting_receptor_tar_related_ligand_binding_domain_protein_family VALUES('Methyl-accepting chemotaxis protein II BP1385','microbial protein found in Bordetella pertussis Tohama I','Q7VYF7','Bordetella pertussis Tohama I','methyl-accepting chemotaxis protein II BP1385','HAMP domain','signal transducer activity','membrane','chemotaxis','protein','NP_880132','Methyl-accepting chemotaxis protein');
INSERT INTO chemotaxis_methyl_accepting_receptor_tar_related_ligand_binding_domain_protein_family VALUES('Aromatic acid chemoreceptor PP_2643','microbial protein found in Pseudomonas putida KT2440','Q88JK6','Pseudomonas putida KT2440','aromatic acid chemoreceptor PP_2643','HAMP domain','signal transducer activity','membrane','chemotaxis','protein','NP_744787','Methyl-accepting chemotaxis protein');
INSERT INTO chemotaxis_methyl_accepting_receptor_tar_related_ligand_binding_domain_protein_family VALUES('Hypothetical protein ECL_01934','microbial protein found in Enterobacter cloacae subsp. cloacae ATCC 13047','A0A0H3CJK4','Enterobacter cloacae subsp. cloacae ATCC 13047','hypothetical protein ECL_01934','Methyl-accepting chemotaxis protein (MCP) signalling domain','signal transducer activity','integral component of membrane','signal transduction','protein','YP_003612435','Methyl-accepting chemotaxis protein');
INSERT INTO chemotaxis_methyl_accepting_receptor_tar_related_ligand_binding_domain_protein_family VALUES('Methyl-accepting chemotaxis protein (membrane curvature dependent localisation) BSU_31250','microbial protein found in Bacillus subtilis subsp. subtilis str. 168','P39216','Bacillus subtilis subsp. subtilis str. 168','methyl-accepting chemotaxis protein TlpA BSU31250','Methyl-accepting chemotaxis protein (MCP) signalling domain','signal transducer activity','plasma membrane','chemotaxis','protein','NP_391003','Periplasmic sensor-like domain superfamily');
INSERT INTO chemotaxis_methyl_accepting_receptor_tar_related_ligand_binding_domain_protein_family VALUES('Methyl-accepting chemotaxis citrate transducer STY4234','microbial protein found in Salmonella enterica subsp. enterica serovar Typhi str. CT18','Q8Z256','Salmonella enterica subsp. enterica serovar Typhi str. CT18','methyl-accepting chemotaxis citrate transducer STY4234','Chemotaxis methyl-accepting receptor, methyl-accepting site','nan','nan','nan','protein','NP_458344','Methyl-accepting chemotaxis protein');
INSERT INTO chemotaxis_methyl_accepting_receptor_tar_related_ligand_binding_domain_protein_family VALUES('Methyl-accepting chemotaxis protein BN112_2004','microbial protein found in Bordetella bronchiseptica 253','A0A0C6P6K4','Bordetella bronchiseptica 253','methyl-accepting chemotaxis protein BN112_2004','Methyl-accepting chemotaxis protein (MCP) signalling domain','signal transducer activity','membrane','chemotaxis','protein','YP_006968067','Methyl-accepting chemotaxis protein');
INSERT INTO chemotaxis_methyl_accepting_receptor_tar_related_ligand_binding_domain_protein_family VALUES('Chemotaxis sensory transducer protein Rru_A3513','microbial protein found in Rhodospirillum rubrum ATCC 11170','Q2RNI8','Rhodospirillum rubrum ATCC 11170','chemotaxis sensory transducer protein Rru_A3513','Methyl-accepting chemotaxis protein (MCP) signalling domain','signal transducer activity','integral component of membrane','signal transduction','protein','YP_428594','Methyl-accepting chemotaxis protein');
INSERT INTO chemotaxis_methyl_accepting_receptor_tar_related_ligand_binding_domain_protein_family VALUES('Methyl-accepting chemotaxis protein II ECs2596','microbial protein found in Escherichia coli O157:H7 str. Sakai','A0A0H3JFK1','Escherichia coli O157:H7 str. Sakai','methyl-accepting chemotaxis protein II ECs2596','Chemotaxis methyl-accepting receptor Tar-related, ligand-binding','nan','nan','nan','protein','NP_310623','Methyl-accepting chemotaxis protein');
INSERT INTO chemotaxis_methyl_accepting_receptor_tar_related_ligand_binding_domain_protein_family VALUES('Methyl-accepting chemotaxis protein BPSL1829','microbial protein found in Burkholderia pseudomallei K96243','Q63TY8','Burkholderia pseudomallei K96243','methyl-accepting chemotaxis protein BPSL1829','Methyl-accepting chemotaxis protein (MCP) signalling domain','signal transducer activity','membrane','chemotaxis','protein','YP_108428','Methyl-accepting chemotaxis protein');
INSERT INTO chemotaxis_methyl_accepting_receptor_tar_related_ligand_binding_domain_protein_family VALUES('Methyl-accepting chemotaxis protein Trg b1421','microbial protein found in Escherichia coli str. K-12 substr. MG1655','P05704','Escherichia coli str. K-12 substr. MG1655','methyl-accepting chemotaxis protein Trg b1421','Chemotaxis methyl-accepting receptor, methyl-accepting site','nan','nan','nan','protein','NP_415938','Methyl-accepting chemotaxis protein');
INSERT INTO chemotaxis_methyl_accepting_receptor_tar_related_ligand_binding_domain_protein_family VALUES('Methyl-accepting chemotaxis protein BPSS0933','microbial protein found in Burkholderia pseudomallei K96243','Q63LS9','Burkholderia pseudomallei K96243','methyl-accepting chemotaxis protein BPSS0933','Chemotaxis methyl-accepting receptor, methyl-accepting site','signal transducer activity','integral component of membrane','signal transduction','protein','YP_110942','Methyl-accepting chemotaxis protein');
INSERT INTO chemotaxis_methyl_accepting_receptor_tar_related_ligand_binding_domain_protein_family VALUES('Methyl-accepting chemotaxis protein I BN112_0365','microbial protein found in Bordetella bronchiseptica 253','A0A0C6P1Z9','Bordetella bronchiseptica 253','methyl-accepting chemotaxis protein I BN112_0365','HAMP domain','signal transducer activity','integral component of membrane','signal transduction','protein','YP_006966451','Methyl-accepting chemotaxis protein');
INSERT INTO chemotaxis_methyl_accepting_receptor_tar_related_ligand_binding_domain_protein_family VALUES('Methyl-accepting chemotaxis protein BPSL0323','microbial protein found in Burkholderia pseudomallei K96243','Q63Y65','Burkholderia pseudomallei K96243','methyl-accepting chemotaxis protein BPSL0323','Methyl-accepting chemotaxis protein (MCP) signalling domain','signal transducer activity','membrane','chemotaxis','protein','YP_106950','Methyl-accepting chemotaxis protein');
INSERT INTO chemotaxis_methyl_accepting_receptor_tar_related_ligand_binding_domain_protein_family VALUES('Methyl-accepting chemotaxis protein BSU_31240','microbial protein found in Bacillus subtilis subsp. subtilis str. 168','P39214','Bacillus subtilis subsp. subtilis str. 168','methyl-accepting chemotaxis protein McpA BSU31240','Methyl-accepting chemotaxis protein (MCP) signalling domain','signal transducer activity','plasma membrane','chemotaxis','protein','NP_391002','Periplasmic sensor-like domain superfamily');
INSERT INTO chemotaxis_methyl_accepting_receptor_tar_related_ligand_binding_domain_protein_family VALUES('Methyl-accepting chemotaxis sensory transducer ECL_01412','microbial protein found in Enterobacter cloacae subsp. cloacae ATCC 13047','A0A0H3CIJ0','Enterobacter cloacae subsp. cloacae ATCC 13047','methyl-accepting chemotaxis sensory transducer ECL_01412','Chemotaxis methyl-accepting receptor, methyl-accepting site','signal transducer activity','integral component of membrane','signal transduction','protein','YP_003611921','Methyl-accepting chemotaxis protein');
INSERT INTO chemotaxis_methyl_accepting_receptor_tar_related_ligand_binding_domain_protein_family VALUES('Methyl-accepting chemotaxis protein BP2268','microbial protein found in Bordetella pertussis Tohama I','Q7VWI1','Bordetella pertussis Tohama I','methyl-accepting chemotaxis protein BP2268','Methyl-accepting chemotaxis protein (MCP) signalling domain','signal transducer activity','integral component of membrane','signal transduction','protein','NP_880911','Methyl-accepting chemotaxis protein');
INSERT INTO chemotaxis_methyl_accepting_receptor_tar_related_ligand_binding_domain_protein_family VALUES('Methyl-accepting chemotaxis sensory transducer ECL_01991','microbial protein found in Enterobacter cloacae subsp. cloacae ATCC 13047','A0A0H3CLV4','Enterobacter cloacae subsp. cloacae ATCC 13047','methyl-accepting chemotaxis sensory transducer ECL_01991','Methyl-accepting chemotaxis protein (MCP) signalling domain','signal transducer activity','membrane','chemotaxis','protein','YP_003612492','Methyl-accepting chemotaxis protein');
INSERT INTO chemotaxis_methyl_accepting_receptor_tar_related_ligand_binding_domain_protein_family VALUES('Chemotaxis sensory transducer Rru_A0568','microbial protein found in Rhodospirillum rubrum ATCC 11170','Q2RWX3','Rhodospirillum rubrum ATCC 11170','chemotaxis sensory transducer Rru_A0568','Methyl-accepting chemotaxis protein (MCP) signalling domain','signal transducer activity','membrane','chemotaxis','protein','YP_425659','membrane proteins');
INSERT INTO chemotaxis_methyl_accepting_receptor_tar_related_ligand_binding_domain_protein_family VALUES('Methyl-accepting chemotaxis protein I BPSL3304','microbial protein found in Burkholderia pseudomallei K96243','Q63PR9','Burkholderia pseudomallei K96243','methyl-accepting chemotaxis protein I BPSL3304','Methyl-accepting chemotaxis protein (MCP) signalling domain','signal transducer activity','integral component of membrane','signal transduction','protein','YP_109900','Methyl-accepting chemotaxis protein');
INSERT INTO chemotaxis_methyl_accepting_receptor_tar_related_ligand_binding_domain_protein_family VALUES('Methyl-accepting chemotaxis protein BN117_2406','microbial protein found in Bordetella parapertussis Bpp5','K0MIR7','Bordetella parapertussis Bpp5','Methyl-accepting chemotaxis protein BN117_2406','Methyl-accepting chemotaxis protein (MCP) signalling domain','signal transducer activity','membrane','chemotaxis','protein','YP_006896309','Methyl-accepting chemotaxis protein');
INSERT INTO chemotaxis_methyl_accepting_receptor_tar_related_ligand_binding_domain_protein_family VALUES('Methyl-accepting chemotaxis protein I BP1384','microbial protein found in Bordetella pertussis Tohama I','Q7VYF8','Bordetella pertussis Tohama I','methyl-accepting chemotaxis protein I BP1384','Methyl-accepting chemotaxis protein (MCP) signalling domain','signal transducer activity','membrane','chemotaxis','protein','NP_880131','Methyl-accepting chemotaxis protein');
INSERT INTO chemotaxis_methyl_accepting_receptor_tar_related_ligand_binding_domain_protein_family VALUES('Methyl-accepting chemotaxis sensory transducer ECL_02252','microbial protein found in Enterobacter cloacae subsp. cloacae ATCC 13047','A0A0H3CJJ2','Enterobacter cloacae subsp. cloacae ATCC 13047','methyl-accepting chemotaxis sensory transducer ECL_02252','Methyl-accepting chemotaxis protein (MCP) signalling domain','signal transducer activity','integral component of membrane','signal transduction','protein','YP_003612749','Methyl-accepting chemotaxis protein');
INSERT INTO chemotaxis_methyl_accepting_receptor_tar_related_ligand_binding_domain_protein_family VALUES('Methyl-accepting chemotaxis protein II STM4533','microbial protein found in Salmonella enterica subsp. enterica serovar Typhimurium str. LT2','Q8ZJY4','Salmonella enterica subsp. enterica serovar Typhimurium str. LT2','methyl-accepting chemotaxis protein II STM4533','Chemotaxis methyl-accepting receptor, methyl-accepting site','signal transducer activity','membrane','chemotaxis','protein','NP_463392','Methyl-accepting chemotaxis protein');
INSERT INTO chemotaxis_methyl_accepting_receptor_tar_related_ligand_binding_domain_protein_family VALUES('Methyl-accepting chemotaxis protein BC3520','microbial protein found in Bacillus cereus ATCC 14579','Q81AP1','Bacillus cereus ATCC 14579','methyl-accepting chemotaxis protein BC3520','Methyl-accepting chemotaxis protein (MCP) signalling domain','signal transducer activity','membrane','chemotaxis','protein','NP_833253','Periplasmic sensor-like domain superfamily');
INSERT INTO chemotaxis_methyl_accepting_receptor_tar_related_ligand_binding_domain_protein_family VALUES('Methyl-accepting chemotaxis sensory transducer ECL_02058','microbial protein found in Enterobacter cloacae subsp. cloacae ATCC 13047','A0A0H3CJ10','Enterobacter cloacae subsp. cloacae ATCC 13047','methyl-accepting chemotaxis sensory transducer ECL_02058','Methyl-accepting chemotaxis protein (MCP) signalling domain','signal transducer activity','integral component of membrane','signal transduction','protein','YP_003612559','Methyl-accepting chemotaxis protein');
INSERT INTO chemotaxis_methyl_accepting_receptor_tar_related_ligand_binding_domain_protein_family VALUES('Methyl-accepting chemotaxis protein I ECs5315','microbial protein found in Escherichia coli O157:H7 str. Sakai','A0A0H3JS22','Escherichia coli O157:H7 str. Sakai','methyl-accepting chemotaxis protein I ECs5315','Chemotaxis methyl-accepting receptor Tar-related, ligand-binding','nan','nan','nan','protein','NP_313342','Methyl-accepting chemotaxis protein');
INSERT INTO chemotaxis_methyl_accepting_receptor_tar_related_ligand_binding_domain_protein_family VALUES('Methyl-accepting chemotaxis protein YPO0802','microbial protein found in Yersinia pestis CO92','Q0WIN1','Yersinia pestis CO92','methyl-accepting chemotaxis protein YPO0802','Methyl-accepting chemotaxis protein (MCP) signalling domain','nan','nan','nan','protein','YP_002345857','Methyl-accepting chemotaxis protein');
INSERT INTO chemotaxis_methyl_accepting_receptor_tar_related_ligand_binding_domain_protein_family VALUES('Methyl-accepting chemotaxis protein ECL_03266','microbial protein found in Enterobacter cloacae subsp. cloacae ATCC 13047','A0A0H3CN65','Enterobacter cloacae subsp. cloacae ATCC 13047','Methyl-accepting chemotaxis protein ECL_03266','Methyl-accepting chemotaxis protein (MCP) signalling domain','signal transducer activity','membrane','chemotaxis','protein','YP_003613749','Methyl-accepting chemotaxis protein');
INSERT INTO chemotaxis_methyl_accepting_receptor_tar_related_ligand_binding_domain_protein_family VALUES('Methyl-accepting chemotaxis protein II ECUMN_2183','microbial protein found in Escherichia coli UMN026','B7NBN6','Escherichia coli UMN026','methyl-accepting chemotaxis protein II ECUMN_2183','Chemotaxis methyl-accepting receptor, methyl-accepting site','signal transducer activity','membrane','chemotaxis','protein','YP_002412905','Methyl-accepting chemotaxis protein');
INSERT INTO chemotaxis_methyl_accepting_receptor_tar_related_ligand_binding_domain_protein_family VALUES('Methyl-accepting chemotaxis protein I BP1030','microbial protein found in Bordetella pertussis Tohama I','Q7VZ95','Bordetella pertussis Tohama I','methyl-accepting chemotaxis protein I BP1030','Methyl-accepting chemotaxis protein (MCP) signalling domain','signal transducer activity','membrane','chemotaxis','protein','NP_879819','Methyl-accepting chemotaxis protein');
INSERT INTO chemotaxis_methyl_accepting_receptor_tar_related_ligand_binding_domain_protein_family VALUES('Methyl-accepting chemotaxis protein I, serine sensor receptor ECIAI39_4825','microbial protein found in Escherichia coli IAI39','A0A0H3MXG4','Escherichia coli IAI39','methyl-accepting chemotaxis protein I, serine sensor receptor ECIAI39_4825','Chemotaxis methyl-accepting receptor, methyl-accepting site','signal transducer activity','membrane','chemotaxis','protein','YP_002410676','Methyl-accepting chemotaxis protein');
INSERT INTO chemotaxis_methyl_accepting_receptor_tar_related_ligand_binding_domain_protein_family VALUES('Methyl-accepting chemotaxis protein Tar b1886','microbial protein found in Escherichia coli str. K-12 substr. MG1655','P07017','Escherichia coli str. K-12 substr. MG1655','methyl-accepting chemotaxis protein Tar b1886','Methyl-accepting chemotaxis protein (MCP) signalling domain','nan','nan','nan','protein','NP_416400','Methyl-accepting chemotaxis protein');
INSERT INTO chemotaxis_methyl_accepting_receptor_tar_related_ligand_binding_domain_protein_family VALUES('Methyl-accepting chemotaxis protein BSU_31230','microbial protein found in Bacillus subtilis subsp. subtilis str. 168','P39217','Bacillus subtilis subsp. subtilis str. 168','methyl-accepting chemotaxis protein TlpB BSU31230','Methyl-accepting chemotaxis protein (MCP) signalling domain','signal transducer activity','plasma membrane','chemotaxis','protein','NP_391001','Periplasmic sensor-like domain superfamily');
INSERT INTO chemotaxis_methyl_accepting_receptor_tar_related_ligand_binding_domain_protein_family VALUES('Methyl-accepting protein IV ECs2595','microbial protein found in Escherichia coli O157:H7 str. Sakai','Q8XCF7','Escherichia coli O157:H7 str. Sakai','methyl-accepting protein IV ECs2595','Chemotaxis methyl-accepting receptor Tar-related, ligand-binding','nan','nan','nan','protein','NP_310622','Methyl-accepting chemotaxis protein');
INSERT INTO chemotaxis_methyl_accepting_receptor_tar_related_ligand_binding_domain_protein_family VALUES('Methyl-accepting chemotaxis protein BMA2857','microbial protein found in Burkholderia mallei ATCC 23344','A0A0H2WFS3','Burkholderia mallei ATCC 23344','methyl-accepting chemotaxis protein BMA2857','Methyl-accepting chemotaxis protein (MCP) signalling domain','signal transducer activity','integral component of membrane','signal transduction','protein','YP_104368','Methyl-accepting chemotaxis protein');
INSERT INTO chemotaxis_methyl_accepting_receptor_tar_related_ligand_binding_domain_protein_family VALUES('Methyl-accepting chemotaxis protein I ECUMN_4977','microbial protein found in Escherichia coli UMN026','B7NH23','Escherichia coli UMN026','methyl-accepting chemotaxis protein I ECUMN_4977','Methyl-accepting chemotaxis protein (MCP) signalling domain','signal transducer activity','membrane','chemotaxis','protein','YP_002415554','Methyl-accepting chemotaxis protein');
INSERT INTO chemotaxis_methyl_accepting_receptor_tar_related_ligand_binding_domain_protein_family VALUES('Methyl-accepting chemotaxis protein II STM1919','microbial protein found in Salmonella enterica subsp. enterica serovar Typhimurium str. LT2','P02941','Salmonella enterica subsp. enterica serovar Typhimurium str. LT2','methyl-accepting chemotaxis protein II STM1919','Methyl-accepting chemotaxis protein (MCP) signalling domain','signal transducer activity','plasma membrane','chemotaxis','protein','NP_460876','Methyl-accepting chemotaxis protein');
INSERT INTO chemotaxis_methyl_accepting_receptor_tar_related_ligand_binding_domain_protein_family VALUES('Methyl-accepting protein IV O3K_10180','microbial protein found in Escherichia coli O104:H4 str. 2011C-3493','A0A0E0XY14','Escherichia coli O104:H4 str. 2011C-3493','methyl-accepting protein IV O3K_10180','Methyl-accepting chemotaxis protein (MCP) signalling domain','signal transducer activity','integral component of membrane','chemotaxis','protein','YP_006778731','Methyl-accepting chemotaxis protein');
INSERT INTO chemotaxis_methyl_accepting_receptor_tar_related_ligand_binding_domain_protein_family VALUES('Methyl-accepting chemotaxis protein Tsr b4355','microbial protein found in Escherichia coli str. K-12 substr. MG1655','P02942','Escherichia coli str. K-12 substr. MG1655','methyl-accepting chemotaxis protein Tsr b4355','Methyl-accepting chemotaxis protein (MCP) signalling domain','nan','nan','nan','protein','NP_418775','Methyl-accepting chemotaxis protein');
INSERT INTO chemotaxis_methyl_accepting_receptor_tar_related_ligand_binding_domain_protein_family VALUES('Methyl-accepting chemotaxis protein I BN112_0387','microbial protein found in Bordetella bronchiseptica 253','A0A0C6NZV1','Bordetella bronchiseptica 253','methyl-accepting chemotaxis protein I BN112_0387','Methyl-accepting chemotaxis protein (MCP) signalling domain','signal transducer activity','integral component of membrane','signal transduction','protein','YP_006966473','Methyl-accepting chemotaxis protein');
INSERT INTO chemotaxis_methyl_accepting_receptor_tar_related_ligand_binding_domain_protein_family VALUES('Methyl-accepting protein IV ECUMN_2182','microbial protein found in Escherichia coli UMN026','B7NBN5','Escherichia coli UMN026','methyl-accepting protein IV ECUMN_2182','Chemotaxis methyl-accepting receptor, methyl-accepting site','signal transducer activity','membrane','chemotaxis','protein','YP_002412904','Methyl-accepting chemotaxis protein');
INSERT INTO chemotaxis_methyl_accepting_receptor_tar_related_ligand_binding_domain_protein_family VALUES('Methyl-accepting chemotaxis sensory transducer ECL_00760','microbial protein found in Enterobacter cloacae subsp. cloacae ATCC 13047','A0A0H3CFB1','Enterobacter cloacae subsp. cloacae ATCC 13047','methyl-accepting chemotaxis sensory transducer ECL_00760','Methyl-accepting chemotaxis protein (MCP) signalling domain','signal transducer activity','integral component of membrane','signal transduction','protein','YP_003611273','Methyl-accepting chemotaxis protein');
INSERT INTO chemotaxis_methyl_accepting_receptor_tar_related_ligand_binding_domain_protein_family VALUES('Methyl-accepting chemotaxis protein II NRG857_09450','microbial protein found in Escherichia coli O83:H1 str. NRG 857C','A0A0H3EK10','Escherichia coli O83:H1 str. NRG 857C','methyl-accepting chemotaxis protein II NRG857_09450','Methyl-accepting chemotaxis protein (MCP) signalling domain','signal transducer activity','membrane','chemotaxis','protein','YP_006120245','Methyl-accepting chemotaxis protein');
INSERT INTO chemotaxis_methyl_accepting_receptor_tar_related_ligand_binding_domain_protein_family VALUES('Methyl-accepting chemotaxis sensory transducer ECL_04322','microbial protein found in Enterobacter cloacae subsp. cloacae ATCC 13047','A0A0H3CTC4','Enterobacter cloacae subsp. cloacae ATCC 13047','methyl-accepting chemotaxis sensory transducer ECL_04322','Methyl-accepting chemotaxis protein (MCP) signalling domain','signal transducer activity','membrane','chemotaxis','protein','YP_003614801','Methyl-accepting chemotaxis protein');
INSERT INTO chemotaxis_methyl_accepting_receptor_tar_related_ligand_binding_domain_protein_family VALUES('Methyl-accepting chemotaxis protein YE0409','microbial protein found in Yersinia enterocolitica subsp. enterocolitica 8081','A1JIU5','Yersinia enterocolitica subsp. enterocolitica 8081','methyl-accepting chemotaxis protein YE0409','GGDEF domain','signal transducer activity','membrane','chemotaxis','protein','YP_001004781','Methyl-accepting chemotaxis protein');
