INSERT INTO city (city_id, city_name, state, population, area)  VALUES (647, 'Little Rock', 'Arkansas', 183133, 116.2000000000000028);
INSERT INTO (cust_id, cust_name, annual_revenue, cust_type, address, city, state, zip, phone)  VALUES (896, 'U-Haul CO - Moving Center, Clarksville', 12921540, 'retailer', '712 Providence Boulevard', 'Clarksville', 'TN', 37042.0, '(931) 647-8028');
INSERT INTO city (city_id, city_name, state, population, area)  VALUES (133, 'Trenton', 'New Jersey', 85403, 7.700000000000000177);
INSERT INTO shipment (ship_id, cust_id, weight, truck_id, driver_id, city_id, ship_date)  VALUES (1497, 2634, 5283.0, 6, 20, 382, '2017-02-20');
INSERT INTO customer (cust_id, cust_name, annual_revenue, cust_type, address, city, state, zip, phone)  VALUES (4415, 'Ron''s Hitch-N-Tow', 46378060, 'wholesaler', '90054 Prairie Road', 'Eugene', 'OR', 97402.0, '(541) 463-8469');
INSERT INTO city (city_id, city_name, state, population, area)  VALUES (687, 'Kansas City', 'Missouri', 441545, 313.6000000000000227);
INSERT INTO city (city_id, city_name, state, population, area)  VALUES (468, 'Lake Charles', 'Louisiana', 71757, 40.20000000000000285);
INSERT INTO customer (cust_id, cust_name, annual_revenue, cust_type, address, city, state, zip, phone)  VALUES (1290, 'Vm & E Inc', 47351986, 'retailer', '4196 Farm Road', 'West Jordan', 'UT', 84088.0, '(801) 280-6424');
INSERT INTO (ship_id, cust_id, weight, truck_id, driver_id, city_id, ship_date)  VALUES (1878, 2906, 14787.0, 3, 20, 690, '2017-11-07');
INSERT INTO city (city_id, city_name, state, population, area)  VALUES (390, 'Vallejo', 'California', 116760, 30.19999999999999929);
INSERT INTO customer (cust_id, cust_name, annual_revenue, cust_type, address, city, state, zip, phone)  VALUES (2625, 'Kirby''s Hitch & Wiring', 4376177, 'retailer', '234 North Lincoln Avenue', 'Loveland', 'CO', 80537.0, '(970) 663-3398');
INSERT INTO (city_id, city_name, state, population, area)  VALUES (315, 'Coon Rapids', 'Minnesota', 61607, 22.69999999999999929);
INSERT INTO city (city_id, city_name, state, population, area)  VALUES (216, 'Costa Mesa', 'California', 108724, 15.59999999999999965);
INSERT INTO customer (cust_id, cust_name, annual_revenue, cust_type, address, city, state, zip, phone)  VALUES (3447, 'Sennett Semi-Trailer Inc', 46538609, 'manufacturer', '14193 Valley Boulevard', 'Fontana', 'CA', 92335.0, '(909) 428-8450');
INSERT INTO shipment (ship_id, cust_id, weight, truck_id, driver_id, city_id, ship_date)  VALUES (1418, 2298, 4203.0, 11, 22, 197, '2016-12-28');
INSERT INTO customer (cust_id, cust_name, annual_revenue, cust_type, address, city, state, zip, phone)  VALUES (2001, 'So Cal Trailer Repair Inc', 45173186, 'wholesaler', '9263 Orco Parkway Suite E', 'Riverside', 'CA', 92509.0, '(951) 361-4968');
INSERT INTO (truck_id, make, model_year)  VALUES (9, 'Mack', 2009);
INSERT INTO (ship_id, cust_id, weight, truck_id, driver_id, city_id, ship_date)  VALUES (1295, 493, 2736.0, 7, 27, 534, '2016-10-08');
INSERT INTO city (city_id, city_name, state, population, area)  VALUES (236, 'Saginaw', 'Michigan', 61799, 17.39999999999999857);
INSERT INTO (city_id, city_name, state, population, area)  VALUES (306, 'Rialto', 'California', 91873, 21.89999999999999857);
INSERT INTO city (city_id, city_name, state, population, area)  VALUES (428, 'Corona', 'California', 124966, 35.10000000000000142);
INSERT INTO truck (truck_id, make, model_year)  VALUES (1, 'Peterbilt', 2005);
INSERT INTO shipment (ship_id, cust_id, weight, truck_id, driver_id, city_id, ship_date)  VALUES (1840, 1391, 11781.0, 1, 20, 574, '2017-10-11');
INSERT INTO city (city_id, city_name, state, population, area)  VALUES (178, 'St. Clair Shores', 'Michigan', 63096, 11.5);
INSERT INTO customer (cust_id, cust_name, annual_revenue, cust_type, address, city, state, zip, phone)  VALUES (3161, 'Tmp Truck & Trailer Lp', 16435850, 'manufacturer', '2700 South Rankin Highway 349', 'Midland', 'TX', 79706.0, '(432) 620-9777');
INSERT INTO customer (cust_id, cust_name, annual_revenue, cust_type, address, city, state, zip, phone)  VALUES (4767, 'Line X Spray-On Truck Bedliner & Truck Accessories', 2081175, 'manufacturer', '4308 South Mingo Road', 'Tulsa', 'OK', 74146.0, '(918) 641-5599');
INSERT INTO city (city_id, city_name, state, population, area)  VALUES (569, 'Washington', 'DC', 572059, 61.39999999999999858);
INSERT INTO shipment (ship_id, cust_id, weight, truck_id, driver_id, city_id, ship_date)  VALUES (1073, 2617, 7497.0, 2, 29, 308, '2016-05-09');
INSERT INTO customer (cust_id, cust_name, annual_revenue, cust_type, address, city, state, zip, phone)  VALUES (3660, 'American Automotive Market', 33071440, 'wholesaler', '344 Winthrop Street', 'Taunton', 'MA', 2780.0, '(508) 823-0746');
INSERT INTO shipment (ship_id, cust_id, weight, truck_id, driver_id, city_id, ship_date)  VALUES (1388, 4347, 6633.0, 5, 24, 674, '2016-12-10');
INSERT INTO customer (cust_id, cust_name, annual_revenue, cust_type, address, city, state, zip, phone)  VALUES (1092, 'Ziebart', 15608160, 'manufacturer', '2440 West 3rd Street', 'Bloomington', 'IN', 47404.0, '(812) 336-7878');
INSERT INTO city (city_id, city_name, state, population, area)  VALUES (652, 'Columbia', 'South Carolina', 116278, 125.2000000000000028);
INSERT INTO (ship_id, cust_id, weight, truck_id, driver_id, city_id, ship_date)  VALUES (1869, 4347, 12051.0, 6, 23, 186, '2017-11-02');
INSERT INTO (city_id, city_name, state, population, area)  VALUES (308, 'Erie', 'Pennsylvania', 103717, 22.0);
INSERT INTO customer (cust_id, cust_name, annual_revenue, cust_type, address, city, state, zip, phone)  VALUES (4353, 'Texas Wrecker Sales Inc.', 1072169, 'wholesaler', '10611 New Church Rd', 'Dallas', 'TX', 75238.0, '(214) 340-1200');
INSERT INTO shipment (ship_id, cust_id, weight, truck_id, driver_id, city_id, ship_date)  VALUES (1355, 1391, 1854.0, 8, 20, 503, '2016-11-16');
INSERT INTO city (city_id, city_name, state, population, area)  VALUES (290, 'Ventura', 'California', 100916, 21.10000000000000143);
INSERT INTO shipment (ship_id, cust_id, weight, truck_id, driver_id, city_id, ship_date)  VALUES (1244, 2593, 6966.0, 4, 21, 621, '2016-09-01');
INSERT INTO (city_id, city_name, state, population, area)  VALUES (433, 'Bloomington', 'Minnesota', 85172, 35.5);
INSERT INTO city (city_id, city_name, state, population, area)  VALUES (617, 'Beaumont', 'Texas', 113866, 85.0);
INSERT INTO customer (cust_id, cust_name, annual_revenue, cust_type, address, city, state, zip, phone)  VALUES (660, 'Eppies Discount Tire & Auto Centers', 39677758, 'manufacturer', '9409 Bustleton Avenue', 'Philadelphia', 'PA', 19115.0, '(215) 464-8200');
INSERT INTO city (city_id, city_name, state, population, area)  VALUES (120, 'Cambridge', 'Massachusetts', 101355, 6.400000000000000355);
INSERT INTO city (city_id, city_name, state, population, area)  VALUES (613, 'Baltimore', 'Maryland', 651154, 80.79999999999999716);
INSERT INTO shipment (ship_id, cust_id, weight, truck_id, driver_id, city_id, ship_date)  VALUES (1348, 2906, 11394.0, 12, 21, 639, '2016-11-13');
INSERT INTO truck (truck_id, make, model_year)  VALUES (11, 'Peterbilt', 2010);
INSERT INTO city (city_id, city_name, state, population, area)  VALUES (229, 'Champaign', 'Illinois', 67518, 17.0);
INSERT INTO driver (driver_id, first_name, last_name, address, city, state, zip_code, phone)  VALUES (24, 'Adel', 'Al-Alawi', '749 E Mckellar Ave', 'Memphis', 'TN', 38106, '(901) 947-4433');
INSERT INTO city (city_id, city_name, state, population, area)  VALUES (142, 'Pawtucket', 'Rhode Island', 72958, 8.699999999999999289);
INSERT INTO shipment (ship_id, cust_id, weight, truck_id, driver_id, city_id, ship_date)  VALUES (1205, 931, 1998.0, 1, 22, 236, '2016-08-07');
INSERT INTO customer (cust_id, cust_name, annual_revenue, cust_type, address, city, state, zip, phone)  VALUES (4368, 'Ballew''s Hitch Truck & RV', 40780745, 'retailer', '2940 South M Street', 'Tacoma', 'WA', 98409.0, '(253) 770-2412');
INSERT INTO customer (cust_id, cust_name, annual_revenue, cust_type, address, city, state, zip, phone)  VALUES (2427, 'Ziebart', 44006667, 'manufacturer', '6754 Pearl Road', 'Cleveland', 'OH', 44130.0, '(440) 845-6031');
INSERT INTO customer (cust_id, cust_name, annual_revenue, cust_type, address, city, state, zip, phone)  VALUES (2420, 'Sunguard Window Tinting & Truck Accessories', 33002361, 'retailer', '138 Banks Avenue', 'Lafayette', 'LA', 70506.0, '(337) 234-7872');
INSERT INTO (ship_id, cust_id, weight, truck_id, driver_id, city_id, ship_date)  VALUES (1285, 1591, 9450.0, 9, 21, 166, '2016-09-30');
INSERT INTO shipment (ship_id, cust_id, weight, truck_id, driver_id, city_id, ship_date)  VALUES (1449, 2593, 6273.0, 6, 21, 112, '2017-01-19');
INSERT INTO shipment (ship_id, cust_id, weight, truck_id, driver_id, city_id, ship_date)  VALUES (1503, 4347, 5526.0, 12, 25, 669, '2017-02-25');
INSERT INTO shipment (ship_id, cust_id, weight, truck_id, driver_id, city_id, ship_date)  VALUES (1263, 3288, 17703.0, 11, 30, 349, '2016-09-15');
INSERT INTO shipment (ship_id, cust_id, weight, truck_id, driver_id, city_id, ship_date)  VALUES (1673, 1775, 9891.0, 2, 22, 499, '2017-06-19');
INSERT INTO shipment (ship_id, cust_id, weight, truck_id, driver_id, city_id, ship_date)  VALUES (1204, 1592, 10764.0, 12, 20, 296, '2016-08-05');
INSERT INTO shipment (ship_id, cust_id, weight, truck_id, driver_id, city_id, ship_date)  VALUES (1047, 2634, 15156.0, 12, 27, 435, '2016-04-12');
INSERT INTO customer (cust_id, cust_name, annual_revenue, cust_type, address, city, state, zip, phone)  VALUES (2617, 'Whitakers', 10686043, 'retailer', '1960 East Fremont Street', 'Stockton', 'CA', 95205.0, '(209) 464-3278');
INSERT INTO city (city_id, city_name, state, population, area)  VALUES (444, 'Sterling Heights', 'Michigan', 124471, 36.60000000000000142);
INSERT INTO truck (truck_id, make, model_year)  VALUES (6, 'Peterbilt', 2008);
INSERT INTO (ship_id, cust_id, weight, truck_id, driver_id, city_id, ship_date)  VALUES (1478, 2906, 4167.0, 11, 29, 511, '2017-02-08');
INSERT INTO customer (cust_id, cust_name, annual_revenue, cust_type, address, city, state, zip, phone)  VALUES (1669, 'Manning Equipment Inc', 46790281, 'wholesaler', '12000 Westport Road', 'Louisville', 'KY', 40245.0, '(502) 426-5210');
INSERT INTO customer (cust_id, cust_name, annual_revenue, cust_type, address, city, state, zip, phone)  VALUES (2388, 'RV Specialists Inc', 39448581, 'retailer', '7052 Carroll Road', 'San Diego', 'CA', 92121.0, '(858) 455-0951');
INSERT INTO city (city_id, city_name, state, population, area)  VALUES (671, 'Tulsa', 'Oklahoma', 393049, 182.6999999999999887);
INSERT INTO shipment (ship_id, cust_id, weight, truck_id, driver_id, city_id, ship_date)  VALUES (1698, 2420, 5274.0, 3, 21, 579, '2017-07-08');
INSERT INTO city (city_id, city_name, state, population, area)  VALUES (459, 'South Bend', 'Indiana', 107789, 38.70000000000000285);
INSERT INTO shipment (ship_id, cust_id, weight, truck_id, driver_id, city_id, ship_date)  VALUES (1394, 4347, 765.0, 11, 20, 435, '2016-12-15');
INSERT INTO city (city_id, city_name, state, population, area)  VALUES (201, 'Springfield', 'Oregon', 52864, 14.40000000000000035);
INSERT INTO customer (cust_id, cust_name, annual_revenue, cust_type, address, city, state, zip, phone)  VALUES (1769, 'Spillar Custom Hitches Inc', 3512039, 'wholesaler', '16602 North Ih 35', 'Round Rock', 'TX', 78681.0, '(512) 244-2224');
INSERT INTO shipment (ship_id, cust_id, weight, truck_id, driver_id, city_id, ship_date)  VALUES (1648, 2131, 3510.0, 1, 30, 577, '2017-06-04');
INSERT INTO city (city_id, city_name, state, population, area)  VALUES (262, 'Union City', 'California', 66869, 19.30000000000000071);
INSERT INTO (city_id, city_name, state, population, area)  VALUES (238, 'Napa', 'California', 72585, 17.69999999999999929);
INSERT INTO city (city_id, city_name, state, population, area)  VALUES (668, 'Norman', 'Oklahoma', 95694, 177.0);
INSERT INTO customer (cust_id, cust_name, annual_revenue, cust_type, address, city, state, zip, phone)  VALUES (2483, 'I P D CO', 9224321, 'retailer', '11744 Northeast Ainsworth Circle', 'Portland', 'OR', 97220.0, '(503) 257-7500');
INSERT INTO (cust_id, cust_name, annual_revenue, cust_type, address, city, state, zip, phone)  VALUES (2634, 'U-Haul CO - Moving Centers, Sarasota', 21732059, 'retailer', '4861 South Tamiami Trail', 'Sarasota', 'FL', 34231.0, '(941) 921-6605');
INSERT INTO city (city_id, city_name, state, population, area)  VALUES (490, 'St. Joseph', 'Missouri', 73990, 43.79999999999999715);
INSERT INTO shipment (ship_id, cust_id, weight, truck_id, driver_id, city_id, ship_date)  VALUES (1041, 4308, 8208.0, 6, 22, 531, '2016-04-06');
INSERT INTO customer (cust_id, cust_name, annual_revenue, cust_type, address, city, state, zip, phone)  VALUES (626, 'Lee''s Hitch & Welding', 1757510, 'manufacturer', '707 North USHighway 287', 'Fort Collins', 'CO', 80524.0, '(970) 224-9618');
INSERT INTO city (city_id, city_name, state, population, area)  VALUES (371, 'Santa Ana', 'California', 337977, 27.10000000000000142);
INSERT INTO (city_id, city_name, state, population, area)  VALUES (678, 'Charlotte', 'North Carolina', 540828, 242.3000000000000113);
INSERT INTO shipment (ship_id, cust_id, weight, truck_id, driver_id, city_id, ship_date)  VALUES (1764, 2420, 3222.0, 9, 27, 686, '2017-08-21');
INSERT INTO (city_id, city_name, state, population, area)  VALUES (429, 'Killeen', 'Texas', 86911, 35.29999999999999715);
INSERT INTO customer (cust_id, cust_name, annual_revenue, cust_type, address, city, state, zip, phone)  VALUES (3346, 'Lyn Trucking', 30966738, 'retailer', '3816 S Winchester Avenue', 'Chicago', 'IL', 60609.0, '(773) 254-6778');
INSERT INTO city (city_id, city_name, state, population, area)  VALUES (586, 'Vineland', 'New Jersey', 56271, 68.70000000000000284);
INSERT INTO city (city_id, city_name, state, population, area)  VALUES (297, 'Hillsboro', 'Oregon', 70186, 21.60000000000000143);
INSERT INTO city (city_id, city_name, state, population, area)  VALUES (686, 'New York', 'New York', 8008278, 303.3000000000000113);
INSERT INTO (driver_id, first_name, last_name, address, city, state, zip_code, phone)  VALUES (26, 'Alina', 'Chircu', '842 E Trigg Ave', 'Memphis', 'TN', 38106, '(901) 948-0108');
INSERT INTO city (city_id, city_name, state, population, area)  VALUES (554, 'Overland Park', 'Kansas', 149080, 56.79999999999999716);
INSERT INTO (ship_id, cust_id, weight, truck_id, driver_id, city_id, ship_date)  VALUES (1614, 3161, 14688.0, 3, 21, 429, '2017-05-11');
INSERT INTO customer (cust_id, cust_name, annual_revenue, cust_type, address, city, state, zip, phone)  VALUES (770, 'Universal Products & Service', 18355451, 'manufacturer', '2333 West Industrial Park Drive', 'Bloomington', 'IN', 47404.0, '(812) 339-6783');
INSERT INTO (ship_id, cust_id, weight, truck_id, driver_id, city_id, ship_date)  VALUES (1347, 493, 8721.0, 11, 20, 686, '2016-11-11');
INSERT INTO driver (driver_id, first_name, last_name, address, city, state, zip_code, phone)  VALUES (27, 'Holger', 'Nohr', '572 Delta Rd', 'Memphis', 'TN', 38109, '(901) 789-7564');
INSERT INTO city (city_id, city_name, state, population, area)  VALUES (110, 'Lynwood', 'California', 69845, 4.900000000000000355);
INSERT INTO customer (cust_id, cust_name, annual_revenue, cust_type, address, city, state, zip, phone)  VALUES (1575, 'Adventure America RV', 43910648, 'wholesaler', '1064 El Camino Avenue', 'Sacramento', 'CA', 95815.0, '(916) 567-1009');
INSERT INTO customer (cust_id, cust_name, annual_revenue, cust_type, address, city, state, zip, phone)  VALUES (989, 'Hesse Corporation', 15974428, 'manufacturer', '6700 Saint John Avenue', 'Kansas City', 'MO', 64123.0, '(816) 483-7808');
INSERT INTO (cust_id, cust_name, annual_revenue, cust_type, address, city, state, zip, phone)  VALUES (721, 'Southern Pride RV Specialist', 46797354, 'manufacturer', '4526 Lenox Avenue', 'Jacksonville', 'FL', 32205.0, '(904) 388-4055');
INSERT INTO driver (driver_id, first_name, last_name, address, city, state, zip_code, phone)  VALUES (21, 'Andrea', 'Simons', '3574 Oak Limb Cv', 'Memphis', 'TN', 38135, '(901) 384-0984');
INSERT INTO customer (cust_id, cust_name, annual_revenue, cust_type, address, city, state, zip, phone)  VALUES (3537, 'Interstate Transmission Factory', 10742746, 'manufacturer', '1738 East Thomas Road', 'Phoenix', 'AZ', 85016.0, '(602) 277-5523');
INSERT INTO shipment (ship_id, cust_id, weight, truck_id, driver_id, city_id, ship_date)  VALUES (1490, 1391, 13185.0, 11, 22, 550, '2017-02-16');
INSERT INTO city (city_id, city_name, state, population, area)  VALUES (276, 'La Crosse', 'Wisconsin', 51818, 20.10000000000000143);
INSERT INTO (cust_id, cust_name, annual_revenue, cust_type, address, city, state, zip, phone)  VALUES (3722, 'AMA Truck Toppers Inc', 20529688, 'retailer', '14th & Cornhusker', 'Lincoln', 'NE', 68502.0, '(402) 475-8068');
INSERT INTO driver (driver_id, first_name, last_name, address, city, state, zip_code, phone)  VALUES (22, 'Roger', 'McHaney', '1839 S Orleans St', 'Memphis', 'TN', 38106, '(901) 948-1043');
INSERT INTO (city_id, city_name, state, population, area)  VALUES (274, 'Yakima', 'Washington', 71845, 20.10000000000000143);
INSERT INTO customer (cust_id, cust_name, annual_revenue, cust_type, address, city, state, zip, phone)  VALUES (304, 'Pard''s Trailer Sales', 17158109, 'wholesaler', '5910 South 300 West', 'Salt Lake City', 'UT', 84107.0, '(801) 262-4864');
INSERT INTO truck (truck_id, make, model_year)  VALUES (12, 'Mack', 2010);
INSERT INTO customer (cust_id, cust_name, annual_revenue, cust_type, address, city, state, zip, phone)  VALUES (3174, 'City Wash Corp', 31764076, 'retailer', '11435 South Wentworth Avenue', 'Chicago', 'IL', 60628.0, '(773) 821-7430');
INSERT INTO customer (cust_id, cust_name, annual_revenue, cust_type, address, city, state, zip, phone)  VALUES (493, 'Harry''s Hot Rod Auto & Truck Accessories', 11732302, 'retailer', '105 NW 13th St', 'Grand Prairie', 'TX', 75050.0, '(972) 263-8080');
INSERT INTO customer (cust_id, cust_name, annual_revenue, cust_type, address, city, state, zip, phone)  VALUES (4145, 'Les'' Service & Canopies', 11882704, 'manufacturer', '4000 Franklin Boulevard', 'Eugene', 'OR', 97403.0, '(541) 741-1303');
INSERT INTO (cust_id, cust_name, annual_revenue, cust_type, address, city, state, zip, phone)  VALUES (931, 'NW RV Supply', 47554593, 'manufacturer', '86325 College View Road', 'Springfield', 'OR', 97477.0, '(541) 746-9092');
INSERT INTO customer (cust_id, cust_name, annual_revenue, cust_type, address, city, state, zip, phone)  VALUES (314, 'Saar Enterprises, Inc.', 47403613, 'retailer', '11687 192nd Street', 'Council Bluffs', 'IA', 51503.0, '(712) 366-4929');
INSERT INTO (city_id, city_name, state, population, area)  VALUES (600, 'Fremont', 'California', 203413, 76.70000000000000284);
INSERT INTO city (city_id, city_name, state, population, area)  VALUES (123, 'Miami Beach', 'Florida', 87933, 7.0);
INSERT INTO customer (cust_id, cust_name, annual_revenue, cust_type, address, city, state, zip, phone)  VALUES (1592, 'R V City', 47438611, 'wholesaler', '3418 Highway 65 South', 'Pine Bluff', 'AR', 71601.0, '(870) 536-2353');
INSERT INTO shipment (ship_id, cust_id, weight, truck_id, driver_id, city_id, ship_date)  VALUES (1565, 896, 6102.0, 2, 25, 468, '2017-04-08');
INSERT INTO (city_id, city_name, state, population, area)  VALUES (356, 'Round Rock', 'Texas', 61136, 26.10000000000000142);
INSERT INTO city (city_id, city_name, state, population, area)  VALUES (368, 'Antioch', 'California', 90532, 26.89999999999999858);
INSERT INTO shipment (ship_id, cust_id, weight, truck_id, driver_id, city_id, ship_date)  VALUES (1057, 2483, 14553.0, 10, 30, 510, '2016-04-23');
INSERT INTO customer (cust_id, cust_name, annual_revenue, cust_type, address, city, state, zip, phone)  VALUES (3375, 'Line X', 41123281, 'retailer', '5504 South Cedar Street', 'Lansing', 'MI', 48911.0, '(517) 394-1222');
INSERT INTO shipment (ship_id, cust_id, weight, truck_id, driver_id, city_id, ship_date)  VALUES (1321, 2593, 2196.0, 9, 29, 147, '2016-10-24');
INSERT INTO customer (cust_id, cust_name, annual_revenue, cust_type, address, city, state, zip, phone)  VALUES (4347, 'Line-X of Metairie', 33003657, 'manufacturer', '2715 Florida Avenue', 'Kenner', 'LA', 70062.0, '(504) 463-3090');
INSERT INTO city (city_id, city_name, state, population, area)  VALUES (657, 'Wichita', 'Kansas', 344284, 135.8000000000000113);
INSERT INTO (cust_id, cust_name, annual_revenue, cust_type, address, city, state, zip, phone)  VALUES (1908, 'Scherer Truck Equipment Inc', 34084377, 'manufacturer', '6105 Northwest River Park Drive', 'Riverside', 'MO', 64150.0, '(816) 587-0190');
INSERT INTO shipment (ship_id, cust_id, weight, truck_id, driver_id, city_id, ship_date)  VALUES (1325, 1775, 8280.0, 1, 26, 138, '2016-10-27');
INSERT INTO shipment (ship_id, cust_id, weight, truck_id, driver_id, city_id, ship_date)  VALUES (1715, 2634, 2214.0, 8, 23, 692, '2017-07-20');
INSERT INTO city (city_id, city_name, state, population, area)  VALUES (272, 'Parma', 'Ohio', 85655, 20.0);
INSERT INTO shipment (ship_id, cust_id, weight, truck_id, driver_id, city_id, ship_date)  VALUES (1780, 1908, 10386.0, 1, 20, 525, '2017-09-02');
INSERT INTO city (city_id, city_name, state, population, area)  VALUES (612, 'Toledo', 'Ohio', 313619, 80.59999999999999431);
INSERT INTO city (city_id, city_name, state, population, area)  VALUES (218, 'Boynton Beach', 'Florida', 60389, 15.90000000000000035);
INSERT INTO shipment (ship_id, cust_id, weight, truck_id, driver_id, city_id, ship_date)  VALUES (1657, 989, 9792.0, 10, 26, 607, '2017-06-10');
INSERT INTO (ship_id, cust_id, weight, truck_id, driver_id, city_id, ship_date)  VALUES (1833, 1391, 7020.0, 6, 24, 622, '2017-10-09');
INSERT INTO city (city_id, city_name, state, population, area)  VALUES (645, 'Lubbock', 'Texas', 199564, 114.7999999999999972);
INSERT INTO shipment (ship_id, cust_id, weight, truck_id, driver_id, city_id, ship_date)  VALUES (1156, 3613, 16758.0, 1, 27, 380, '2016-07-05');
INSERT INTO shipment (ship_id, cust_id, weight, truck_id, driver_id, city_id, ship_date)  VALUES (1857, 615, 9837.0, 6, 23, 324, '2017-10-25');
INSERT INTO (city_id, city_name, state, population, area)  VALUES (291, 'Portland', 'Maine', 64249, 21.19999999999999929);
INSERT INTO (ship_id, cust_id, weight, truck_id, driver_id, city_id, ship_date)  VALUES (1139, 2420, 16452.0, 8, 28, 347, '2016-06-25');
INSERT INTO (cust_id, cust_name, annual_revenue, cust_type, address, city, state, zip, phone)  VALUES (618, 'Great Dane Trailers Inc', 18681984, 'wholesaler', '5231 West Beaver Street', 'Jacksonville', 'FL', 32254.0, '(904) 786-3300');
INSERT INTO customer (cust_id, cust_name, annual_revenue, cust_type, address, city, state, zip, phone)  VALUES (4955, 'Gary''s Performance Ski-Doo', 11696816, 'manufacturer', '112 East 400 South', 'Orem', 'UT', 84058.0, '(801) 224-1153');
INSERT INTO (truck_id, make, model_year)  VALUES (3, 'Peterbilt', 2007);
INSERT INTO shipment (ship_id, cust_id, weight, truck_id, driver_id, city_id, ship_date)  VALUES (1938, 1775, 11610.0, 3, 29, 523, '2017-12-15');
INSERT INTO (ship_id, cust_id, weight, truck_id, driver_id, city_id, ship_date)  VALUES (1455, 2906, 2250.0, 12, 27, 447, '2017-01-23');
INSERT INTO (ship_id, cust_id, weight, truck_id, driver_id, city_id, ship_date)  VALUES (1666, 600, 1926.0, 7, 27, 178, '2017-06-16');
INSERT INTO shipment (ship_id, cust_id, weight, truck_id, driver_id, city_id, ship_date)  VALUES (1737, 1391, 4887.0, 6, 22, 627, '2017-08-03');
INSERT INTO customer (cust_id, cust_name, annual_revenue, cust_type, address, city, state, zip, phone)  VALUES (1685, 'Mccolloch''s RV Repair', 5225478, 'wholesaler', '2420 Harvard Street', 'Sacramento', 'CA', 95815.0, '(916) 929-3510');
INSERT INTO customer (cust_id, cust_name, annual_revenue, cust_type, address, city, state, zip, phone)  VALUES (2281, 'Parkway Distributors', 9504802, 'retailer', '2023 Exchange Drive', 'Arlington', 'TX', 76011.0, '(817) 860-1677');
INSERT INTO shipment (ship_id, cust_id, weight, truck_id, driver_id, city_id, ship_date)  VALUES (1612, 4154, 2178.0, 1, 26, 330, '2017-05-10');
INSERT INTO (city_id, city_name, state, population, area)  VALUES (654, 'Portland', 'Oregon', 529121, 134.3000000000000113);
INSERT INTO (city_id, city_name, state, population, area)  VALUES (141, 'Cerritos', 'California', 51488, 8.599999999999999645);
INSERT INTO (ship_id, cust_id, weight, truck_id, driver_id, city_id, ship_date)  VALUES (1223, 4353, 504.0, 7, 21, 577, '2016-08-19');
INSERT INTO driver (driver_id, first_name, last_name, address, city, state, zip_code, phone)  VALUES (23, 'Zachery', 'Hicks', '3649 Park Lake Dr', 'Memphis', 'TN', 38118, '(901) 362-6674');
INSERT INTO (cust_id, cust_name, annual_revenue, cust_type, address, city, state, zip, phone)  VALUES (1492, 'Alert Muffler & Brake Service', 25288357, 'manufacturer', '1505 South Solano Drive', 'Las Cruces', 'NM', 88001.0, '(505) 522-5150');
INSERT INTO city (city_id, city_name, state, population, area)  VALUES (694, 'Los Angeles', 'California', 3694820, 469.1000000000000227);
INSERT INTO (cust_id, cust_name, annual_revenue, cust_type, address, city, state, zip, phone)  VALUES (3622, 'Ace Trailer & Equipment Co., Inc.', 42930746, 'retailer', '1685 Florida Street', 'Memphis', 'TN', 38109.0, '(901) 947-4191');
INSERT INTO (cust_id, cust_name, annual_revenue, cust_type, address, city, state, zip, phone)  VALUES (4426, 'Kenner Welding Inc', 47922545, 'wholesaler', '2230 Airline Drive', 'Kenner', 'LA', 70062.0, '(504) 469-4748');
INSERT INTO city (city_id, city_name, state, population, area)  VALUES (375, 'Janesville', 'Wisconsin', 59498, 27.5);
INSERT INTO city (city_id, city_name, state, population, area)  VALUES (561, 'North Charleston', 'South Carolina', 79641, 58.5);
INSERT INTO city (city_id, city_name, state, population, area)  VALUES (465, 'Anderson', 'Indiana', 59734, 40.0);
INSERT INTO driver (driver_id, first_name, last_name, address, city, state, zip_code, phone)  VALUES (30, 'Maria', 'Craft', '3522 Mimosa Ave', 'Memphis', 'TN', 38111, '(901) 323-0258');
INSERT INTO city (city_id, city_name, state, population, area)  VALUES (131, 'Monterey Park', 'California', 60051, 7.599999999999999645);
INSERT INTO shipment (ship_id, cust_id, weight, truck_id, driver_id, city_id, ship_date)  VALUES (1820, 4347, 2232.0, 5, 22, 606, '2017-09-30');
INSERT INTO city (city_id, city_name, state, population, area)  VALUES (226, 'Arlington Heights', 'Illinois', 76031, 16.39999999999999857);
INSERT INTO shipment (ship_id, cust_id, weight, truck_id, driver_id, city_id, ship_date)  VALUES (1001, 2001, 11394.0, 2, 23, 186, '2016-01-18');
INSERT INTO (ship_id, cust_id, weight, truck_id, driver_id, city_id, ship_date)  VALUES (1186, 3375, 5580.0, 6, 22, 181, '2016-07-25');
INSERT INTO (ship_id, cust_id, weight, truck_id, driver_id, city_id, ship_date)  VALUES (1689, 1591, 7155.0, 6, 21, 428, '2017-07-02');
INSERT INTO shipment (ship_id, cust_id, weight, truck_id, driver_id, city_id, ship_date)  VALUES (1768, 3876, 558.0, 1, 21, 119, '2017-08-25');
INSERT INTO shipment (ship_id, cust_id, weight, truck_id, driver_id, city_id, ship_date)  VALUES (1656, 1769, 15327.0, 9, 21, 189, '2017-06-08');
INSERT INTO customer (cust_id, cust_name, annual_revenue, cust_type, address, city, state, zip, phone)  VALUES (954, 'Capital Campers Inc', 48352218, 'manufacturer', '16545 Florida Boulevard', 'Baton Rouge', 'LA', 70819.0, '(225) 272-6997');
INSERT INTO truck (truck_id, make, model_year)  VALUES (10, 'Mack', 2009);
INSERT INTO shipment (ship_id, cust_id, weight, truck_id, driver_id, city_id, ship_date)  VALUES (1949, 381, 6957.0, 2, 20, 606, '2017-12-22');
INSERT INTO city (city_id, city_name, state, population, area)  VALUES (198, 'Sheboygan', 'Wisconsin', 50792, 13.90000000000000035);
INSERT INTO shipment (ship_id, cust_id, weight, truck_id, driver_id, city_id, ship_date)  VALUES (1635, 989, 2088.0, 12, 26, 582, '2017-05-25');
INSERT INTO customer (cust_id, cust_name, annual_revenue, cust_type, address, city, state, zip, phone)  VALUES (4421, 'Cole Muffler Brake', 24751643, 'manufacturer', '206 Central Avenue', 'Albany', 'NY', 12206.0, '(518) 426-7679');
INSERT INTO city (city_id, city_name, state, population, area)  VALUES (497, 'Grand Rapids', 'Michigan', 197800, 44.60000000000000142);
INSERT INTO customer (cust_id, cust_name, annual_revenue, cust_type, address, city, state, zip, phone)  VALUES (2503, 'Pacific Service Center Inc', 5210072, 'retailer', '4030 Northeast Buffalo Street', 'Portland', 'OR', 97211.0, '(503) 282-4607');
INSERT INTO customer (cust_id, cust_name, annual_revenue, cust_type, address, city, state, zip, phone)  VALUES (1381, 'Bazzell''s Truck & Camper', 1484267, 'manufacturer', '507 North Eastern Boulevard', 'Montgomery', 'AL', 36117.0, '(334) 260-5554');
INSERT INTO (city_id, city_name, state, population, area)  VALUES (194, 'Deerfield Beach', 'Florida', 64583, 13.40000000000000035);
INSERT INTO customer (cust_id, cust_name, annual_revenue, cust_type, address, city, state, zip, phone)  VALUES (2421, 'A Plus Surface Coatings Inc', 48148599, 'wholesaler', '1630 Velp Avenue', 'Green Bay', 'WI', 54303.0, '(920) 497-0880');
INSERT INTO customer (cust_id, cust_name, annual_revenue, cust_type, address, city, state, zip, phone)  VALUES (2434, 'Olympic Camper Sales Inc', 47601002, 'retailer', '5279 Ridge Road', 'Cleveland', 'OH', 44129.0, '(216) 749-3384');
INSERT INTO (cust_id, cust_name, annual_revenue, cust_type, address, city, state, zip, phone)  VALUES (3876, 'U-haul Center Of Sw Detroit', 39248071, 'retailer', '3175 S Fort St', 'Detroit', 'MI', 48217.0, '(313) 382-2242');
INSERT INTO shipment (ship_id, cust_id, weight, truck_id, driver_id, city_id, ship_date)  VALUES (1189, 4869, 1935.0, 9, 30, 668, '2016-07-27');
INSERT INTO (cust_id, cust_name, annual_revenue, cust_type, address, city, state, zip, phone)  VALUES (2429, 'A-Better Truck Cap & Hitch', 20343876, 'manufacturer', '5340 Pearl Road', 'Cleveland', 'OH', 44129.0, '(440) 885-7100');
INSERT INTO customer (cust_id, cust_name, annual_revenue, cust_type, address, city, state, zip, phone)  VALUES (4308, 'U-Haul CO - Moving Centers, Athens', 42112714, 'retailer', '2900 Atlanta Highway', 'Athens', 'GA', 30606.0, '(706) 548-8080');
INSERT INTO (cust_id, cust_name, annual_revenue, cust_type, address, city, state, zip, phone)  VALUES (2546, 'Gear Vendors Inc', 35390253, 'retailer', '1717 North Magnolia Avenue', 'El Cajon', 'CA', 92020.0, '(619) 562-0060');
INSERT INTO (city_id, city_name, state, population, area)  VALUES (482, 'Battle Creek', 'Michigan', 53364, 42.79999999999999715);
INSERT INTO shipment (ship_id, cust_id, weight, truck_id, driver_id, city_id, ship_date)  VALUES (1889, 3876, 1827.0, 2, 25, 282, '2017-11-13');
INSERT INTO shipment (ship_id, cust_id, weight, truck_id, driver_id, city_id, ship_date)  VALUES (1592, 1775, 2205.0, 5, 27, 106, '2017-04-25');
INSERT INTO (cust_id, cust_name, annual_revenue, cust_type, address, city, state, zip, phone)  VALUES (2861, 'Range R V Center', 20163240, 'manufacturer', '11626 Mariposa Road', 'Hesperia', 'CA', 92345.0, '(760) 949-4090');
INSERT INTO shipment (ship_id, cust_id, weight, truck_id, driver_id, city_id, ship_date)  VALUES (1409, 2181, 2304.0, 2, 28, 198, '2016-12-23');
INSERT INTO (ship_id, cust_id, weight, truck_id, driver_id, city_id, ship_date)  VALUES (1236, 1591, 10251.0, 8, 23, 680, '2016-08-27');
INSERT INTO shipment (ship_id, cust_id, weight, truck_id, driver_id, city_id, ship_date)  VALUES (1789, 1591, 5004.0, 10, 25, 410, '2017-09-08');
INSERT INTO city (city_id, city_name, state, population, area)  VALUES (552, 'Tuscaloosa', 'Alabama', 77906, 56.20000000000000284);
INSERT INTO shipment (ship_id, cust_id, weight, truck_id, driver_id, city_id, ship_date)  VALUES (1773, 4154, 7812.0, 6, 23, 163, '2017-08-29');
INSERT INTO customer (cust_id, cust_name, annual_revenue, cust_type, address, city, state, zip, phone)  VALUES (2649, 'Semi Trailer Sales & Leasing', 12344760, 'manufacturer', '4009 East Divide Avenue', 'Bismarck', 'ND', 58501.0, '(701) 355-1000');
INSERT INTO city (city_id, city_name, state, population, area)  VALUES (183, 'Lodi', 'California', 56999, 12.19999999999999929);
INSERT INTO customer (cust_id, cust_name, annual_revenue, cust_type, address, city, state, zip, phone)  VALUES (1391, 'Alec''s Truck Accessories', 23575549, 'retailer', '1030 Northwest 107th Avenue', 'Plantation', 'FL', 33322.0, '(954) 236-2888');
INSERT INTO customer (cust_id, cust_name, annual_revenue, cust_type, address, city, state, zip, phone)  VALUES (3430, 'Dahlberg Motors Inc', 27512249, 'retailer', '3255 South 10th Street', 'Lincoln', 'NE', 68502.0, '(402) 423-8220');
INSERT INTO shipment (ship_id, cust_id, weight, truck_id, driver_id, city_id, ship_date)  VALUES (1793, 3876, 1953.0, 2, 24, 426, '2017-09-10');
INSERT INTO customer (cust_id, cust_name, annual_revenue, cust_type, address, city, state, zip, phone)  VALUES (3354, 'Sunbelt Transport Refrigeration', 18839770, 'retailer', '880 West Landstreet Road', 'Orlando', 'FL', 32824.0, '(407) 812-4844');
INSERT INTO (city_id, city_name, state, population, area)  VALUES (599, 'Des Moines', 'Iowa', 198682, 75.79999999999999716);
INSERT INTO city (city_id, city_name, state, population, area)  VALUES (193, 'Turlock', 'California', 55810, 13.30000000000000071);
INSERT INTO customer (cust_id, cust_name, annual_revenue, cust_type, address, city, state, zip, phone)  VALUES (2298, 'Fellhoelter Enterprises', 41220184, 'retailer', '7828 Rutledge Pike', 'Knoxville', 'TN', 37924.0, '(865) 673-8000');
INSERT INTO city (city_id, city_name, state, population, area)  VALUES (461, 'Simi Valley', 'California', 111351, 39.20000000000000285);
INSERT INTO (ship_id, cust_id, weight, truck_id, driver_id, city_id, ship_date)  VALUES (1610, 1092, 15651.0, 11, 23, 278, '2017-05-09');
INSERT INTO city (city_id, city_name, state, population, area)  VALUES (380, 'Cranston', 'Rhode Island', 79269, 28.60000000000000142);
INSERT INTO (cust_id, cust_name, annual_revenue, cust_type, address, city, state, zip, phone)  VALUES (738, 'U-haul Co.', 8084350, 'retailer', '21576 Waalew Rd', 'Apple Valley', 'CA', 92307.0, '(760) 240-1525');
INSERT INTO shipment (ship_id, cust_id, weight, truck_id, driver_id, city_id, ship_date)  VALUES (1686, 493, 7551.0, 3, 22, 360, '2017-06-29');
INSERT INTO (ship_id, cust_id, weight, truck_id, driver_id, city_id, ship_date)  VALUES (1855, 3161, 16974.0, 4, 22, 684, '2017-10-22');
INSERT INTO (city_id, city_name, state, population, area)  VALUES (134, 'Medford', 'Massachusetts', 55765, 8.099999999999999645);
INSERT INTO (ship_id, cust_id, weight, truck_id, driver_id, city_id, ship_date)  VALUES (1227, 738, 1971.0, 11, 22, 441, '2016-08-22');
INSERT INTO truck (truck_id, make, model_year)  VALUES (4, 'Kenworth', 2007);
INSERT INTO shipment (ship_id, cust_id, weight, truck_id, driver_id, city_id, ship_date)  VALUES (1085, 2281, 1899.0, 2, 30, 686, '2016-05-18');
INSERT INTO city (city_id, city_name, state, population, area)  VALUES (609, 'Jonesboro', 'Arkansas', 55515, 79.59999999999999431);
INSERT INTO (cust_id, cust_name, annual_revenue, cust_type, address, city, state, zip, phone)  VALUES (3360, 'Trailer & RV Parts Warehouse', 44049978, 'manufacturer', '2790 Crater Lake Highway', 'Medford', 'OR', 97504.0, '(541) 770-5922');
INSERT INTO city (city_id, city_name, state, population, area)  VALUES (305, 'Marietta', 'Georgia', 58748, 21.89999999999999857);
INSERT INTO city (city_id, city_name, state, population, area)  VALUES (301, 'Folsom', 'California', 51884, 21.69999999999999929);
INSERT INTO (city_id, city_name, state, population, area)  VALUES (512, 'Lafayette', 'Louisiana', 110257, 47.60000000000000142);
INSERT INTO customer (cust_id, cust_name, annual_revenue, cust_type, address, city, state, zip, phone)  VALUES (2348, 'HYD Products', 44628630, 'manufacturer', '3601 Calle Tecate', 'Camarillo', 'CA', 93011.0, '(805) 482-9111');
INSERT INTO city (city_id, city_name, state, population, area)  VALUES (254, 'Schaumburg', 'Illinois', 75386, 19.0);
INSERT INTO city (city_id, city_name, state, population, area)  VALUES (449, 'Carlsbad', 'California', 78247, 37.39999999999999858);
INSERT INTO customer (cust_id, cust_name, annual_revenue, cust_type, address, city, state, zip, phone)  VALUES (2181, 'Superior Trailer Sales CO', 11993783, 'manufacturer', '501 USHighway 80 East', 'Sunnyvale', 'TX', 75182.0, '(972) 226-3893');
INSERT INTO shipment (ship_id, cust_id, weight, truck_id, driver_id, city_id, ship_date)  VALUES (1884, 2906, 6282.0, 9, 23, 552, '2017-11-10');
INSERT INTO (city_id, city_name, state, population, area)  VALUES (263, 'Yorba Linda', 'California', 58918, 19.39999999999999857);
INSERT INTO (ship_id, cust_id, weight, truck_id, driver_id, city_id, ship_date)  VALUES (1438, 1724, 4365.0, 7, 21, 679, '2017-01-11');
INSERT INTO (cust_id, cust_name, annual_revenue, cust_type, address, city, state, zip, phone)  VALUES (1265, 'Rush Peterbilt Truck Center-San Antonio', 7896875, 'retailer', '8810 Ih 10 East', 'San Antonio', 'TX', 78219.0, '(210) 661-4511');
INSERT INTO city (city_id, city_name, state, population, area)  VALUES (402, 'Charleston', 'Westrginia', 53421, 31.60000000000000142);
INSERT INTO (city_id, city_name, state, population, area)  VALUES (633, 'Greensboro', 'North Carolina', 223891, 104.7000000000000028);
INSERT INTO (ship_id, cust_id, weight, truck_id, driver_id, city_id, ship_date)  VALUES (1477, 493, 6372.0, 10, 22, 426, '2017-02-08');
INSERT INTO customer (cust_id, cust_name, annual_revenue, cust_type, address, city, state, zip, phone)  VALUES (381, 'Autoware Inc', 5583961, 'wholesaler', '854 Southwest 12th Avenue', 'Pompano Beach', 'FL', 33069.0, '(954) 738-4000');
INSERT INTO customer (cust_id, cust_name, annual_revenue, cust_type, address, city, state, zip, phone)  VALUES (2799, 'Hawkins Trailer & Equipment CO', 46957859, 'wholesaler', '108 South Polk Street', 'Amarillo', 'TX', 79101.0, '(806) 372-3949');
INSERT INTO driver (driver_id, first_name, last_name, address, city, state, zip_code, phone)  VALUES (28, 'Gale', 'Oneal', '1000 Rayner St', 'Memphis', 'TN', 38114, '(901) 726-6205');
INSERT INTO customer (cust_id, cust_name, annual_revenue, cust_type, address, city, state, zip, phone)  VALUES (2215, 'Commercial Van Interiors', 31174535, 'retailer', '7817 Wilkerson Court', 'San Diego', 'CA', 92111.0, '(858) 278-7477');
INSERT INTO customer (cust_id, cust_name, annual_revenue, cust_type, address, city, state, zip, phone)  VALUES (1724, 'Rhino Linings Boardman', 48218356, 'retailer', '7880 Market Street', 'Youngstown', 'OH', 44512.0, '(330) 965-7360');
INSERT INTO city (city_id, city_name, state, population, area)  VALUES (248, 'Missionejo', 'California', 93102, 18.69999999999999929);
INSERT INTO (ship_id, cust_id, weight, truck_id, driver_id, city_id, ship_date)  VALUES (1220, 3346, 13680.0, 4, 24, 140, '2016-08-17');
INSERT INTO driver (driver_id, first_name, last_name, address, city, state, zip_code, phone)  VALUES (29, 'Kristie', 'Sims', '2877 Laredo St', 'Memphis', 'TN', 38127, '(901) 534-4388');
INSERT INTO city (city_id, city_name, state, population, area)  VALUES (314, 'Springfield', 'Ohio', 65358, 22.5);
INSERT INTO customer (cust_id, cust_name, annual_revenue, cust_type, address, city, state, zip, phone)  VALUES (4469, 'Southern Camper Sales LLC', 11946695, 'wholesaler', '2743 Passage Road', 'Biloxi', 'MS', 39531.0, '(228) 896-4742');
INSERT INTO customer (cust_id, cust_name, annual_revenue, cust_type, address, city, state, zip, phone)  VALUES (1775, 'Marlin Ingram RV Center', 20708420, 'wholesaler', '4504 Troy Highway', 'Montgomery', 'AL', 36116.0, '(334) 288-0331');
INSERT INTO shipment (ship_id, cust_id, weight, truck_id, driver_id, city_id, ship_date)  VALUES (1571, 3622, 1431.0, 8, 27, 399, '2017-04-13');
INSERT INTO shipment (ship_id, cust_id, weight, truck_id, driver_id, city_id, ship_date)  VALUES (1684, 1769, 1611.0, 1, 25, 112, '2017-06-26');
INSERT INTO shipment (ship_id, cust_id, weight, truck_id, driver_id, city_id, ship_date)  VALUES (1664, 2593, 4878.0, 5, 29, 352, '2017-06-15');
INSERT INTO customer (cust_id, cust_name, annual_revenue, cust_type, address, city, state, zip, phone)  VALUES (2906, 'Shealy Mack Leasing', 23512327, 'retailer', '802 Rosewood Drive', 'Columbia', 'SC', 29201.0, '(803) 771-0176');
INSERT INTO customer (cust_id, cust_name, annual_revenue, cust_type, address, city, state, zip, phone)  VALUES (2306, 'Alamo Welding & Steel Company', 27645822, 'manufacturer', '1318 Karnes Avenue', 'Knoxville', 'TN', 37917.0, '(865) 689-8096');
INSERT INTO shipment (ship_id, cust_id, weight, truck_id, driver_id, city_id, ship_date)  VALUES (1826, 600, 14751.0, 11, 26, 106, '2017-10-03');
INSERT INTO (ship_id, cust_id, weight, truck_id, driver_id, city_id, ship_date)  VALUES (1034, 3174, 4509.0, 11, 26, 483, '2016-03-31');
INSERT INTO shipment (ship_id, cust_id, weight, truck_id, driver_id, city_id, ship_date)  VALUES (1214, 931, 4320.0, 10, 25, 344, '2016-08-12');
INSERT INTO (city_id, city_name, state, population, area)  VALUES (271, 'Pontiac', 'Michigan', 66337, 20.0);
INSERT INTO shipment (ship_id, cust_id, weight, truck_id, driver_id, city_id, ship_date)  VALUES (1311, 1592, 1386.0, 11, 21, 250, '2016-10-19');
INSERT INTO shipment (ship_id, cust_id, weight, truck_id, driver_id, city_id, ship_date)  VALUES (1858, 931, 14454.0, 7, 21, 442, '2017-10-26');
INSERT INTO (truck_id, make, model_year)  VALUES (8, 'Kenworth', 2009);
INSERT INTO (cust_id, cust_name, annual_revenue, cust_type, address, city, state, zip, phone)  VALUES (3786, 'Electropedic Beds', 42253465, 'retailer', '907 Hollywood Way', 'Burbank', 'CA', 91505.0, '(800) 727-1954');
INSERT INTO (city_id, city_name, state, population, area)  VALUES (567, 'Richmond', 'Virginia', 197790, 60.10000000000000142);
INSERT INTO customer (cust_id, cust_name, annual_revenue, cust_type, address, city, state, zip, phone)  VALUES (1849, 'Star Equipment Limited', 44484987, 'manufacturer', '1401 2nd Avenue', 'Des Moines', 'IA', 50314.0, '(515) 283-2215');
INSERT INTO customer (cust_id, cust_name, annual_revenue, cust_type, address, city, state, zip, phone)  VALUES (3800, 'Advanced Toys for Trucks', 47827408, 'manufacturer', '12803 Highway 99', 'Everett', 'WA', 98204.0, '(425) 355-5299');
INSERT INTO customer (cust_id, cust_name, annual_revenue, cust_type, address, city, state, zip, phone)  VALUES (1055, 'U-Haul CO - Moving Centers, Minneapolis', 6008248, 'retailer', '3545 Nicollet Avenue', 'Minneapolis', 'MN', 55408.0, '(612) 822-2141');
INSERT INTO city (city_id, city_name, state, population, area)  VALUES (446, 'Lewisville', 'Texas', 77737, 36.79999999999999715);
INSERT INTO customer (cust_id, cust_name, annual_revenue, cust_type, address, city, state, zip, phone)  VALUES (3203, 'Classic Truck', 43783834, 'manufacturer', '434 McGill Avenue Northwest', 'Concord', 'NC', 28027.0, '(704) 723-9319');
INSERT INTO (cust_id, cust_name, annual_revenue, cust_type, address, city, state, zip, phone)  VALUES (600, 'S K L Enterprises Inc', 33611123, 'retailer', '2701 East Luzerne Street', 'Philadelphia', 'PA', 19137.0, '(215) 743-1000');
INSERT INTO customer (cust_id, cust_name, annual_revenue, cust_type, address, city, state, zip, phone)  VALUES (4112, 'East Manufacturing Corporation', 979237, 'wholesaler', '3333 East Florida Avenue', 'Denver', 'CO', 80210.0, '(303) 287-0736');
INSERT INTO driver (driver_id, first_name, last_name, address, city, state, zip_code, phone)  VALUES (25, 'Leszek', 'Kieltyka', '4089 Persimmon View Cv', 'Memphis', 'TN', 38135, '(901) 386-9194');
INSERT INTO driver (driver_id, first_name, last_name, address, city, state, zip_code, phone)  VALUES (20, 'Sue', 'Newell', '268 Richmond Ave', 'Memphis', 'TN', 38106, '(901) 774-6569');
INSERT INTO customer (cust_id, cust_name, annual_revenue, cust_type, address, city, state, zip, phone)  VALUES (2265, 'Midas Auto Service Experts', 3825314, 'manufacturer', '1225 North Broadway', 'Rochester', 'MN', 55906.0, '(507) 282-4414');
INSERT INTO city (city_id, city_name, state, population, area)  VALUES (100, 'Union City', 'New Jersey', 67088, 1.300000000000000044);
INSERT INTO shipment (ship_id, cust_id, weight, truck_id, driver_id, city_id, ship_date)  VALUES (1917, 1775, 16587.0, 6, 23, 235, '2017-12-02');
INSERT INTO customer (cust_id, cust_name, annual_revenue, cust_type, address, city, state, zip, phone)  VALUES (4154, 'AAA Rentals Sales & Service', 11901075, 'manufacturer', '400 North Tustin Street', 'Orange', 'CA', 92867.0, '(714) 633-6626');
INSERT INTO shipment (ship_id, cust_id, weight, truck_id, driver_id, city_id, ship_date)  VALUES (1064, 2593, 8172.0, 5, 29, 240, '2016-04-29');
INSERT INTO (ship_id, cust_id, weight, truck_id, driver_id, city_id, ship_date)  VALUES (1479, 3354, 1872.0, 12, 24, 165, '2017-02-09');
INSERT INTO (ship_id, cust_id, weight, truck_id, driver_id, city_id, ship_date)  VALUES (1009, 2306, 10620.0, 10, 23, 509, '2016-02-14');
INSERT INTO shipment (ship_id, cust_id, weight, truck_id, driver_id, city_id, ship_date)  VALUES (1775, 493, 8298.0, 8, 24, 547, '2017-08-30');
INSERT INTO customer (cust_id, cust_name, annual_revenue, cust_type, address, city, state, zip, phone)  VALUES (2131, 'Knox Trailers Inc', 1366274, 'manufacturer', '2600 Middlebrook Pike', 'Knoxville', 'TN', 37921.0, '(865) 523-1115');
INSERT INTO customer (cust_id, cust_name, annual_revenue, cust_type, address, city, state, zip, phone)  VALUES (3073, 'U-haul Center Of N Syracuse', 5674948, 'retailer', '5967 E Taft Rd', 'Syracuse', 'NY', 13212.0, '(315) 458-3992');
INSERT INTO truck (truck_id, make, model_year)  VALUES (2, 'Mack', 2006);
INSERT INTO customer (cust_id, cust_name, annual_revenue, cust_type, address, city, state, zip, phone)  VALUES (193, 'Advanced Fabricators', 39588651, 'manufacturer', '5141 Summit Boulevard', 'West Palm Beach', 'FL', 33415.0, '(561) 683-3535');
INSERT INTO city (city_id, city_name, state, population, area)  VALUES (258, 'Orland Park', 'Illinois', 51077, 19.10000000000000143);
INSERT INTO shipment (ship_id, cust_id, weight, truck_id, driver_id, city_id, ship_date)  VALUES (1401, 1391, 6435.0, 6, 26, 369, '2016-12-17');
INSERT INTO (truck_id, make, model_year)  VALUES (5, 'Mack', 2008);
INSERT INTO customer (cust_id, cust_name, annual_revenue, cust_type, address, city, state, zip, phone)  VALUES (3023, 'Mid Town Rent-A-Car', 44876186, 'manufacturer', '1128 Main Street', 'Longmont', 'CO', 80501.0, '(303) 651-9994');
INSERT INTO city (city_id, city_name, state, population, area)  VALUES (169, 'Lynn', 'Massachusetts', 89050, 10.80000000000000072);
INSERT INTO shipment (ship_id, cust_id, weight, truck_id, driver_id, city_id, ship_date)  VALUES (1950, 1092, 14571.0, 3, 26, 566, '2017-12-24');
INSERT INTO (city_id, city_name, state, population, area)  VALUES (690, 'Dallas', 'Texas', 1188580, 342.6000000000000227);
INSERT INTO (ship_id, cust_id, weight, truck_id, driver_id, city_id, ship_date)  VALUES (1375, 931, 4608.0, 4, 24, 504, '2016-12-01');
INSERT INTO customer (cust_id, cust_name, annual_revenue, cust_type, address, city, state, zip, phone)  VALUES (3123, 'Digatron', 28347456, 'manufacturer', '8102 North Freya Street Suite 1', 'Spokane', 'WA', 99217.0, '(509) 467-3128');
INSERT INTO customer (cust_id, cust_name, annual_revenue, cust_type, address, city, state, zip, phone)  VALUES (2496, 'A Rack Attack-Car Rack & Hitch Center', 47547764, 'wholesaler', '1737 Southwest Morrison Street', 'Portland', 'OR', 97205.0, '(503) 226-7300');
INSERT INTO city (city_id, city_name, state, population, area)  VALUES (562, 'Daytona Beach', 'Florida', 64112, 58.70000000000000284);
INSERT INTO customer (cust_id, cust_name, annual_revenue, cust_type, address, city, state, zip, phone)  VALUES (615, 'All Professional Trailers', 1350144, 'wholesaler', '10839 North Main Street', 'Jacksonville', 'FL', 32218.0, '(904) 757-7171');
INSERT INTO customer (cust_id, cust_name, annual_revenue, cust_type, address, city, state, zip, phone)  VALUES (4869, 'Al''s RV Service & Supply', 17244851, 'wholesaler', '11274 South Fortuna Road Suite U', 'Yuma', 'AZ', 85367.0, '(928) 342-5816');
INSERT INTO (city_id, city_name, state, population, area)  VALUES (124, 'Lauderhill', 'Florida', 57585, 7.299999999999999823);
INSERT INTO (city_id, city_name, state, population, area)  VALUES (185, 'Elizabeth', 'New Jersey', 120568, 12.19999999999999929);
INSERT INTO shipment (ship_id, cust_id, weight, truck_id, driver_id, city_id, ship_date)  VALUES (1642, 2420, 6588.0, 7, 24, 184, '2017-05-30');
INSERT INTO customer (cust_id, cust_name, annual_revenue, cust_type, address, city, state, zip, phone)  VALUES (3288, 'Astro City Trailors', 10673376, 'wholesaler', '4530 North Shepherd Drive', 'Houston', 'TX', 77018.0, '(713) 695-1677');
INSERT INTO shipment (ship_id, cust_id, weight, truck_id, driver_id, city_id, ship_date)  VALUES (1758, 931, 9594.0, 3, 26, 125, '2017-08-18');
INSERT INTO customer (cust_id, cust_name, annual_revenue, cust_type, address, city, state, zip, phone)  VALUES (1591, 'Klett & Sons Repair', 21972575, 'manufacturer', '1505 South Bluff Road', 'Montebello', 'CA', 90640.0, '(323) 720-1333');
INSERT INTO customer (cust_id, cust_name, annual_revenue, cust_type, address, city, state, zip, phone)  VALUES (3613, 'Double Delight Incorporated', 1626192, 'manufacturer', '52807 County Road 7', 'Elkhart', 'IN', 46514.0, '(574) 264-3097');
INSERT INTO city (city_id, city_name, state, population, area)  VALUES (529, 'Hampton', 'Virginia', 146437, 51.79999999999999716);
INSERT INTO city (city_id, city_name, state, population, area)  VALUES (324, 'Orange', 'California', 128821, 23.39999999999999858);
INSERT INTO (city_id, city_name, state, population, area)  VALUES (392, 'St. Cloud', 'Minnesota', 59107, 30.19999999999999929);
INSERT INTO customer (cust_id, cust_name, annual_revenue, cust_type, address, city, state, zip, phone)  VALUES (4561, 'Squikee Clean Inc', 30150941, 'retailer', '452 Bremen St', 'Boston', 'MA', 2128.0, '(617) 567-7603');
INSERT INTO city (city_id, city_name, state, population, area)  VALUES (698, 'Oklahoma City', 'Oklahoma', 506132, 607.0);
INSERT INTO (ship_id, cust_id, weight, truck_id, driver_id, city_id, ship_date)  VALUES (1158, 618, 16290.0, 3, 29, 552, '2016-07-06');
INSERT INTO city (city_id, city_name, state, population, area)  VALUES (168, 'Wilmington', 'Delaware', 72664, 10.80000000000000072);
INSERT INTO truck (truck_id, make, model_year)  VALUES (7, 'Kenworth', 2008);
INSERT INTO city (city_id, city_name, state, population, area)  VALUES (199, 'Niagara Falls', 'New York', 55593, 14.09999999999999965);
INSERT INTO (cust_id, cust_name, annual_revenue, cust_type, address, city, state, zip, phone)  VALUES (2624, 'Ayres Inc', 10379666, 'manufacturer', '1255 Interstate 10 South', 'Beaumont', 'TX', 77701.0, '(409) 833-3381');
INSERT INTO city (city_id, city_name, state, population, area)  VALUES (366, 'Thornton', 'Colorado', 82384, 26.89999999999999858);
INSERT INTO shipment (ship_id, cust_id, weight, truck_id, driver_id, city_id, ship_date)  VALUES (1524, 600, 4950.0, 9, 24, 102, '2017-03-11');
INSERT INTO (ship_id, cust_id, weight, truck_id, driver_id, city_id, ship_date)  VALUES (1197, 626, 7767.0, 5, 29, 520, '2016-08-01');
INSERT INTO shipment (ship_id, cust_id, weight, truck_id, driver_id, city_id, ship_date)  VALUES (1839, 2593, 3033.0, 12, 21, 373, '2017-10-11');
INSERT INTO shipment (ship_id, cust_id, weight, truck_id, driver_id, city_id, ship_date)  VALUES (1351, 600, 16623.0, 4, 22, 292, '2016-11-13');
INSERT INTO city (city_id, city_name, state, population, area)  VALUES (699, 'Jacksonville', 'Florida', 735617, 757.7000000000000454);
INSERT INTO city (city_id, city_name, state, population, area)  VALUES (547, 'Macon', 'Georgia', 97255, 55.79999999999999716);
INSERT INTO shipment (ship_id, cust_id, weight, truck_id, driver_id, city_id, ship_date)  VALUES (1359, 4415, 11637.0, 12, 25, 686, '2016-11-20');
INSERT INTO customer (cust_id, cust_name, annual_revenue, cust_type, address, city, state, zip, phone)  VALUES (3320, 'Danco Trailers Inc', 45200150, 'retailer', '18631 West Bradbury Road', 'Turlock', 'CA', 95380.0, '(209) 634-7223');
INSERT INTO (ship_id, cust_id, weight, truck_id, driver_id, city_id, ship_date)  VALUES (1417, 2906, 8037.0, 10, 20, 686, '2016-12-28');
INSERT INTO (ship_id, cust_id, weight, truck_id, driver_id, city_id, ship_date)  VALUES (1093, 2306, 16452.0, 10, 21, 565, '2016-05-22');
INSERT INTO shipment (ship_id, cust_id, weight, truck_id, driver_id, city_id, ship_date)  VALUES (1739, 2906, 7515.0, 8, 27, 639, '2017-08-04');
INSERT INTO (ship_id, cust_id, weight, truck_id, driver_id, city_id, ship_date)  VALUES (1729, 1592, 11187.0, 10, 28, 443, '2017-07-29');
INSERT INTO shipment (ship_id, cust_id, weight, truck_id, driver_id, city_id, ship_date)  VALUES (1652, 4347, 5130.0, 5, 23, 187, '2017-06-05');
INSERT INTO customer (cust_id, cust_name, annual_revenue, cust_type, address, city, state, zip, phone)  VALUES (2593, 'Double W Trailer Sales Inc', 8370242, 'manufacturer', '2401 West Broadway Street', 'Missoula', 'MT', 59808.0, '(406) 327-1537');
INSERT INTO customer (cust_id, cust_name, annual_revenue, cust_type, address, city, state, zip, phone)  VALUES (4513, 'U-haul Center Of Cicero', 26550475, 'retailer', '5027 W Cermak Rd', 'Cicero', 'IL', 60804.0, '(708) 656-8890');
INSERT INTO city (city_id, city_name, state, population, area)  VALUES (684, 'Fort Worth', 'Texas', 534694, 292.6000000000000227);
INSERT INTO city (city_id, city_name, state, population, area)  VALUES (618, 'Edmond', 'Oklahoma', 68315, 85.09999999999999431);
INSERT INTO shipment (ship_id, cust_id, weight, truck_id, driver_id, city_id, ship_date)  VALUES (1450, 2298, 3933.0, 7, 30, 570, '2017-01-19');
