INSERT INTO (ID, name, Capacity, City, Country, Opening_year)  VALUES (1, 'Nou Mestalla', 75000, 'Valencia', 'Spain', 2004);
INSERT INTO (ID, Result, Swimmer_ID, Event_ID)  VALUES (12, 'Win', 3, 5);
INSERT INTO (ID, name, Nationality, meter_100, meter_200, meter_300, meter_400, meter_500, meter_600, meter_700, Time)  VALUES (6, 'Ryan Cochrane', 'Canada', 57.84000000000000341, '1:57.26', '2:56.64', '3:56.34', '4:56.15', '5:56.99', '6:57.69', '7:56.56');
INSERT INTO stadium (ID, name, Capacity, City, Country, Opening_year)  VALUES (4, 'Estadio La Peineta', 67500, 'Madrid', 'Spain', 2005);
INSERT INTO record (ID, Result, Swimmer_ID, Event_ID)  VALUES (7, 'Win', 5, 3);
INSERT INTO stadium (ID, name, Capacity, City, Country, Opening_year)  VALUES (7, 'Northumberland Development Project', 56250, 'London', 'England', 2006);
INSERT INTO (ID, name, Capacity, City, Country, Opening_year)  VALUES (3, 'Baku Olympic Stadium', 68000, 'Baku', 'Azerbaijan', 2005);
INSERT INTO record (ID, Result, Swimmer_ID, Event_ID)  VALUES (6, 'Win', 6, 3);
INSERT INTO stadium (ID, name, Capacity, City, Country, Opening_year)  VALUES (5, 'Ferenc Puskás Stadion', 65000, 'Budapest', 'Hungary', 2006);
INSERT INTO event (ID, Name, Stadium_ID, Year)  VALUES (3, 'World Master', 2, '2012');
INSERT INTO (ID, Result, Swimmer_ID, Event_ID)  VALUES (3, 'Loss', 3, 3);
INSERT INTO swimmer (ID, name, Nationality, meter_100, meter_200, meter_300, meter_400, meter_500, meter_600, meter_700, Time)  VALUES (7, 'Przemysław Stańczyk', 'Poland', 57.31000000000000227, '1:57.10', '2:56.02', '3:55.36', '4:54.21', '5:52.59', '6:50.91', '7:47.91');
INSERT INTO swimmer (ID, name, Nationality, meter_100, meter_200, meter_300, meter_400, meter_500, meter_600, meter_700, Time)  VALUES (5, 'Federico Colbertaldo', 'Italy', 57.65999999999999659, '1:56.77', '2:56.04', '3:55.37', '4:54.48', '5:53.53', '6:52.58', '7:49.98');
INSERT INTO swimmer (ID, name, Nationality, meter_100, meter_200, meter_300, meter_400, meter_500, meter_600, meter_700, Time)  VALUES (8, 'Sébastien Rouault', 'France', 55.6700000000000017, '1:54.40', '2:53.46', '3:52.93', '4:52.85', '5:53.03', '6:53.34', '7:52.04');
INSERT INTO swimmer (ID, name, Nationality, meter_100, meter_200, meter_300, meter_400, meter_500, meter_600, meter_700, Time)  VALUES (4, 'Craig Stevens', 'Australia', 57.35000000000000142, '1:56.34', '2:55.90', '3:55.72', '4:55.08', '5:54.45', '6:52.69', '7:48.67');
INSERT INTO stadium (ID, name, Capacity, City, Country, Opening_year)  VALUES (8, 'Fisht Olympic Stadium', 47659, 'Sochi', 'Russia', 2004);
INSERT INTO event (ID, Name, Stadium_ID, Year)  VALUES (2, 'Pacific', 10, '2011');
INSERT INTO (ID, Result, Swimmer_ID, Event_ID)  VALUES (5, 'Loss', 1, 3);
INSERT INTO record (ID, Result, Swimmer_ID, Event_ID)  VALUES (9, 'Win', 3, 1);
INSERT INTO stadium (ID, name, Capacity, City, Country, Opening_year)  VALUES (9, 'Arena Baltika', 45015, 'Kaliningrad', 'Russia', 2007);
INSERT INTO (ID, Result, Swimmer_ID, Event_ID)  VALUES (1, 'NC', 1, 1);
INSERT INTO swimmer (ID, name, Nationality, meter_100, meter_200, meter_300, meter_400, meter_500, meter_600, meter_700, Time)  VALUES (3, 'Oussama Mellouli', 'Tunisia', 57.31000000000000227, '1:56.44', '2:55.94', '3:55.49', '4:54.19', '5:52.92', '6:50.80', '7:46.95');
INSERT INTO (ID, name, Nationality, meter_100, meter_200, meter_300, meter_400, meter_500, meter_600, meter_700, Time)  VALUES (2, 'Grant Hackett', 'Australia', 57.34000000000000341, '1:57.21', '2:56.95', '3:57.00', '4:56.96', '5:57.10', '6:57.44', '7:55.39');
INSERT INTO (ID, Result, Swimmer_ID, Event_ID)  VALUES (10, 'Win', 4, 1);
INSERT INTO (ID, name, Capacity, City, Country, Opening_year)  VALUES (10, 'Yubileyniy Stadium', 45015, 'Saransk', 'Russia', 2005);
INSERT INTO event (ID, Name, Stadium_ID, Year)  VALUES (5, 'IPC', 4, '2014');
INSERT INTO (ID, Result, Swimmer_ID, Event_ID)  VALUES (13, 'Loss', 4, 4);
INSERT INTO swimmer (ID, name, Nationality, meter_100, meter_200, meter_300, meter_400, meter_500, meter_600, meter_700, Time)  VALUES (1, 'Sergiy Fesenko', 'Ukraine', 57.34000000000000341, '1:57.26', '2:57.10', '3:57.12', '4:57.03', '5:56.31', '6:55.07', '7:53.43');
INSERT INTO stadium (ID, name, Capacity, City, Country, Opening_year)  VALUES (2, 'Gazprom Arena', 69501, 'Saint Petersburg', 'Russia', 2005);
INSERT INTO record (ID, Result, Swimmer_ID, Event_ID)  VALUES (11, 'Win', 4, 2);
INSERT INTO event (ID, Name, Stadium_ID, Year)  VALUES (6, 'European FINA', 8, '2017');
INSERT INTO (ID, Name, Stadium_ID, Year)  VALUES (4, 'World Junior', 3, '2013');
INSERT INTO record (ID, Result, Swimmer_ID, Event_ID)  VALUES (2, 'Win', 1, 2);
INSERT INTO (ID, name, Capacity, City, Country, Opening_year)  VALUES (6, 'Stade des Lumières', 61556, 'Lyon', 'France', 2004);
INSERT INTO record (ID, Result, Swimmer_ID, Event_ID)  VALUES (8, 'Win', 2, 1);
INSERT INTO (ID, Name, Stadium_ID, Year)  VALUES (1, 'FINA', 1, '2016');
INSERT INTO record (ID, Result, Swimmer_ID, Event_ID)  VALUES (4, 'Win', 4, 3);
