INSERT INTO `taxon` (`label`, `description`, `taxon_name`, `taxon_rank`, `freebase_id`, `instance_of`, `parent_taxon`, `ncbi_taxonomy_id`, `gbif_taxon_id`, `itis_tsn`, `gram_staining`, `irmng_id`, `lpsn_url`, `microsoft_academic_id`, `catalogue_of_life_id`) VALUES ('Pseudomonas', 'genus of bacteria', 'Pseudomonas', 'genus', '/m/01xz6j', 'taxon', 'Pseudomonadaceae', '286.0', '3219881.0', '74.0', 'Gram-negative bacteria', '1298874.0', 'http://www.bacterio.net/pseudomonas.html', '2781463711.0', '72PM');
INSERT INTO `encoded_by` (`label`, `description`, `found_in_taxon`, `subclass_of`, `entrez_gene_id`, `ncbi_locus_tag`, `encodes`, `instance_of`, `genomic_end`, `strand_orientation`, `genomic_start`) VALUES ('putative peptidase NRG857_07090', 'microbial gene found in Escherichia coli O83:H1 str. NRG 857C', 'Escherichia coli O83:H1 str. NRG 857C', 'gene', '12875041', 'NRG857_07090', 'Putative peptidase NRG857_07090', 'gene', '1480351', 'forward strand', '1478390');
INSERT INTO `peptidase_u32_collagenase_family` (`label`, `description`, `subclass_of`, `uniprot_protein_id`, `found_in_taxon`, `encoded_by`, `has_parts`, `instance_of`, `refseq_protein_id`, `part_of`) VALUES ('23S rRNA 5-hydroxycytidine C2501 synthase b1435', 'microbial protein found in Escherichia coli str. K-12 substr. MG1655', 'protein', 'P76104', 'Escherichia coli str. K-12 substr. MG1655', '23S rRNA 5-hydroxycytidine C2501 synthase b1435', 'Peptidase U32, collagenase', 'protein', 'NP_415952', 'Peptidase U32');
INSERT INTO `peptidase_u32_collagenase_family` (`label`, `description`, `subclass_of`, `uniprot_protein_id`, `found_in_taxon`, `encoded_by`, `has_parts`, `molecular_function`, `biological_process`, `instance_of`, `refseq_protein_id`, `part_of`) VALUES ('U32 family peptidase CD630_07030', 'microbial protein found in Clostridioides difficile 630', 'protein', 'Q189P9', 'Peptoclostridium difficile 630', 'U32 family peptidase CD630_07030', 'Peptidase U32, collagenase', 'peptidase activity', 'proteolysis', 'protein', 'YP_001087179', 'Peptidase U32');
INSERT INTO `encoded_by` (`label`, `description`, `found_in_taxon`, `subclass_of`, `entrez_gene_id`, `ncbi_locus_tag`, `encodes`, `instance_of`, `genomic_end`, `strand_orientation`, `genomic_start`) VALUES ('putative collagenase BF0599', 'microbial gene found in Bacteroides fragilis YCH46', 'Bacteroides fragilis YCH46', 'gene', '3082472', 'BF0599', 'Putative collagenase BF0599', 'gene', '706725', 'forward strand', '704899');
INSERT INTO `encoded_by` (`label`, `description`, `found_in_taxon`, `subclass_of`, `entrez_gene_id`, `ncbi_locus_tag`, `encodes`, `instance_of`, `genomic_end`, `strand_orientation`, `genomic_start`) VALUES ('collagenase ECs2039', 'microbial gene found in Escherichia coli O157:H7 str. Sakai', 'Escherichia coli O157:H7 str. Sakai', 'gene', '917237', 'ECs2039', 'Collagenase ECs2039', 'gene', '2024504', 'forward strand', '2022501');
INSERT INTO `encodes` (`label`, `description`, `subclass_of`, `uniprot_protein_id`, `found_in_taxon`, `encoded_by`, `has_parts`, `instance_of`, `refseq_protein_id`, `part_of`) VALUES ('Peptidase STY1460', 'microbial protein found in Salmonella enterica subsp. enterica serovar Typhi str. CT18', 'protein', 'Q8Z751', 'Salmonella enterica subsp. enterica serovar Typhi str. CT18', 'peptidase STY1460', 'Peptidase U32, collagenase', 'protein', 'NP_455893', 'Peptidase U32');
INSERT INTO `taxon` (`label`, `description`, `taxon_name`, `taxon_rank`, `freebase_id`, `instance_of`, `parent_taxon`, `ncbi_taxonomy_id`, `gbif_taxon_id`, `encyclopedia_of_life_id`, `itis_tsn`, `bacdive_id`, `gram_staining`, `irmng_id`, `lpsn_url`, `microsoft_academic_id`, `catalogue_of_life_id`) VALUES ('Bacteroides fragilis', 'species of bacterium', 'Bacteroides fragilis', 'species', '/m/05252nw', 'taxon', 'Bacteroides', '817.0', '3228366.0', '995259.0', '707771.0', '1585.0', 'Gram-negative bacteria', '11294268.0', 'http://www.bacterio.net/bacteroides.html#fragilis', '2780246119.0', '67YJJ');
INSERT INTO `encoded_by` (`label`, `description`, `found_in_taxon`, `subclass_of`, `entrez_gene_id`, `ncbi_locus_tag`, `encodes`, `instance_of`, `genomic_end`, `strand_orientation`, `genomic_start`) VALUES ('U32 family peptidase CLC_3026', 'microbial gene found in Clostridium botulinum A str. Hall', 'Clostridium botulinum A str. Hall', 'gene', '5401147', 'CLC_3026', 'Peptidase, U32 family CBO3122', 'gene', '3196895', 'reverse strand', '3194529');
INSERT INTO `peptidase_u32_collagenase_family` (`label`, `description`, `subclass_of`, `uniprot_protein_id`, `found_in_taxon`, `encoded_by`, `has_parts`, `molecular_function`, `biological_process`, `instance_of`, `refseq_protein_id`, `part_of`) VALUES ('Proteinase gll0938', 'microbial protein found in Gloeobacter violaceus PCC 7421', 'protein', 'Q7NM31', 'Gloeobacter violaceus PCC 7421', 'proteinase gll0938', 'Peptidase U32, collagenase', 'peptidase activity', 'proteolysis', 'protein', 'NP_923884', 'Peptidase U32');
INSERT INTO `peptidase_u32_collagenase_family` (`label`, `description`, `subclass_of`, `uniprot_protein_id`, `found_in_taxon`, `encoded_by`, `has_parts`, `molecular_function`, `biological_process`, `instance_of`, `refseq_protein_id`, `part_of`) VALUES ('Protease FN1931', 'microbial protein found in Fusobacterium nucleatum subsp. nucleatum ATCC 25586', 'protein', 'Q8R6D7', 'Fusobacterium nucleatum subsp. nucleatum ATCC 25586', 'protease FN1931', 'Peptidase U32, collagenase', 'hydrolase activity', 'proteolysis', 'protein', 'NP_602731', 'Peptidase U32');
INSERT INTO `encoded_by` (`label`, `description`, `found_in_taxon`, `subclass_of`, `entrez_gene_id`, `ncbi_locus_tag`, `encodes`, `instance_of`, `genomic_end`, `strand_orientation`, `genomic_start`) VALUES ('protease DR_2130', 'microbial gene found in Deinococcus radiodurans R1', 'Deinococcus radiodurans R1', 'gene', '1798533', 'DR_2130', 'Protease DR_2130', 'gene', '2135181', 'reverse strand', '2132659');
INSERT INTO `natural_product` (`label`, `description`, `taxon_name`, `ncbi_taxonomy_id`, `instance_of`, `parent_taxon`, `gram_staining`, `genbank_assembly_accession_number`) VALUES ('Clostridium botulinum A str. Hall', 'bacterial strain', 'Clostridium botulinum A str. Hall', '441771', 'strain', 'Clostridium botulinum', 'gram-positive bacteria', 'GCA_000017045.1');
INSERT INTO `encoded_by` (`label`, `description`, `found_in_taxon`, `subclass_of`, `entrez_gene_id`, `ncbi_locus_tag`, `encodes`, `instance_of`, `genomic_end`, `strand_orientation`, `genomic_start`) VALUES ('U32 family peptidase AHA_1043', 'microbial gene found in Aeromonas hydrophila subsp. hydrophila ATCC 7966', 'Aeromonas hydrophila subsp. hydrophila ATCC 7966', 'gene', '4489491', 'AHA_1043', 'U32 family peptidase AHA_1043', 'gene', '1126752', 'forward strand', '1124893');
INSERT INTO `encoded_by` (`label`, `description`, `found_in_taxon`, `subclass_of`, `entrez_gene_id`, `ncbi_locus_tag`, `encodes`, `instance_of`, `genomic_end`, `strand_orientation`, `genomic_start`) VALUES ('putative peptidase ECUMN_1683', 'microbial gene found in Escherichia coli UMN026', 'Escherichia coli UMN026', 'gene', '7158612', 'ECUMN_1683', 'Putative peptidase ECUMN_1683', 'gene', '1700572', 'forward strand', '1698611');
INSERT INTO `encoded_by` (`label`, `description`, `found_in_taxon`, `subclass_of`, `entrez_gene_id`, `ncbi_locus_tag`, `encodes`, `instance_of`, `genomic_end`, `strand_orientation`, `genomic_start`) VALUES ('peptidase U32 family YdcP SO_3797', 'microbial gene found in Shewanella oneidensis MR-1', 'Shewanella oneidensis MR-1', 'gene', '1171441', 'SO_3797', 'Peptidase U32 family YdcP SO_3797', 'gene', '3950690', 'reverse strand', '3948774');
INSERT INTO `taxon` (`label`, `description`, `taxon_name`, `taxon_rank`, `freebase_id`, `instance_of`, `parent_taxon`, `ncbi_taxonomy_id`, `gbif_taxon_id`, `encyclopedia_of_life_id`, `itis_tsn`, `gram_staining`, `irmng_id`, `lpsn_url`, `microsoft_academic_id`, `catalogue_of_life_id`) VALUES ('Deinococcus', 'genus of bacteria', 'Deinococcus', 'genus', '/m/0bbwz8x', 'taxon', 'Deinococcaceae', '1298.0', '3215676.0', '97729.0', '957024.0', 'Gram-negative bacteria', '1258335.0', 'https://lpsn.dsmz.de/genus/deinococcus', '2779561918.0', '42JC');
INSERT INTO `taxon` (`label`, `description`, `taxon_name`, `taxon_rank`, `instance_of`, `parent_taxon`, `ncbi_taxonomy_id`, `gbif_taxon_id`, `encyclopedia_of_life_id`, `gram_staining`, `irmng_id`, `lpsn_url`) VALUES ('Gloeobacter violaceus', 'species of Cyanobacteria', 'Gloeobacter violaceus', 'species', 'taxon', 'Gloeobacter', '33072.0', '3216319.0', '900606.0', 'Gram-negative bacteria', '10694545.0', 'https://lpsn.dsmz.de/species/gloeobacter-violaceus');
INSERT INTO `natural_product` (`label`, `description`, `taxon_name`, `ncbi_taxonomy_id`, `instance_of`, `parent_taxon`, `gram_staining`, `genbank_assembly_accession_number`) VALUES ('Vibrio fischeri ES114', 'bacterial strain', 'Vibrio fischeri ES114', '312309', 'strain', 'Aliivibrio fischeri', 'Gram-negative bacteria', 'GCA_000011805.1');
INSERT INTO `taxon` (`label`, `description`, `taxon_name`, `taxon_rank`, `freebase_id`, `instance_of`, `parent_taxon`, `ncbi_taxonomy_id`, `gbif_taxon_id`, `encyclopedia_of_life_id`, `itis_tsn`, `bacdive_id`, `gram_staining`, `irmng_id`, `lpsn_url`, `microsoft_academic_id`, `catalogue_of_life_id`) VALUES ('Flavobacterium psychrophilum', 'species of bacterium', 'Flavobacterium psychrophilum', 'species', '/m/012fd1vd', 'taxon', 'Flavobacterium', '96345.0', '3228583.0', '975009.0', '961686.0', '5529.0', 'Gram-negative bacteria', '10899276.0', 'http://www.bacterio.net/flavobacterium.html#psychrophilum', '2778192709.0', '6J9H4');
INSERT INTO `encodes` (`label`, `description`, `subclass_of`, `uniprot_protein_id`, `found_in_taxon`, `encoded_by`, `has_parts`, `molecular_function`, `biological_process`, `instance_of`, `refseq_protein_id`, `part_of`) VALUES ('Proteinase gll0938', 'microbial protein found in Gloeobacter violaceus PCC 7421', 'protein', 'Q7NM31', 'Gloeobacter violaceus PCC 7421', 'proteinase gll0938', 'Peptidase U32, collagenase', 'peptidase activity', 'proteolysis', 'protein', 'NP_923884', 'Peptidase U32');
INSERT INTO `peptidase_u32_collagenase_family` (`label`, `description`, `subclass_of`, `uniprot_protein_id`, `found_in_taxon`, `encoded_by`, `has_parts`, `instance_of`, `refseq_protein_id`, `part_of`) VALUES ('Collagenase ECs2039', 'microbial protein found in Escherichia coli O157:H7 str. Sakai', 'protein', 'A0A0H3JDX3', 'Escherichia coli O157:H7 str. Sakai', 'collagenase ECs2039', 'Peptidase U32, collagenase', 'protein', 'NP_310066', 'Peptidase U32');
INSERT INTO `encoded_by` (`label`, `description`, `found_in_taxon`, `subclass_of`, `entrez_gene_id`, `ncbi_locus_tag`, `encodes`, `instance_of`, `genomic_end`, `strand_orientation`, `genomic_start`) VALUES ('peptidase U32 ECL_02023', 'microbial gene found in Enterobacter cloacae subsp. cloacae ATCC 13047', 'Enterobacter cloacae subsp. cloacae ATCC 13047', 'gene', '9124518', 'ECL_02023', 'Peptidase U32 ECL_02023', 'gene', '2059720', 'reverse strand', '2057756');
INSERT INTO `natural_product` (`label`, `taxon_name`, `ncbi_taxonomy_id`, `instance_of`, `parent_taxon`, `gram_staining`, `genbank_assembly_accession_number`) VALUES ('Gloeobacter violaceus PCC 7421', 'Gloeobacter violaceus PCC 7421', '251221', 'strain', 'Gloeobacter violaceus', 'Gram-negative bacteria', 'GCA_000011385.1');
INSERT INTO `peptidase_u32_collagenase_family` (`label`, `description`, `subclass_of`, `uniprot_protein_id`, `found_in_taxon`, `encoded_by`, `has_parts`, `molecular_function`, `biological_process`, `instance_of`, `refseq_protein_id`, `part_of`) VALUES ('Collagenase protease CA_C2341', 'microbial protein found in Clostridium acetobutylicum ATCC 824', 'protein', 'Q97GM5', 'Clostridium acetobutylicum ATCC 824', 'collagenase protease CA_C2341', 'Peptidase U32, collagenase', 'peptidase activity', 'proteolysis', 'protein', 'NP_348957', 'Peptidase U32');
INSERT INTO `natural_product` (`label`, `description`, `taxon_name`, `ncbi_taxonomy_id`, `instance_of`, `parent_taxon`, `gram_staining`, `genbank_assembly_accession_number`) VALUES ('Escherichia coli UMN026', 'bacterial strain', 'Escherichia coli UMN026', '585056', 'strain', 'Escherichia coli', 'Gram-negative bacteria', 'GCA_000026325.2');
INSERT INTO `taxon` (`label`, `description`, `taxon_name`, `taxon_rank`, `freebase_id`, `instance_of`, `parent_taxon`, `ncbi_taxonomy_id`, `gbif_taxon_id`, `encyclopedia_of_life_id`, `itis_tsn`, `bacdive_id`, `gram_staining`, `irmng_id`, `lpsn_url`, `microsoft_academic_id`, `catalogue_of_life_id`) VALUES ('Myxococcus xanthus', 'slime bacterium', 'Myxococcus xanthus', 'species', '/m/0btyb3', 'taxon', 'Myxococcus', '34.0', '3220583.0', '975029.0', '963969.0', '9984.0', 'Gram-negative bacteria', '10032532.0', 'http://www.bacterio.net/myxococcus.html#xanthus', '2777120639.0', '7456V');
INSERT INTO `taxon` (`label`, `description`, `taxon_name`, `taxon_rank`, `freebase_id`, `instance_of`, `parent_taxon`, `ncbi_taxonomy_id`, `gbif_taxon_id`, `encyclopedia_of_life_id`, `itis_tsn`, `bacdive_id`, `gram_staining`, `irmng_id`, `lpsn_url`, `microsoft_academic_id`, `catalogue_of_life_id`) VALUES ('Escherichia coli', 'enteric, rod shaped, gram-negative bacterium', 'Escherichia coli', 'species', '/m/09_yl', 'taxon', 'Escherichia', '562.0', '6110934.0', '972688.0', '285.0', '4907.0', 'Gram-negative bacteria', '10032107.0', 'http://www.bacterio.net/escherichia.html#coli', '547475151.0', '3BGTD');
INSERT INTO `encodes` (`label`, `description`, `subclass_of`, `uniprot_protein_id`, `found_in_taxon`, `encoded_by`, `has_parts`, `molecular_function`, `biological_process`, `instance_of`, `refseq_protein_id`, `part_of`) VALUES ('Peptidase U32 Caur_1280', 'microbial protein found in Chloroflexus aurantiacus J-10-fl', 'protein', 'A9WK57', 'Chloroflexus aurantiacus J-10-fl', 'peptidase U32 Caur_1280', 'Peptidase U32, collagenase', 'peptidase activity', 'proteolysis', 'protein', 'YP_001634897', 'Peptidase U32');
INSERT INTO `taxon` (`label`, `description`, `taxon_name`, `taxon_rank`, `freebase_id`, `instance_of`, `parent_taxon`, `ncbi_taxonomy_id`, `gbif_taxon_id`, `encyclopedia_of_life_id`, `itis_tsn`, `gram_staining`, `irmng_id`, `lpsn_url`, `microsoft_academic_id`, `catalogue_of_life_id`) VALUES ('Flavobacterium', 'genus of bacteria', 'Flavobacterium', 'genus', '/m/02p9tmx', 'taxon', 'Flavobacteriaceae', '237.0', '3221328.0', '97911.0', '174.0', 'Gram-negative bacteria', '1048036.0', 'http://www.bacterio.net/flavobacterium.html', '2778106697.0', '634QJ');
INSERT INTO `natural_product` (`label`, `description`, `taxon_name`, `ncbi_taxonomy_id`, `instance_of`, `parent_taxon`, `gram_staining`, `genbank_assembly_accession_number`) VALUES ('Fusobacterium nucleatum subsp. nucleatum ATCC 25586', 'bacterial strain', 'Fusobacterium nucleatum subsp. nucleatum ATCC 25586', '190304', 'strain', 'Fusobacterium nucleatum', 'Gram-negative bacteria', 'GCA_000007325.1');
INSERT INTO `peptidase_u32_collagenase_family` (`label`, `description`, `subclass_of`, `uniprot_protein_id`, `found_in_taxon`, `encoded_by`, `has_parts`, `molecular_function`, `biological_process`, `instance_of`, `refseq_protein_id`, `part_of`) VALUES ('Peptidase U32 Psyr_3097', 'microbial protein found in Pseudomonas syringae pv. syringae B728a', 'protein', 'Q4ZRU3', 'Pseudomonas syringae pv. syringae B728a', 'peptidase U32 Psyr_3097', 'Peptidase U32, collagenase', 'peptidase activity', 'proteolysis', 'protein', 'YP_236167', 'Peptidase U32');
INSERT INTO `encodes` (`label`, `description`, `subclass_of`, `uniprot_protein_id`, `found_in_taxon`, `encoded_by`, `has_parts`, `molecular_function`, `biological_process`, `instance_of`, `refseq_protein_id`, `part_of`) VALUES ('Putative peptidase ECUMN_1683', 'microbial protein found in Escherichia coli UMN026', 'protein', 'B7N4J2', 'Escherichia coli UMN026', 'putative peptidase ECUMN_1683', 'Peptidase U32, collagenase', 'hydrolase activity', 'proteolysis', 'protein', 'YP_002412422', 'Peptidase U32');
INSERT INTO `peptidase_u32_collagenase_family` (`label`, `description`, `subclass_of`, `uniprot_protein_id`, `found_in_taxon`, `encoded_by`, `has_parts`, `molecular_function`, `biological_process`, `instance_of`, `refseq_protein_id`, `part_of`) VALUES ('Protease DR_2130', 'microbial protein found in Deinococcus radiodurans R1', 'protein', 'Q9RSJ4', 'Deinococcus radiodurans R1', 'protease DR_2130', 'Peptidase U32, collagenase', 'peptidase activity', 'proteolysis', 'protein', 'NP_295853', 'Peptidase U32');
INSERT INTO `taxon` (`label`, `description`, `taxon_name`, `taxon_rank`, `freebase_id`, `instance_of`, `parent_taxon`, `ncbi_taxonomy_id`, `gbif_taxon_id`, `encyclopedia_of_life_id`, `itis_tsn`, `gram_staining`, `irmng_id`, `lpsn_url`, `microsoft_academic_id`, `catalogue_of_life_id`) VALUES ('Aliivibrio', 'genus of bacteria', 'Aliivibrio', 'genus', '/m/0gvr_9f', 'taxon', 'Vibrionaceae', '511678.0', '4901866.0', '11700329.0', '956670.0', 'Gram-negative bacteria', '1014721.0', 'http://www.bacterio.net/aliivibrio.html', '2776737010.0', 'RXC');
INSERT INTO `natural_product` (`label`, `description`, `taxon_name`, `ncbi_taxonomy_id`, `instance_of`, `parent_taxon`, `gram_staining`, `genbank_assembly_accession_number`) VALUES ('Clostridium botulinum A str. ATCC 3502', 'bacterial strain', 'Clostridium botulinum A str. ATCC 3502', '413999', 'strain', 'Clostridium botulinum', 'gram-positive bacteria', 'GCA_000063585.1');
INSERT INTO `encodes` (`label`, `description`, `subclass_of`, `uniprot_protein_id`, `found_in_taxon`, `encoded_by`, `has_parts`, `molecular_function`, `biological_process`, `instance_of`, `refseq_protein_id`, `part_of`) VALUES ('U32 family peptidase AHA_1043', 'microbial protein found in Aeromonas hydrophila subsp. hydrophila ATCC 7966', 'protein', 'A0KH35', 'Aeromonas hydrophila subsp. hydrophila ATCC 7966', 'U32 family peptidase AHA_1043', 'Peptidase U32, collagenase', 'peptidase activity', 'proteolysis', 'protein', 'YP_855585', 'Peptidase U32');
INSERT INTO `taxon` (`label`, `description`, `taxon_name`, `taxon_rank`, `freebase_id`, `instance_of`, `parent_taxon`, `ncbi_taxonomy_id`, `gbif_taxon_id`, `itis_tsn`, `gram_staining`, `irmng_id`, `lpsn_url`, `catalogue_of_life_id`) VALUES ('Myxococcus', 'genus of bacteria', 'Myxococcus', 'genus', '/m/012hdffb', 'taxon', 'Myxococcaceae', '32.0', '3220562.0', '957648.0', 'Gram-negative bacteria', '1301607.0', 'http://www.bacterio.net/myxococcus.html', '5WWC');
INSERT INTO `natural_product` (`label`, `taxon_name`, `ncbi_taxonomy_id`, `instance_of`, `parent_taxon`, `gram_staining`, `genbank_assembly_accession_number`) VALUES ('Bacteroides thetaiotaomicron VPI-5482', 'Bacteroides thetaiotaomicron VPI-5482', '226186', 'taxon', 'Bacteroides thetaiotaomicron', 'Gram-negative bacteria', 'GCA_000011065.1');
INSERT INTO `encoded_by` (`label`, `description`, `found_in_taxon`, `subclass_of`, `entrez_gene_id`, `ncbi_locus_tag`, `encodes`, `instance_of`, `genomic_end`, `strand_orientation`, `genomic_start`) VALUES ('putative protease KPHS_29100', 'microbial gene found in Klebsiella pneumoniae subsp. pneumoniae HS11286', 'Klebsiella pneumoniae subsp. pneumoniae HS11286', 'gene', '11847928', 'KPHS_29100', 'Putative protease KPHS_29100', 'gene', '2911235', 'reverse strand', '2909274');
INSERT INTO `natural_product` (`label`, `description`, `taxon_name`, `ncbi_taxonomy_id`, `instance_of`, `parent_taxon`, `gram_staining`, `genbank_assembly_accession_number`) VALUES ('Geobacter sulfurreducens PCA', 'bacterial strain', 'Geobacter sulfurreducens PCA', '243231', 'strain', 'Geobacter sulfurreducens', 'Gram-negative bacteria', 'GCA_000007985.2');
INSERT INTO `encoded_by` (`label`, `description`, `found_in_taxon`, `subclass_of`, `entrez_gene_id`, `ncbi_locus_tag`, `encodes`, `instance_of`, `genomic_end`, `strand_orientation`, `genomic_start`) VALUES ('collagenase SDY_1740', 'microbial gene found in Shigella dysenteriae Sd197', 'Shigella dysenteriae Sd197', 'gene', '3796304', 'SDY_1740', 'Collagenase SDY_1740', 'gene', '1587834', 'reverse strand', '1586197');
INSERT INTO `encodes` (`label`, `description`, `subclass_of`, `uniprot_protein_id`, `found_in_taxon`, `encoded_by`, `has_parts`, `molecular_function`, `biological_process`, `instance_of`, `refseq_protein_id`, `part_of`) VALUES ('U32 family peptidase GSU3347', 'microbial protein found in Geobacter sulfurreducens PCA', 'protein', 'Q747C0', 'Geobacter sulfurreducens PCA', 'U32 family peptidase GSU3347', 'Peptidase U32, collagenase', 'peptidase activity', 'proteolysis', 'protein', 'NP_954387', 'Peptidase U32');
INSERT INTO `taxon` (`label`, `description`, `taxon_name`, `taxon_rank`, `instance_of`, `parent_taxon`, `ncbi_taxonomy_id`, `gbif_taxon_id`, `itis_tsn`, `bacdive_id`, `gram_staining`, `irmng_id`, `lpsn_url`, `catalogue_of_life_id`) VALUES ('Rhodopirellula baltica', 'species of bacterium', 'Rhodopirellula baltica', 'species', 'taxon', 'Rhodopirellula', '265606.0', '3228997.0', '965607.0', '11942.0', 'Gram-negative bacteria', '11837581.0', 'http://www.bacterio.net/rhodopirellula.html#baltica', '4SJBK');
INSERT INTO `peptidase_u32_collagenase_family` (`label`, `description`, `subclass_of`, `uniprot_protein_id`, `found_in_taxon`, `encoded_by`, `has_parts`, `molecular_function`, `biological_process`, `instance_of`, `refseq_protein_id`, `part_of`) VALUES ('U32 family peptidase AHA_1043', 'microbial protein found in Aeromonas hydrophila subsp. hydrophila ATCC 7966', 'protein', 'A0KH35', 'Aeromonas hydrophila subsp. hydrophila ATCC 7966', 'U32 family peptidase AHA_1043', 'Peptidase U32, collagenase', 'peptidase activity', 'proteolysis', 'protein', 'YP_855585', 'Peptidase U32');
INSERT INTO `encoded_by` (`label`, `description`, `found_in_taxon`, `subclass_of`, `entrez_gene_id`, `ncbi_locus_tag`, `encodes`, `instance_of`, `genomic_end`, `strand_orientation`, `genomic_start`) VALUES ('proteinase gll0938', 'microbial gene found in Gloeobacter violaceus PCC 7421', 'Gloeobacter violaceus PCC 7421', 'gene', '2599257', 'gll0938', 'Proteinase gll0938', 'gene', '996033', 'reverse strand', '993586');
INSERT INTO `encodes` (`label`, `description`, `subclass_of`, `uniprot_protein_id`, `found_in_taxon`, `encoded_by`, `has_parts`, `molecular_function`, `biological_process`, `instance_of`, `refseq_protein_id`, `part_of`) VALUES ('Protease DR_2130', 'microbial protein found in Deinococcus radiodurans R1', 'protein', 'Q9RSJ4', 'Deinococcus radiodurans R1', 'protease DR_2130', 'Peptidase U32, collagenase', 'peptidase activity', 'proteolysis', 'protein', 'NP_295853', 'Peptidase U32');
INSERT INTO `natural_product` (`label`, `description`, `taxon_name`, `ncbi_taxonomy_id`, `instance_of`, `parent_taxon`, `gram_staining`, `genbank_assembly_accession_number`) VALUES ('Bacteroides fragilis YCH46', 'bacterial strain', 'Bacteroides fragilis YCH46', '295405', 'strain', 'Bacteroides fragilis', 'Gram-negative bacteria', 'GCA_000009925.1');
INSERT INTO `taxon` (`label`, `description`, `taxon_name`, `taxon_rank`, `freebase_id`, `instance_of`, `parent_taxon`, `ncbi_taxonomy_id`, `gbif_taxon_id`, `itis_tsn`, `gram_staining`, `irmng_id`, `lpsn_url`, `microsoft_academic_id`, `catalogue_of_life_id`) VALUES ('Shewanella', 'genus of bacteria', 'Shewanella', 'genus', '/m/02qt7kr', 'taxon', 'Shewanellaceae', '22.0', '3222805.0', '958096.0', 'Gram-negative bacteria', '1370830.0', 'http://www.bacterio.net/shewanella.html', '2778824058.0', '7GDM');
INSERT INTO `natural_product` (`label`, `description`, `taxon_name`, `ncbi_taxonomy_id`, `instance_of`, `parent_taxon`, `gram_staining`, `genbank_assembly_accession_number`) VALUES ('Enterobacter aerogenes KCTC 2190', 'bacterial strain', 'Enterobacter aerogenes KCTC 2190', '1028307', 'strain', 'Klebsiella aerogenes', 'Gram-negative bacteria', 'GCA_000215745.1');
INSERT INTO `peptidase_u32_collagenase_family` (`label`, `description`, `subclass_of`, `uniprot_protein_id`, `found_in_taxon`, `encoded_by`, `has_parts`, `molecular_function`, `biological_process`, `instance_of`, `refseq_protein_id`, `part_of`) VALUES ('Putative protease EAE_20180', 'microbial protein found in Klebsiella aerogenes KCTC 2190', 'protein', 'A0A0H3FT91', 'Enterobacter aerogenes KCTC 2190', 'putative protease EAE_20180', 'Peptidase U32, collagenase', 'peptidase activity', 'proteolysis', 'protein', 'YP_004594222', 'Peptidase U32');
INSERT INTO `encoded_by` (`label`, `description`, `found_in_taxon`, `subclass_of`, `entrez_gene_id`, `ncbi_locus_tag`, `encodes`, `instance_of`, `genomic_end`, `strand_orientation`, `genomic_start`) VALUES ('U32 family peptidase VF_1383', 'microbial gene found in Vibrio fischeri ES114', 'Vibrio fischeri ES114', 'gene', '3278729', 'VF_1383', 'U32 family peptidase VF_1383', 'gene', '1532611', 'reverse strand', '1530368');
INSERT INTO `peptidase_u32_collagenase_family` (`label`, `description`, `subclass_of`, `uniprot_protein_id`, `found_in_taxon`, `encoded_by`, `has_parts`, `molecular_function`, `biological_process`, `instance_of`, `refseq_protein_id`, `part_of`) VALUES ('U32 family peptidase GSU3347', 'microbial protein found in Geobacter sulfurreducens PCA', 'protein', 'Q747C0', 'Geobacter sulfurreducens PCA', 'U32 family peptidase GSU3347', 'Peptidase U32, collagenase', 'peptidase activity', 'proteolysis', 'protein', 'NP_954387', 'Peptidase U32');
INSERT INTO `taxon` (`label`, `description`, `taxon_name`, `taxon_rank`, `freebase_id`, `instance_of`, `parent_taxon`, `ncbi_taxonomy_id`, `gbif_taxon_id`, `encyclopedia_of_life_id`, `itis_tsn`, `bacdive_id`, `gram_staining`, `lpsn_url`, `microsoft_academic_id`) VALUES ('Klebsiella aerogenes', 'species of bacterium', 'Klebsiella aerogenes', 'species', '/m/02rbqkm', 'taxon', 'Klebsiella', '548.0', '9281703.0', '972692.0', '9750.0', '4358.0', 'Gram-negative bacteria', 'http://www.bacterio.net/klebsiella.html#aerogenes', '2776265613.0');
INSERT INTO `encodes` (`label`, `description`, `subclass_of`, `uniprot_protein_id`, `found_in_taxon`, `encoded_by`, `has_parts`, `molecular_function`, `biological_process`, `instance_of`, `refseq_protein_id`, `part_of`) VALUES ('Putative collagenase BF0599', 'microbial protein found in Bacteroides fragilis YCH46', 'protein', 'Q64YS8', 'Bacteroides fragilis YCH46', 'putative collagenase BF0599', 'Peptidase U32, collagenase', 'peptidase activity', 'proteolysis', 'protein', 'YP_097882', 'Peptidase U32');
INSERT INTO `taxon` (`label`, `description`, `taxon_name`, `taxon_rank`, `freebase_id`, `instance_of`, `parent_taxon`, `ncbi_taxonomy_id`, `gbif_taxon_id`, `encyclopedia_of_life_id`, `itis_tsn`, `bacdive_id`, `gram_staining`, `irmng_id`, `lpsn_url`, `microsoft_academic_id`, `catalogue_of_life_id`) VALUES ('Pseudomonas syringae', 'species of bacterium', 'Pseudomonas syringae', 'species', '/m/02q31y_', 'taxon', 'Pseudomonas', '317.0', '3223236.0', '6374832.0', '965302.0', '13024.0', 'Gram-negative bacteria', '11223972.0', 'http://www.bacterio.net/pseudomonas.html#syringae', '2780381237.0', '4P3SS');
INSERT INTO `natural_product` (`label`, `taxon_name`, `ncbi_taxonomy_id`, `instance_of`, `parent_taxon`, `gram_staining`, `genbank_assembly_accession_number`) VALUES ('Pseudomonas syringae pv. tomato str. DC3000', 'Pseudomonas syringae pv. tomato str. DC3000', '223283', 'taxon', 'Pseudomonas syringae pv. tomato', 'Gram-negative bacteria', 'GCA_000007805.1');
INSERT INTO `natural_product` (`label`, `description`, `taxon_name`, `ncbi_taxonomy_id`, `instance_of`, `parent_taxon`, `gram_staining`, `genbank_assembly_accession_number`) VALUES ('Salmonella enterica subsp. enterica serovar Typhi str. CT18', 'bacterial strain', 'Salmonella enterica subsp. enterica serovar Typhi str. CT18', '220341', 'strain', 'Salmonella enterica', 'Gram-negative bacteria', 'GCA_000195995.1');
INSERT INTO `encodes` (`label`, `description`, `subclass_of`, `uniprot_protein_id`, `found_in_taxon`, `encoded_by`, `has_parts`, `molecular_function`, `biological_process`, `instance_of`, `refseq_protein_id`, `part_of`) VALUES ('U32 family peptidase CD630_07030', 'microbial protein found in Clostridioides difficile 630', 'protein', 'Q189P9', 'Peptoclostridium difficile 630', 'U32 family peptidase CD630_07030', 'Peptidase U32, collagenase', 'peptidase activity', 'proteolysis', 'protein', 'YP_001087179', 'Peptidase U32');
INSERT INTO `taxon` (`label`, `description`, `taxon_name`, `taxon_rank`, `freebase_id`, `instance_of`, `parent_taxon`, `ncbi_taxonomy_id`, `gbif_taxon_id`, `encyclopedia_of_life_id`, `itis_tsn`, `bacdive_id`, `gram_staining`, `irmng_id`, `lpsn_url`, `microsoft_academic_id`, `catalogue_of_life_id`) VALUES ('Shigella dysenteriae', 'species of bacterium', 'Shigella dysenteriae', 'species', '/m/06nlqb', 'taxon', 'Shigella', '622.0', '3221856.0', '972637.0', '966038.0', '138456.0', 'Gram-negative bacteria', '11035999.0', 'http://www.bacterio.net/shigella.html#dysenteriae', '2780610775.0', '4X4L5');
INSERT INTO `encoded_by` (`label`, `description`, `found_in_taxon`, `subclass_of`, `entrez_gene_id`, `ncbi_locus_tag`, `encodes`, `instance_of`, `genomic_end`, `strand_orientation`, `genomic_start`) VALUES ('protease FN1931', 'microbial gene found in Fusobacterium nucleatum subsp. nucleatum ATCC 25586', 'Fusobacterium nucleatum subsp. nucleatum ATCC 25586', 'gene', '992444', 'FN1931', 'Protease FN1931', 'gene', '432510', 'reverse strand', '430348');
INSERT INTO `encodes` (`label`, `description`, `subclass_of`, `uniprot_protein_id`, `found_in_taxon`, `encoded_by`, `has_parts`, `molecular_function`, `biological_process`, `instance_of`, `refseq_protein_id`, `part_of`) VALUES ('U32 family peptidase VF_1383', 'microbial protein found in Aliivibrio fischeri ES114', 'protein', 'Q5E518', 'Vibrio fischeri ES114', 'U32 family peptidase VF_1383', 'Peptidase U32, collagenase', 'peptidase activity', 'proteolysis', 'protein', 'YP_204766', 'Peptidase U32');
INSERT INTO `natural_product` (`label`, `description`, `taxon_name`, `ncbi_taxonomy_id`, `instance_of`, `parent_taxon`, `gram_staining`, `genbank_assembly_accession_number`) VALUES ('Salmonella enterica subsp. enterica serovar Typhimurium str. LT2', 'bacterial strain', 'Salmonella enterica subsp. enterica serovar Typhimurium str. LT2', '99287', 'strain', 'Salmonella enterica', 'Gram-negative bacteria', 'GCA_000006945.2');
INSERT INTO `encodes` (`label`, `description`, `subclass_of`, `uniprot_protein_id`, `found_in_taxon`, `encoded_by`, `has_parts`, `molecular_function`, `biological_process`, `instance_of`, `refseq_protein_id`, `part_of`) VALUES ('Peptidase U32 family YdcP SO_3797', 'microbial protein found in Shewanella oneidensis MR-1', 'protein', 'Q8EAU4', 'Shewanella oneidensis MR-1', 'peptidase U32 family YdcP SO_3797', 'Peptidase U32, collagenase', 'hydrolase activity', 'proteolysis', 'protein', 'NP_719334', 'Peptidase U32');
INSERT INTO `encoded_by` (`label`, `description`, `found_in_taxon`, `subclass_of`, `entrez_gene_id`, `ncbi_locus_tag`, `encodes`, `instance_of`, `genomic_end`, `strand_orientation`, `genomic_start`) VALUES ('peptidase STY1460', 'microbial gene found in Salmonella enterica subsp. enterica serovar Typhi str. CT18', 'Salmonella enterica subsp. enterica serovar Typhi str. CT18', 'gene', '1247850', 'STY1460', 'Peptidase STY1460', 'gene', '1412057', 'forward strand', '1410093');
INSERT INTO `encoded_by` (`label`, `description`, `found_in_taxon`, `subclass_of`, `entrez_gene_id`, `ncbi_locus_tag`, `encodes`, `instance_of`, `genomic_end`, `strand_orientation`, `genomic_start`) VALUES ('collagenase protease CA_C2341', 'microbial gene found in Clostridium acetobutylicum ATCC 824', 'Clostridium acetobutylicum ATCC 824', 'gene', '1118524', 'CA_C2341', 'Collagenase protease CA_C2341', 'gene', '2453368', 'reverse strand', '2451005');
INSERT INTO `peptidase_u32_collagenase_family` (`label`, `description`, `subclass_of`, `uniprot_protein_id`, `found_in_taxon`, `encoded_by`, `has_parts`, `instance_of`, `refseq_protein_id`, `part_of`) VALUES ('Peptidase, U32 family CBO3122', 'microbial protein found in Clostridium botulinum A str. ATCC 3502', 'protein', 'A5I6K3', 'Clostridium botulinum A str. ATCC 3502', 'U32 family peptidase CLC_3026', 'Peptidase U32, collagenase', 'protein', 'YP_001255614', 'Peptidase U32');
INSERT INTO `taxon` (`label`, `description`, `taxon_name`, `taxon_rank`, `instance_of`, `parent_taxon`, `ncbi_taxonomy_id`, `gbif_taxon_id`, `itis_tsn`, `bacdive_id`, `gram_staining`, `irmng_id`, `lpsn_url`, `catalogue_of_life_id`) VALUES ('Bacteroides thetaiotaomicron', 'species of bacterium', 'Bacteroides thetaiotaomicron', 'species', 'taxon', 'Bacteroides', '818.0', '3228377.0', '959872.0', '1599.0', 'Gram-negative bacteria', '11297409.0', 'http://www.bacterio.net/bacteroides.html#thetaiotaomicron', 'K9TY');
INSERT INTO `encoded_by` (`label`, `description`, `found_in_taxon`, `subclass_of`, `entrez_gene_id`, `ncbi_locus_tag`, `encodes`, `instance_of`, `genomic_end`, `strand_orientation`, `genomic_start`) VALUES ('peptidase U32 Moth_1712', 'microbial gene found in Moorella thermoacetica ATCC 39073', 'Moorella thermoacetica ATCC 39073', 'gene', '3833162', 'Moth_1712', 'Peptidase U32 Moth_1712', 'gene', '1754289', 'reverse strand', '1751701');
INSERT INTO `peptidase_u32_collagenase_family` (`label`, `description`, `subclass_of`, `uniprot_protein_id`, `found_in_taxon`, `encoded_by`, `has_parts`, `molecular_function`, `biological_process`, `instance_of`, `refseq_protein_id`, `part_of`) VALUES ('Putative peptidase ECUMN_1683', 'microbial protein found in Escherichia coli UMN026', 'protein', 'B7N4J2', 'Escherichia coli UMN026', 'putative peptidase ECUMN_1683', 'Peptidase U32, collagenase', 'hydrolase activity', 'proteolysis', 'protein', 'YP_002412422', 'Peptidase U32');
INSERT INTO `peptidase_u32_collagenase_family` (`label`, `description`, `subclass_of`, `uniprot_protein_id`, `found_in_taxon`, `encoded_by`, `has_parts`, `molecular_function`, `biological_process`, `instance_of`, `refseq_protein_id`, `part_of`) VALUES ('Peptidase, U32 family PSPTO_3259', 'microbial protein found in Pseudomonas syringae pv. tomato str. DC3000', 'protein', 'Q880B3', 'Pseudomonas syringae pv. tomato str. DC3000', 'peptidase, U32 family PSPTO_3259', 'Peptidase U32, collagenase', 'peptidase activity', 'proteolysis', 'protein', 'NP_793042', 'Peptidase U32');
INSERT INTO `encodes` (`label`, `description`, `subclass_of`, `uniprot_protein_id`, `found_in_taxon`, `encoded_by`, `has_parts`, `molecular_function`, `biological_process`, `instance_of`, `refseq_protein_id`, `part_of`) VALUES ('Putative protease KPHS_29100', 'microbial protein found in Klebsiella pneumoniae subsp. pneumoniae HS11286', 'protein', 'A0A0H3GQJ9', 'Klebsiella pneumoniae subsp. pneumoniae HS11286', 'putative protease KPHS_29100', 'Peptidase U32, collagenase', 'peptidase activity', 'proteolysis', 'protein', 'YP_005227210', 'Peptidase U32');
INSERT INTO `natural_product` (`label`, `description`, `taxon_name`, `ncbi_taxonomy_id`, `instance_of`, `parent_taxon`, `gram_staining`, `genbank_assembly_accession_number`) VALUES ('Escherichia coli O157:H7 str. Sakai', 'bacterial strain', 'Escherichia coli O157:H7 str. Sakai', '386585', 'strain', 'Escherichia coli', 'Gram-negative bacteria', 'GCA_000008865.1');
INSERT INTO `encoded_by` (`label`, `description`, `found_in_taxon`, `subclass_of`, `entrez_gene_id`, `ncbi_locus_tag`, `encodes`, `instance_of`, `genomic_end`, `strand_orientation`, `genomic_start`) VALUES ('protease STM1604', 'microbial gene found in Salmonella enterica subsp. enterica serovar Typhimurium str. LT2', 'Salmonella enterica subsp. enterica serovar Typhimurium str. LT2', 'gene', '1253122', 'STM1604', 'Protease STM1604', 'gene', '1695611', 'reverse strand', '1693629');
INSERT INTO `peptidase_u32_collagenase_family` (`label`, `description`, `subclass_of`, `uniprot_protein_id`, `found_in_taxon`, `encoded_by`, `has_parts`, `molecular_function`, `biological_process`, `instance_of`, `refseq_protein_id`, `part_of`) VALUES ('Peptidase PP_3497', 'microbial protein found in Pseudomonas putida KT2440', 'protein', 'Q88H64', 'Pseudomonas putida KT2440', 'peptidase PP_3497', 'Peptidase U32, collagenase', 'peptidase activity', 'proteolysis', 'protein', 'NP_745634', 'Peptidase U32');
INSERT INTO `encodes` (`label`, `description`, `subclass_of`, `uniprot_protein_id`, `found_in_taxon`, `encoded_by`, `has_parts`, `molecular_function`, `biological_process`, `instance_of`, `refseq_protein_id`, `part_of`) VALUES ('Putative peptidase NRG857_07090', 'microbial protein found in Escherichia coli O83:H1 str. NRG 857C', 'protein', 'A0A0H3EH76', 'Escherichia coli O83:H1 str. NRG 857C', 'putative peptidase NRG857_07090', 'Peptidase U32, collagenase', 'peptidase activity', 'proteolysis', 'protein', 'YP_006119778', 'Peptidase U32');
INSERT INTO `taxon` (`label`, `description`, `taxon_name`, `taxon_rank`, `freebase_id`, `instance_of`, `parent_taxon`, `ncbi_taxonomy_id`, `gbif_taxon_id`, `encyclopedia_of_life_id`, `itis_tsn`, `gram_staining`, `irmng_id`, `lpsn_url`, `microsoft_academic_id`, `catalogue_of_life_id`) VALUES ('Clostridium', 'genus of prokaryotes', 'Clostridium', 'genus', '/m/01tpsv', 'taxon', 'Clostridiaceae', '1485.0', '3226206.0', '83389.0', '555645.0', 'gram-positive bacteria', '1282356.0', 'https://lpsn.dsmz.de/genus/clostridium', '2781092032.0', '3R7V');
INSERT INTO `peptidase_u32_collagenase_family` (`label`, `description`, `subclass_of`, `uniprot_protein_id`, `found_in_taxon`, `encoded_by`, `has_parts`, `molecular_function`, `biological_process`, `instance_of`, `refseq_protein_id`, `part_of`) VALUES ('Putative peptidase NRG857_07090', 'microbial protein found in Escherichia coli O83:H1 str. NRG 857C', 'protein', 'A0A0H3EH76', 'Escherichia coli O83:H1 str. NRG 857C', 'putative peptidase NRG857_07090', 'Peptidase U32, collagenase', 'peptidase activity', 'proteolysis', 'protein', 'YP_006119778', 'Peptidase U32');
INSERT INTO `taxon` (`label`, `description`, `taxon_name`, `taxon_rank`, `freebase_id`, `instance_of`, `parent_taxon`, `ncbi_taxonomy_id`, `gbif_taxon_id`, `encyclopedia_of_life_id`, `gram_staining`, `irmng_id`, `lpsn_url`, `microsoft_academic_id`) VALUES ('Gloeobacter', 'genus of Cyanobacteria', 'Gloeobacter', 'genus', '/m/03wc0l5', 'taxon', 'Gloeobacteraceae', '33071.0', '3216318.0', '90918.0', 'Gram-negative bacteria', '1073523.0', 'https://lpsn.dsmz.de/genus/gloeobacter', '2778464676.0');
INSERT INTO `natural_product` (`label`, `description`, `taxon_name`, `ncbi_taxonomy_id`, `instance_of`, `parent_taxon`, `gram_staining`, `genbank_assembly_accession_number`) VALUES ('Aeromonas hydrophila subsp. hydrophila ATCC 7966', 'bacterial strain', 'Aeromonas hydrophila subsp. hydrophila ATCC 7966', '380703', 'strain', 'Aeromonas hydrophila', 'Gram-negative bacteria', 'GCA_000014805.1');
INSERT INTO `peptidase_u32_collagenase_family` (`label`, `description`, `subclass_of`, `uniprot_protein_id`, `found_in_taxon`, `encoded_by`, `has_parts`, `molecular_function`, `biological_process`, `instance_of`, `refseq_protein_id`, `part_of`) VALUES ('Protease STM1604', 'microbial protein found in Salmonella enterica subsp. enterica serovar Typhimurium str. LT2', 'protein', 'Q8ZPC7', 'Salmonella enterica subsp. enterica serovar Typhimurium str. LT2', 'protease STM1604', 'Peptidase U32, collagenase', 'peptidase activity', 'proteolysis', 'protein', 'NP_460563', 'Peptidase U32');
INSERT INTO `taxon` (`label`, `description`, `taxon_name`, `taxon_rank`, `instance_of`, `parent_taxon`, `ncbi_taxonomy_id`, `gram_staining`) VALUES ('Pseudomonas syringae pv. tomato', 'variety of bacteria', 'Pseudomonas syringae pv. tomato', 'pathovar', 'taxon', 'Pseudomonas syringae group genomosp. 3', '323.0', 'Gram-negative bacteria');
INSERT INTO `peptidase_u32_collagenase_family` (`label`, `description`, `subclass_of`, `uniprot_protein_id`, `found_in_taxon`, `encoded_by`, `has_parts`, `molecular_function`, `biological_process`, `instance_of`, `refseq_protein_id`, `part_of`) VALUES ('Collagenase BT_2412', 'microbial protein found in Bacteroides thetaiotaomicron VPI-5482', 'protein', 'Q8A532', 'Bacteroides thetaiotaomicron VPI-5482', 'collagenase BT_2412', 'Peptidase U32, collagenase', 'peptidase activity', 'proteolysis', 'protein', 'NP_811325', 'Peptidase U32');
INSERT INTO `encodes` (`label`, `description`, `subclass_of`, `uniprot_protein_id`, `found_in_taxon`, `encoded_by`, `has_parts`, `molecular_function`, `biological_process`, `instance_of`, `refseq_protein_id`, `part_of`) VALUES ('Protease FN1931', 'microbial protein found in Fusobacterium nucleatum subsp. nucleatum ATCC 25586', 'protein', 'Q8R6D7', 'Fusobacterium nucleatum subsp. nucleatum ATCC 25586', 'protease FN1931', 'Peptidase U32, collagenase', 'hydrolase activity', 'proteolysis', 'protein', 'NP_602731', 'Peptidase U32');
INSERT INTO `natural_product` (`label`, `taxon_name`, `ncbi_taxonomy_id`, `instance_of`, `parent_taxon`, `gram_staining`, `genbank_assembly_accession_number`) VALUES ('Flavobacterium psychrophilum JIP02/86', 'Flavobacterium psychrophilum JIP02/86', '402612', 'strain', 'Flavobacterium psychrophilum', 'Gram-negative bacteria', 'GCA_000064305.2');
INSERT INTO `natural_product` (`label`, `description`, `taxon_name`, `ncbi_taxonomy_id`, `instance_of`, `parent_taxon`, `gram_staining`, `genbank_assembly_accession_number`) VALUES ('Enterobacter cloacae subsp. cloacae ATCC 13047', 'bacterial strain', 'Enterobacter cloacae subsp. cloacae ATCC 13047', '716541', 'strain', 'Enterobacter cloacae', 'Gram-negative bacteria', 'GCA_000025565.1');
INSERT INTO `encodes` (`label`, `description`, `subclass_of`, `uniprot_protein_id`, `found_in_taxon`, `encoded_by`, `has_parts`, `molecular_function`, `biological_process`, `instance_of`, `refseq_protein_id`, `part_of`) VALUES ('Protease STM1604', 'microbial protein found in Salmonella enterica subsp. enterica serovar Typhimurium str. LT2', 'protein', 'Q8ZPC7', 'Salmonella enterica subsp. enterica serovar Typhimurium str. LT2', 'protease STM1604', 'Peptidase U32, collagenase', 'peptidase activity', 'proteolysis', 'protein', 'NP_460563', 'Peptidase U32');
INSERT INTO `natural_product` (`label`, `description`, `taxon_name`, `ncbi_taxonomy_id`, `instance_of`, `parent_taxon`, `gram_staining`, `genbank_assembly_accession_number`) VALUES ('Pseudomonas syringae pv. syringae B728a', 'bacterial strain', 'Pseudomonas syringae pv. syringae B728a', '205918', 'strain', 'Pseudomonas syringae', 'Gram-negative bacteria', 'GCA_000012245.1');
INSERT INTO `peptidase_u32_collagenase_family` (`label`, `description`, `subclass_of`, `uniprot_protein_id`, `found_in_taxon`, `encoded_by`, `has_parts`, `molecular_function`, `biological_process`, `instance_of`, `refseq_protein_id`, `part_of`) VALUES ('Putative collagenase BF0599', 'microbial protein found in Bacteroides fragilis YCH46', 'protein', 'Q64YS8', 'Bacteroides fragilis YCH46', 'putative collagenase BF0599', 'Peptidase U32, collagenase', 'peptidase activity', 'proteolysis', 'protein', 'YP_097882', 'Peptidase U32');
INSERT INTO `encodes` (`label`, `description`, `subclass_of`, `uniprot_protein_id`, `found_in_taxon`, `encoded_by`, `has_parts`, `molecular_function`, `biological_process`, `instance_of`, `refseq_protein_id`, `part_of`) VALUES ('Putative protease EAE_20180', 'microbial protein found in Klebsiella aerogenes KCTC 2190', 'protein', 'A0A0H3FT91', 'Enterobacter aerogenes KCTC 2190', 'putative protease EAE_20180', 'Peptidase U32, collagenase', 'peptidase activity', 'proteolysis', 'protein', 'YP_004594222', 'Peptidase U32');
INSERT INTO `encoded_by` (`label`, `description`, `found_in_taxon`, `subclass_of`, `entrez_gene_id`, `ncbi_locus_tag`, `encodes`, `instance_of`, `genomic_end`, `strand_orientation`, `genomic_start`) VALUES ('collagenase RB3913', 'microbial gene found in Rhodopirellula baltica SH 1', 'Rhodopirellula baltica SH 1', 'gene', '1796821', 'RB3913', 'Collagenase RB3913', 'gene', '2023432', 'forward strand', '2020730');
INSERT INTO `encodes` (`label`, `description`, `subclass_of`, `uniprot_protein_id`, `found_in_taxon`, `encoded_by`, `has_parts`, `molecular_function`, `biological_process`, `instance_of`, `refseq_protein_id`, `part_of`) VALUES ('Peptidase U32 Psyr_3097', 'microbial protein found in Pseudomonas syringae pv. syringae B728a', 'protein', 'Q4ZRU3', 'Pseudomonas syringae pv. syringae B728a', 'peptidase U32 Psyr_3097', 'Peptidase U32, collagenase', 'peptidase activity', 'proteolysis', 'protein', 'YP_236167', 'Peptidase U32');
INSERT INTO `natural_product` (`label`, `description`, `taxon_name`, `ncbi_taxonomy_id`, `instance_of`, `parent_taxon`, `gram_staining`, `genbank_assembly_accession_number`) VALUES ('Deinococcus radiodurans R1', 'bacterial strain', 'Deinococcus radiodurans R1', '243230', 'strain', 'Deinococcus radiodurans', 'Gram-negative bacteria', 'GCA_001638825.1');
INSERT INTO `peptidase_u32_collagenase_family` (`label`, `description`, `subclass_of`, `uniprot_protein_id`, `found_in_taxon`, `encoded_by`, `has_parts`, `molecular_function`, `biological_process`, `instance_of`, `refseq_protein_id`, `part_of`) VALUES ('Peptidase U32 Moth_1712', 'microbial protein found in Moorella thermoacetica ATCC 39073', 'protein', 'Q2RHS5', 'Moorella thermoacetica ATCC 39073', 'peptidase U32 Moth_1712', 'Peptidase U32, collagenase', 'peptidase activity', 'proteolysis', 'protein', 'YP_430557', 'Peptidase U32');
INSERT INTO `encoded_by` (`label`, `description`, `found_in_taxon`, `subclass_of`, `entrez_gene_id`, `ncbi_locus_tag`, `encodes`, `instance_of`, `genomic_end`, `strand_orientation`, `genomic_start`) VALUES ('peptidase U32 Caur_1280', 'microbial gene found in Chloroflexus aurantiacus J-10-fl', 'Chloroflexus aurantiacus J-10-fl', 'gene', '5828384', 'Caur_1280', 'Peptidase U32 Caur_1280', 'gene', '1783546', 'reverse strand', '1781045');
INSERT INTO `natural_product` (`label`, `description`, `taxon_name`, `ncbi_taxonomy_id`, `instance_of`, `parent_taxon`, `gram_staining`, `genbank_assembly_accession_number`) VALUES ('Shigella dysenteriae Sd197', 'bacterial strain', 'Shigella dysenteriae Sd197', '300267', 'strain', 'Shigella dysenteriae', 'Gram-negative bacteria', 'GCA_000012005.1');
INSERT INTO `encodes` (`label`, `description`, `subclass_of`, `uniprot_protein_id`, `found_in_taxon`, `encoded_by`, `has_parts`, `molecular_function`, `biological_process`, `instance_of`, `refseq_protein_id`, `part_of`) VALUES ('Peptidase, U32 family FP1027', 'microbial protein found in Flavobacterium psychrophilum JIP02/86', 'protein', 'A6GYE8', 'Flavobacterium psychrophilum JIP02/86', 'Peptidase, U32 family FP1027', 'Peptidase U32, collagenase', 'peptidase activity', 'proteolysis', 'protein', 'YP_001295932', 'Peptidase U32');
INSERT INTO `encodes` (`label`, `description`, `subclass_of`, `uniprot_protein_id`, `found_in_taxon`, `encoded_by`, `has_parts`, `instance_of`, `refseq_protein_id`, `part_of`) VALUES ('23S rRNA 5-hydroxycytidine C2501 synthase b1435', 'microbial protein found in Escherichia coli str. K-12 substr. MG1655', 'protein', 'P76104', 'Escherichia coli str. K-12 substr. MG1655', '23S rRNA 5-hydroxycytidine C2501 synthase b1435', 'Peptidase U32, collagenase', 'protein', 'NP_415952', 'Peptidase U32');
INSERT INTO `taxon` (`label`, `description`, `taxon_name`, `taxon_rank`, `freebase_id`, `instance_of`, `parent_taxon`, `ncbi_taxonomy_id`, `gbif_taxon_id`, `encyclopedia_of_life_id`, `itis_tsn`, `gram_staining`, `irmng_id`, `lpsn_url`, `microsoft_academic_id`, `catalogue_of_life_id`) VALUES ('Escherichia', 'genus of bacteria', 'Escherichia', 'genus', '/m/05jncn', 'taxon', 'Enterobacteriaceae', '561.0', '3221780.0', '97437.0', '280.0', 'Gram-negative bacteria', '1067016.0', 'http://www.bacterio.net/escherichia.html', '2776985332.0', '6344H');
INSERT INTO `encodes` (`label`, `description`, `subclass_of`, `uniprot_protein_id`, `found_in_taxon`, `encoded_by`, `has_parts`, `molecular_function`, `biological_process`, `instance_of`, `refseq_protein_id`, `part_of`) VALUES ('Collagenase RB3913', 'microbial protein found in Rhodopirellula baltica SH 1', 'protein', 'Q7UTF6', 'Rhodopirellula baltica SH 1', 'collagenase RB3913', 'Peptidase U32, collagenase', 'peptidase activity', 'proteolysis', 'protein', 'NP_865795', 'Peptidase U32');
