INSERT INTO `Album` (`AlbumId`, `Title`, `ArtistId`) VALUES(32,'Carnaval 2001',21);
INSERT INTO `Album` (`AlbumId`, `Title`, `ArtistId`) VALUES(300,'Bach: The Brandenburg Concertos',234);
INSERT INTO `Album` (`AlbumId`, `Title`, `ArtistId`) VALUES(239,'War',150);
INSERT INTO `Album` (`AlbumId`, `Title`, `ArtistId`) VALUES(309,'Palestrina: Missa Papae Marcelli & Allegri: Miserere',244);
INSERT INTO `Album` (`AlbumId`, `Title`, `ArtistId`) VALUES(126,'Unplugged [Live]',52);
INSERT INTO `Album` (`AlbumId`, `Title`, `ArtistId`) VALUES(118,'The Return Of The Space Cowboy',92);
INSERT INTO `Album` (`AlbumId`, `Title`, `ArtistId`) VALUES(55,'Chronicle, Vol. 2',76);
INSERT INTO `Album` (`AlbumId`, `Title`, `ArtistId`) VALUES(195,'Californication',127);
INSERT INTO `Album` (`AlbumId`, `Title`, `ArtistId`) VALUES(44,'Physical Graffiti [Disc 1]',22);
INSERT INTO `Artist` (`ArtistId`, `Name`) VALUES(238,'Maurizio Pollini');
INSERT INTO `Artist` (`ArtistId`, `Name`) VALUES(34,'Nando Reis');
INSERT INTO `Artist` (`ArtistId`, `Name`) VALUES(6,'Antônio Carlos Jobim');
INSERT INTO `Artist` (`ArtistId`, `Name`) VALUES(244,'Choir Of Westminster Abbey & Simon Preston');
INSERT INTO `Artist` (`ArtistId`, `Name`) VALUES(103,'Marisa Monte');
INSERT INTO `Artist` (`ArtistId`, `Name`) VALUES(72,'Vinícius De Moraes');
INSERT INTO `Artist` (`ArtistId`, `Name`) VALUES(173,'Matisyahu');
INSERT INTO `Artist` (`ArtistId`, `Name`) VALUES(158,'Battlestar Galactica (Classic)');
INSERT INTO `Artist` (`ArtistId`, `Name`) VALUES(71,'Vinícius De Moraes & Baden Powell');
INSERT INTO `Customer` (`CustomerId`, `FirstName`, `LastName`, `Company`, `Address`, `City`, `State`, `Country`, `PostalCode`, `Phone`, `Fax`, `Email`, `SupportRepId`) VALUES(25,'Victor','Stevens',NULL,'319 N. Frances Street','Madison','WI','USA','53703','+1 (608) 257-0597',NULL,'vstevens@yahoo.com',5);
INSERT INTO `Customer` (`CustomerId`, `FirstName`, `LastName`, `Company`, `Address`, `City`, `State`, `Country`, `PostalCode`, `Phone`, `Fax`, `Email`, `SupportRepId`) VALUES(29,'Robert','Brown',NULL,'796 Dundas Street West','Toronto','ON','Canada','M6J 1V1','+1 (416) 363-8888',NULL,'robbrown@shaw.ca',3);
INSERT INTO `Customer` (`CustomerId`, `FirstName`, `LastName`, `Company`, `Address`, `City`, `State`, `Country`, `PostalCode`, `Phone`, `Fax`, `Email`, `SupportRepId`) VALUES(41,'Marc','Dubois',NULL,'11, Place Bellecour','Lyon',NULL,'France','69002','+33 04 78 30 30 30',NULL,'marc.dubois@hotmail.com',5);
INSERT INTO `Customer` (`CustomerId`, `FirstName`, `LastName`, `Company`, `Address`, `City`, `State`, `Country`, `PostalCode`, `Phone`, `Fax`, `Email`, `SupportRepId`) VALUES(44,'Terhi','Hämäläinen',NULL,'Porthaninkatu 9','Helsinki',NULL,'Finland','00530','+358 09 870 2000',NULL,'terhi.hamalainen@apple.fi',3);
INSERT INTO `Customer` (`CustomerId`, `FirstName`, `LastName`, `Company`, `Address`, `City`, `State`, `Country`, `PostalCode`, `Phone`, `Fax`, `Email`, `SupportRepId`) VALUES(46,'Hugh','O''Reilly',NULL,'3 Chatham Street','Dublin','Dublin','Ireland',NULL,'+353 01 6792424',NULL,'hughoreilly@apple.ie',3);
INSERT INTO `Customer` (`CustomerId`, `FirstName`, `LastName`, `Company`, `Address`, `City`, `State`, `Country`, `PostalCode`, `Phone`, `Fax`, `Email`, `SupportRepId`) VALUES(51,'Joakim','Johansson',NULL,'Celsiusg. 9','Stockholm',NULL,'Sweden','11230','+46 08-651 52 52',NULL,'joakim.johansson@yahoo.se',5);
INSERT INTO `Customer` (`CustomerId`, `FirstName`, `LastName`, `Company`, `Address`, `City`, `State`, `Country`, `PostalCode`, `Phone`, `Fax`, `Email`, `SupportRepId`) VALUES(36,'Hannah','Schneider',NULL,'Tauentzienstraße 8','Berlin',NULL,'Germany','10789','+49 030 26550280',NULL,'hannah.schneider@yahoo.de',5);
INSERT INTO `Customer` (`CustomerId`, `FirstName`, `LastName`, `Company`, `Address`, `City`, `State`, `Country`, `PostalCode`, `Phone`, `Fax`, `Email`, `SupportRepId`) VALUES(28,'Julia','Barnett',NULL,'302 S 700 E','Salt Lake City','UT','USA','84102','+1 (801) 531-7272',NULL,'jubarnett@gmail.com',5);
INSERT INTO `Customer` (`CustomerId`, `FirstName`, `LastName`, `Company`, `Address`, `City`, `State`, `Country`, `PostalCode`, `Phone`, `Fax`, `Email`, `SupportRepId`) VALUES(6,'Helena','Holý',NULL,'Rilská 3174/6','Prague',NULL,'Czech Republic','14300','+420 2 4177 0449',NULL,'hholy@gmail.com',5);
INSERT INTO `Employee` (`EmployeeId`, `LastName`, `FirstName`, `Title`, `ReportsTo`, `BirthDate`, `HireDate`, `Address`, `City`, `State`, `Country`, `PostalCode`, `Phone`, `Fax`, `Email`) VALUES(1,'Adams','Andrew','General Manager',NULL,'1962-02-18 00:00:00','2002-08-14 00:00:00','11120 Jasper Ave NW','Edmonton','AB','Canada','T5K 2N1','+1 (780) 428-9482','+1 (780) 428-3457','andrew@chinookcorp.com');
INSERT INTO `Employee` (`EmployeeId`, `LastName`, `FirstName`, `Title`, `ReportsTo`, `BirthDate`, `HireDate`, `Address`, `City`, `State`, `Country`, `PostalCode`, `Phone`, `Fax`, `Email`) VALUES(6,'Mitchell','Michael','IT Manager',1,'1973-07-01 00:00:00','2003-10-17 00:00:00','5827 Bowness Road NW','Calgary','AB','Canada','T3B 0C5','+1 (403) 246-9887','+1 (403) 246-9899','michael@chinookcorp.com');
INSERT INTO `Employee` (`EmployeeId`, `LastName`, `FirstName`, `Title`, `ReportsTo`, `BirthDate`, `HireDate`, `Address`, `City`, `State`, `Country`, `PostalCode`, `Phone`, `Fax`, `Email`) VALUES(3,'Peacock','Jane','Sales Support Agent',2,'1973-08-29 00:00:00','2002-04-01 00:00:00','1111 6 Ave SW','Calgary','AB','Canada','T2P 5M5','+1 (403) 262-3443','+1 (403) 262-6712','jane@chinookcorp.com');
INSERT INTO `Employee` (`EmployeeId`, `LastName`, `FirstName`, `Title`, `ReportsTo`, `BirthDate`, `HireDate`, `Address`, `City`, `State`, `Country`, `PostalCode`, `Phone`, `Fax`, `Email`) VALUES(5,'Johnson','Steve','Sales Support Agent',2,'1965-03-03 00:00:00','2003-10-17 00:00:00','7727B 41 Ave','Calgary','AB','Canada','T3B 1Y7','1 (780) 836-9987','1 (780) 836-9543','steve@chinookcorp.com');
INSERT INTO `Employee` (`EmployeeId`, `LastName`, `FirstName`, `Title`, `ReportsTo`, `BirthDate`, `HireDate`, `Address`, `City`, `State`, `Country`, `PostalCode`, `Phone`, `Fax`, `Email`) VALUES(2,'Edwards','Nancy','Sales Manager',1,'1958-12-08 00:00:00','2002-05-01 00:00:00','825 8 Ave SW','Calgary','AB','Canada','T2P 2T3','+1 (403) 262-3443','+1 (403) 262-3322','nancy@chinookcorp.com');
INSERT INTO `Employee` (`EmployeeId`, `LastName`, `FirstName`, `Title`, `ReportsTo`, `BirthDate`, `HireDate`, `Address`, `City`, `State`, `Country`, `PostalCode`, `Phone`, `Fax`, `Email`) VALUES(7,'King','Robert','IT Staff',6,'1970-05-29 00:00:00','2004-01-02 00:00:00','590 Columbia Boulevard West','Lethbridge','AB','Canada','T1K 5N8','+1 (403) 456-9986','+1 (403) 456-8485','robert@chinookcorp.com');
INSERT INTO `Employee` (`EmployeeId`, `LastName`, `FirstName`, `Title`, `ReportsTo`, `BirthDate`, `HireDate`, `Address`, `City`, `State`, `Country`, `PostalCode`, `Phone`, `Fax`, `Email`) VALUES(8,'Callahan','Laura','IT Staff',6,'1968-01-09 00:00:00','2004-03-04 00:00:00','923 7 ST NW','Lethbridge','AB','Canada','T1H 1Y8','+1 (403) 467-3351','+1 (403) 467-8772','laura@chinookcorp.com');
INSERT INTO `Employee` (`EmployeeId`, `LastName`, `FirstName`, `Title`, `ReportsTo`, `BirthDate`, `HireDate`, `Address`, `City`, `State`, `Country`, `PostalCode`, `Phone`, `Fax`, `Email`) VALUES(4,'Park','Margaret','Sales Support Agent',2,'1947-09-19 00:00:00','2003-05-03 00:00:00','683 10 Street SW','Calgary','AB','Canada','T2P 5G3','+1 (403) 263-4423','+1 (403) 263-4289','margaret@chinookcorp.com');
INSERT INTO `Genre` (`GenreId`, `Name`) VALUES(15,'Electronica/Dance');
INSERT INTO `Genre` (`GenreId`, `Name`) VALUES(5,'Rock And Roll');
INSERT INTO `Genre` (`GenreId`, `Name`) VALUES(11,'Bossa Nova');
INSERT INTO `Genre` (`GenreId`, `Name`) VALUES(16,'World');
INSERT INTO `Genre` (`GenreId`, `Name`) VALUES(23,'Alternative');
INSERT INTO `Genre` (`GenreId`, `Name`) VALUES(2,'Jazz');
INSERT INTO `Genre` (`GenreId`, `Name`) VALUES(12,'Easy Listening');
INSERT INTO `Genre` (`GenreId`, `Name`) VALUES(9,'Pop');
INSERT INTO `Genre` (`GenreId`, `Name`) VALUES(13,'Heavy Metal');
INSERT INTO `Invoice` (`InvoiceId`, `CustomerId`, `InvoiceDate`, `BillingAddress`, `BillingCity`, `BillingState`, `BillingCountry`, `BillingPostalCode`, `Total`) VALUES(142,56,'2010-09-14 00:00:00','307 Macacha Güemes','Buenos Aires',NULL,'Argentina','1106',3.959999999999999965);
INSERT INTO `Invoice` (`InvoiceId`, `CustomerId`, `InvoiceDate`, `BillingAddress`, `BillingCity`, `BillingState`, `BillingCountry`, `BillingPostalCode`, `Total`) VALUES(201,25,'2011-05-29 00:00:00','319 N. Frances Street','Madison','WI','USA','53703',18.85999999999999944);
INSERT INTO `Invoice` (`InvoiceId`, `CustomerId`, `InvoiceDate`, `BillingAddress`, `BillingCity`, `BillingState`, `BillingCountry`, `BillingPostalCode`, `Total`) VALUES(202,39,'2011-06-06 00:00:00','4, Rue Milton','Paris',NULL,'France','75009',1.989999999999999992);
INSERT INTO `Invoice` (`InvoiceId`, `CustomerId`, `InvoiceDate`, `BillingAddress`, `BillingCity`, `BillingState`, `BillingCountry`, `BillingPostalCode`, `Total`) VALUES(370,7,'2013-06-19 00:00:00','Rotenturmstraße 4, 1010 Innere Stadt','Vienne',NULL,'Austria','1010',0.989999999999999992);
INSERT INTO `Invoice` (`InvoiceId`, `CustomerId`, `InvoiceDate`, `BillingAddress`, `BillingCity`, `BillingState`, `BillingCountry`, `BillingPostalCode`, `Total`) VALUES(116,32,'2010-05-17 00:00:00','696 Osborne Street','Winnipeg','MB','Canada','R3L 2B9',8.910000000000000142);
INSERT INTO `Invoice` (`InvoiceId`, `CustomerId`, `InvoiceDate`, `BillingAddress`, `BillingCity`, `BillingState`, `BillingCountry`, `BillingPostalCode`, `Total`) VALUES(12,2,'2009-02-11 00:00:00','Theodor-Heuss-Straße 34','Stuttgart',NULL,'Germany','70174',13.85999999999999944);
INSERT INTO `Invoice` (`InvoiceId`, `CustomerId`, `InvoiceDate`, `BillingAddress`, `BillingCity`, `BillingState`, `BillingCountry`, `BillingPostalCode`, `Total`) VALUES(235,29,'2011-10-26 00:00:00','796 Dundas Street West','Toronto','ON','Canada','M6J 1V1',8.910000000000000142);
INSERT INTO `Invoice` (`InvoiceId`, `CustomerId`, `InvoiceDate`, `BillingAddress`, `BillingCity`, `BillingState`, `BillingCountry`, `BillingPostalCode`, `Total`) VALUES(46,6,'2009-07-11 00:00:00','Rilská 3174/6','Prague',NULL,'Czech Republic','14300',8.910000000000000142);
INSERT INTO `Invoice` (`InvoiceId`, `CustomerId`, `InvoiceDate`, `BillingAddress`, `BillingCity`, `BillingState`, `BillingCountry`, `BillingPostalCode`, `Total`) VALUES(239,55,'2011-11-21 00:00:00','421 Bourke Street','Sidney','NSW','Australia','2010',1.979999999999999983);
INSERT INTO `InvoiceLine` (`InvoiceLineId`, `InvoiceId`, `TrackId`, `UnitPrice`, `Quantity`) VALUES(1791,331,405,0.989999999999999992,1);
INSERT INTO `InvoiceLine` (`InvoiceLineId`, `InvoiceId`, `TrackId`, `UnitPrice`, `Quantity`) VALUES(855,158,1679,0.989999999999999992,1);
INSERT INTO `InvoiceLine` (`InvoiceLineId`, `InvoiceId`, `TrackId`, `UnitPrice`, `Quantity`) VALUES(1083,200,3071,0.989999999999999992,1);
INSERT INTO `InvoiceLine` (`InvoiceLineId`, `InvoiceId`, `TrackId`, `UnitPrice`, `Quantity`) VALUES(212,40,1259,0.989999999999999992,1);
INSERT INTO `InvoiceLine` (`InvoiceLineId`, `InvoiceId`, `TrackId`, `UnitPrice`, `Quantity`) VALUES(791,145,1317,0.989999999999999992,1);
INSERT INTO `InvoiceLine` (`InvoiceLineId`, `InvoiceId`, `TrackId`, `UnitPrice`, `Quantity`) VALUES(70,12,421,0.989999999999999992,1);
INSERT INTO `InvoiceLine` (`InvoiceLineId`, `InvoiceId`, `TrackId`, `UnitPrice`, `Quantity`) VALUES(1274,235,734,0.989999999999999992,1);
INSERT INTO `InvoiceLine` (`InvoiceLineId`, `InvoiceId`, `TrackId`, `UnitPrice`, `Quantity`) VALUES(1295,240,888,0.989999999999999992,1);
INSERT INTO `InvoiceLine` (`InvoiceLineId`, `InvoiceId`, `TrackId`, `UnitPrice`, `Quantity`) VALUES(1978,365,1559,0.989999999999999992,1);
INSERT INTO `MediaType` (`MediaTypeId`, `Name`) VALUES(3,'Protected MPEG-4 video file');
INSERT INTO `MediaType` (`MediaTypeId`, `Name`) VALUES(1,'MPEG audio file');
INSERT INTO `MediaType` (`MediaTypeId`, `Name`) VALUES(5,'AAC audio file');
INSERT INTO `MediaType` (`MediaTypeId`, `Name`) VALUES(2,'Protected AAC audio file');
INSERT INTO `MediaType` (`MediaTypeId`, `Name`) VALUES(4,'Purchased AAC audio file');
INSERT INTO `Playlist` (`PlaylistId`, `Name`) VALUES(9,'Music Videos');
INSERT INTO `Playlist` (`PlaylistId`, `Name`) VALUES(1,'Music');
INSERT INTO `Playlist` (`PlaylistId`, `Name`) VALUES(5,'90’s Music');
INSERT INTO `Playlist` (`PlaylistId`, `Name`) VALUES(8,'Music');
INSERT INTO `Playlist` (`PlaylistId`, `Name`) VALUES(2,'Movies');
INSERT INTO `Playlist` (`PlaylistId`, `Name`) VALUES(7,'Movies');
INSERT INTO `Playlist` (`PlaylistId`, `Name`) VALUES(12,'Classical');
INSERT INTO `Playlist` (`PlaylistId`, `Name`) VALUES(17,'Heavy Metal Classic');
INSERT INTO `Playlist` (`PlaylistId`, `Name`) VALUES(18,'On-The-Go 1');
INSERT INTO `PlaylistTrack` (`PlaylistId`, `TrackId`) VALUES(1,1742);
INSERT INTO `PlaylistTrack` (`PlaylistId`, `TrackId`) VALUES(8,1309);
INSERT INTO `PlaylistTrack` (`PlaylistId`, `TrackId`) VALUES(1,546);
INSERT INTO `PlaylistTrack` (`PlaylistId`, `TrackId`) VALUES(8,2322);
INSERT INTO `PlaylistTrack` (`PlaylistId`, `TrackId`) VALUES(1,1883);
INSERT INTO `PlaylistTrack` (`PlaylistId`, `TrackId`) VALUES(5,28);
INSERT INTO `PlaylistTrack` (`PlaylistId`, `TrackId`) VALUES(8,2439);
INSERT INTO `PlaylistTrack` (`PlaylistId`, `TrackId`) VALUES(8,2450);
INSERT INTO `PlaylistTrack` (`PlaylistId`, `TrackId`) VALUES(8,1040);
INSERT INTO `Track` (`TrackId`, `Name`, `AlbumId`, `MediaTypeId`, `GenreId`, `Composer`, `Milliseconds`, `Bytes`, `UnitPrice`) VALUES(1339,'The Trooper',106,1,3,'Steve Harris',251454,4024320,0.989999999999999992);
INSERT INTO `Track` (`TrackId`, `Name`, `AlbumId`, `MediaTypeId`, `GenreId`, `Composer`, `Milliseconds`, `Bytes`, `UnitPrice`) VALUES(3194,'Dwight''s Speech',250,3,19,NULL,1278041,255001728,1.989999999999999992);
INSERT INTO `Track` (`TrackId`, `Name`, `AlbumId`, `MediaTypeId`, `GenreId`, `Composer`, `Milliseconds`, `Bytes`, `UnitPrice`) VALUES(591,'Baixo Rio',47,1,7,NULL,198008,6521676,0.989999999999999992);
INSERT INTO `Track` (`TrackId`, `Name`, `AlbumId`, `MediaTypeId`, `GenreId`, `Composer`, `Milliseconds`, `Bytes`, `UnitPrice`) VALUES(622,'Mistreated (Alternate Version)',50,1,1,'Blackmore/Coverdale',854700,27775442,0.989999999999999992);
INSERT INTO `Track` (`TrackId`, `Name`, `AlbumId`, `MediaTypeId`, `GenreId`, `Composer`, `Milliseconds`, `Bytes`, `UnitPrice`) VALUES(1717,'Assim Caminha A Humanidade',142,1,7,NULL,210755,6993763,0.989999999999999992);
INSERT INTO `Track` (`TrackId`, `Name`, `AlbumId`, `MediaTypeId`, `GenreId`, `Composer`, `Milliseconds`, `Bytes`, `UnitPrice`) VALUES(3244,'Greetings from Earth, Pt. 1',253,3,20,NULL,2960293,536824558,1.989999999999999992);
INSERT INTO `Track` (`TrackId`, `Name`, `AlbumId`, `MediaTypeId`, `GenreId`, `Composer`, `Milliseconds`, `Bytes`, `UnitPrice`) VALUES(1429,'It''s Too Funky In Here',115,1,14,'Brad Shapiro/George Jackson/Robert Miller/Walter Shaw',239072,7973979,0.989999999999999992);
INSERT INTO `Track` (`TrackId`, `Name`, `AlbumId`, `MediaTypeId`, `GenreId`, `Composer`, `Milliseconds`, `Bytes`, `UnitPrice`) VALUES(100,'Out Of Exile',11,1,4,'Cornell, Commerford, Morello, Wilk',291291,9506571,0.989999999999999992);
INSERT INTO `Track` (`TrackId`, `Name`, `AlbumId`, `MediaTypeId`, `GenreId`, `Composer`, `Milliseconds`, `Bytes`, `UnitPrice`) VALUES(1329,'Fates Warning',105,1,3,'David Murray/Steve Harris',250853,4018088,0.989999999999999992);
