INSERT INTO (`orderNumber`, `productCode`, `quantityOrdered`, `priceEach`, `orderLineNumber`) VALUES (10143, 'S24_3816', 23, 74.64000000000000056, 14);
INSERT INTO `productlines` (`productLine`, `textDescription`, `htmlDescription`, `image`) VALUES ('Ships', 'The perfect holiday or anniversary gift for executives, clients, friends, and family. These handcrafted model ships are unique, stunning works of art that will be treasured for generations! They come fully assembled and ready for display in the home or of', NULL, NULL);
INSERT INTO `orderdetails` (`orderNumber`, `productCode`, `quantityOrdered`, `priceEach`, `orderLineNumber`) VALUES (10181, 'S12_4675', 36, 107.0999999999999944, 11);
INSERT INTO `employees` (`employeeNumber`, `lastName`, `firstName`, `extension`, `email`, `officeCode`, `reportsTo`, `jobTitle`) VALUES (1621, 'Nishi', 'Mami', 'x101', 'mnishi@classicmodelcars.com', '5', 1056, 'Sales Rep');
INSERT INTO (`orderNumber`, `productCode`, `quantityOrdered`, `priceEach`, `orderLineNumber`) VALUES (10133, 'S24_1785', 41, 109.4200000000000017, 5);
INSERT INTO (`customerNumber`, `checkNumber`, `paymentDate`, `amount`) VALUES (350, 'CI471510', '2003-05-25', 50824.66000000000349);
INSERT INTO `orderdetails` (`orderNumber`, `productCode`, `quantityOrdered`, `priceEach`, `orderLineNumber`) VALUES (10167, 'S700_3962', 28, 83.4200000000000017, 14);
INSERT INTO (`orderNumber`, `orderDate`, `requiredDate`, `shippedDate`, `status`, `comments`, `customerNumber`) VALUES (10305, '2004-10-13', '2004-10-22', '2004-10-15', 'Shipped', 'Check on availability.', 286);
INSERT INTO (`employeeNumber`, `lastName`, `firstName`, `extension`, `email`, `officeCode`, `reportsTo`, `jobTitle`) VALUES (1056, 'Patterson', 'Mary', 'x4611', 'mpatterso@classicmodelcars.com', '1', 1002, 'VP Sales');
INSERT INTO `payments` (`customerNumber`, `checkNumber`, `paymentDate`, `amount`) VALUES (406, 'HJ217687', '2004-01-28', 49165.16000000000349);
INSERT INTO `orders` (`orderNumber`, `orderDate`, `requiredDate`, `shippedDate`, `status`, `comments`, `customerNumber`) VALUES (10143, '2003-08-10', '2003-08-18', '2003-08-12', 'Shipped', 'Can we deliver the new Ford Mustang models by end-of-quarter?', 320);
INSERT INTO (`productCode`, `productName`, `productLine`, `productScale`, `productVendor`, `productDescription`, `quantityInStock`, `buyPrice`, `MSRP`) VALUES ('S18_3320', '1917 Maxwell Touring Car', 'Vintage Cars', '1:18', 'Exoto Designs', 'Features Gold Trim, Full Size Spare Tire, Chrome Trim, Chrome Grille, Opening Hood, Opening Doors, Opening Trunk, Detailed Engine, Working Steering System', 7913, 57.53999999999999915, 99.2099999999999938);
INSERT INTO `customers` (`customerNumber`, `customerName`, `contactLastName`, `contactFirstName`, `phone`, `addressLine1`, `addressLine2`, `city`, `state`, `postalCode`, `country`, `salesRepEmployeeNumber`, `creditLimit`) VALUES (169, 'Porto Imports Co.', 'de Castro', 'Isabel ', '(1) 356-5555', 'Estrada da saúde n. 58', NULL, 'Lisboa', NULL, '1756', 'Portugal', NULL, 0.0);
INSERT INTO (`officeCode`, `city`, `phone`, `addressLine1`, `addressLine2`, `state`, `country`, `postalCode`, `territory`) VALUES ('3', 'NYC', '+1 212 555 3000', '523 East 53rd Street', 'apt. 5A', 'NY', 'USA', '10022', 'NA');
INSERT INTO (`customerNumber`, `checkNumber`, `paymentDate`, `amount`) VALUES (339, 'AP286625', '2004-10-24', 23333.0600000000013);
INSERT INTO (`orderNumber`, `orderDate`, `requiredDate`, `shippedDate`, `status`, `comments`, `customerNumber`) VALUES (10136, '2003-07-04', '2003-07-14', '2003-07-06', 'Shipped', 'Customer is interested in buying more Ferrari models', 242);
INSERT INTO (`productCode`, `productName`, `productLine`, `productScale`, `productVendor`, `productDescription`, `quantityInStock`, `buyPrice`, `MSRP`) VALUES ('S18_3232', '1992 Ferrari 360 Spider red', 'Classic Cars', '1:18', 'Unimax Art Galleries', 'his replica features opening doors, superb detail and craftsmanship, working steering system, opening forward compartment, opening rear trunk with removable spare, 4 wheel independent spring suspension as well as factory baked enamel finish.', 8347, 77.90000000000000569, 169.3400000000000034);
INSERT INTO (`customerNumber`, `customerName`, `contactLastName`, `contactFirstName`, `phone`, `addressLine1`, `addressLine2`, `city`, `state`, `postalCode`, `country`, `salesRepEmployeeNumber`, `creditLimit`) VALUES (175, 'Gift Depot Inc.', 'King', 'Julie', '2035552570', '25593 South Bay Ln.', NULL, 'Bridgewater', 'CT', '97562', 'USA', 1323, 84300.0);
INSERT INTO (`customerNumber`, `customerName`, `contactLastName`, `contactFirstName`, `phone`, `addressLine1`, `addressLine2`, `city`, `state`, `postalCode`, `country`, `salesRepEmployeeNumber`, `creditLimit`) VALUES (347, 'Men ''R'' US Retailers, Ltd.', 'Chandler', 'Brian', '2155554369', '6047 Douglas Av.', NULL, 'Los Angeles', 'CA', '91003', 'USA', 1166, 57700.0);
INSERT INTO (`orderNumber`, `orderDate`, `requiredDate`, `shippedDate`, `status`, `comments`, `customerNumber`) VALUES (10331, '2004-11-17', '2004-11-23', '2004-11-23', 'Shipped', 'Customer requested special shippment. The instructions were passed along to the warehouse', 486);
INSERT INTO `orders` (`orderNumber`, `orderDate`, `requiredDate`, `shippedDate`, `status`, `comments`, `customerNumber`) VALUES (10111, '2003-03-25', '2003-03-31', '2003-03-30', 'Shipped', NULL, 129);
INSERT INTO `payments` (`customerNumber`, `checkNumber`, `paymentDate`, `amount`) VALUES (171, 'GB878038', '2004-03-15', 18997.88999999999942);
INSERT INTO `orderdetails` (`orderNumber`, `productCode`, `quantityOrdered`, `priceEach`, `orderLineNumber`) VALUES (10382, 'S32_3522', 48, 57.53000000000000113, 8);
INSERT INTO (`productCode`, `productName`, `productLine`, `productScale`, `productVendor`, `productDescription`, `quantityInStock`, `buyPrice`, `MSRP`) VALUES ('S18_4668', '1939 Cadillac Limousine', 'Vintage Cars', '1:18', 'Studio M Art Models', 'Features completely detailed interior including Velvet flocked drapes,deluxe wood grain floor, and a wood grain casket with seperate chrome handles', 6645, 23.14000000000000056, 50.31000000000000227);
INSERT INTO `orders` (`orderNumber`, `orderDate`, `requiredDate`, `shippedDate`, `status`, `comments`, `customerNumber`) VALUES (10142, '2003-08-08', '2003-08-16', '2003-08-13', 'Shipped', NULL, 124);
INSERT INTO `products` (`productCode`, `productName`, `productLine`, `productScale`, `productVendor`, `productDescription`, `quantityInStock`, `buyPrice`, `MSRP`) VALUES ('S12_4675', '1969 Dodge Charger', 'Classic Cars', '1:12', 'Welly Diecast Productions', 'Detailed model of the 1969 Dodge Charger. This model includes finely detailed interior and exterior features. Painted in red and white.', 7323, 58.72999999999999688, 115.1599999999999966);
INSERT INTO `orderdetails` (`orderNumber`, `productCode`, `quantityOrdered`, `priceEach`, `orderLineNumber`) VALUES (10265, 'S18_3482', 49, 123.4699999999999989, 1);
INSERT INTO `employees` (`employeeNumber`, `lastName`, `firstName`, `extension`, `email`, `officeCode`, `reportsTo`, `jobTitle`) VALUES (1166, 'Thompson', 'Leslie', 'x4065', 'lthompson@classicmodelcars.com', '1', 1143, 'Sales Rep');
INSERT INTO `customers` (`customerNumber`, `customerName`, `contactLastName`, `contactFirstName`, `phone`, `addressLine1`, `addressLine2`, `city`, `state`, `postalCode`, `country`, `salesRepEmployeeNumber`, `creditLimit`) VALUES (456, 'Microscale Inc.', 'Choi', 'Yu', '2125551957', '5290 North Pendale Street', 'Suite 200', 'NYC', 'NY', '10022', 'USA', 1286, 39800.0);
INSERT INTO `orderdetails` (`orderNumber`, `productCode`, `quantityOrdered`, `priceEach`, `orderLineNumber`) VALUES (10145, 'S10_1678', 45, 76.56000000000000227, 6);
INSERT INTO `employees` (`employeeNumber`, `lastName`, `firstName`, `extension`, `email`, `officeCode`, `reportsTo`, `jobTitle`) VALUES (1088, 'Patterson', 'William', 'x4871', 'wpatterson@classicmodelcars.com', '6', 1056, 'Sales Manager (APAC)');
INSERT INTO `orderdetails` (`orderNumber`, `productCode`, `quantityOrdered`, `priceEach`, `orderLineNumber`) VALUES (10337, 'S72_3212', 42, 49.14000000000000056, 5);
INSERT INTO `payments` (`customerNumber`, `checkNumber`, `paymentDate`, `amount`) VALUES (462, 'GC60330', '2003-11-08', 9977.85000000000036);
INSERT INTO (`orderNumber`, `orderDate`, `requiredDate`, `shippedDate`, `status`, `comments`, `customerNumber`) VALUES (10401, '2005-04-03', '2005-04-14', NULL, 'On Hold', 'Customer credit limit exceeded. Will ship when a payment is received.', 328);
INSERT INTO (`orderNumber`, `productCode`, `quantityOrdered`, `priceEach`, `orderLineNumber`) VALUES (10417, 'S12_2823', 21, 144.5999999999999944, 1);
INSERT INTO `payments` (`customerNumber`, `checkNumber`, `paymentDate`, `amount`) VALUES (385, 'EK785462', '2003-03-09', 51001.22000000000116);
INSERT INTO `orders` (`orderNumber`, `orderDate`, `requiredDate`, `shippedDate`, `status`, `comments`, `customerNumber`) VALUES (10123, '2003-05-20', '2003-05-29', '2003-05-22', 'Shipped', NULL, 103);
INSERT INTO (`orderNumber`, `productCode`, `quantityOrdered`, `priceEach`, `orderLineNumber`) VALUES (10230, 'S32_3207', 46, 59.03000000000000113, 4);
INSERT INTO `customers` (`customerNumber`, `customerName`, `contactLastName`, `contactFirstName`, `phone`, `addressLine1`, `addressLine2`, `city`, `state`, `postalCode`, `country`, `salesRepEmployeeNumber`, `creditLimit`) VALUES (128, 'Blauer See Auto, Co.', 'Keitel', 'Roland', '+49 69 66 90 2555', 'Lyonerstr. 34', NULL, 'Frankfurt', NULL, '60528', 'Germany', 1504, 59700.0);
INSERT INTO (`orderNumber`, `orderDate`, `requiredDate`, `shippedDate`, `status`, `comments`, `customerNumber`) VALUES (10307, '2004-10-14', '2004-10-23', '2004-10-20', 'Shipped', NULL, 339);
INSERT INTO `payments` (`customerNumber`, `checkNumber`, `paymentDate`, `amount`) VALUES (398, 'AJ478695', '2005-02-14', 33967.73000000000321);
INSERT INTO `orderdetails` (`orderNumber`, `productCode`, `quantityOrdered`, `priceEach`, `orderLineNumber`) VALUES (10304, 'S18_4668', 34, 44.27000000000000313, 4);
INSERT INTO `employees` (`employeeNumber`, `lastName`, `firstName`, `extension`, `email`, `officeCode`, `reportsTo`, `jobTitle`) VALUES (1401, 'Castillo', 'Pamela', 'x2759', 'pcastillo@classicmodelcars.com', '4', 1102, 'Sales Rep');
INSERT INTO `offices` (`officeCode`, `city`, `phone`, `addressLine1`, `addressLine2`, `state`, `country`, `postalCode`, `territory`) VALUES ('6', 'Sydney', '+61 2 9264 2451', '5-11 Wentworth Avenue', 'Floor #2', NULL, 'Australia', 'NSW 2010', 'APAC');
INSERT INTO (`productCode`, `productName`, `productLine`, `productScale`, `productVendor`, `productDescription`, `quantityInStock`, `buyPrice`, `MSRP`) VALUES ('S18_1889', '1948 Porsche 356-A Roadster', 'Classic Cars', '1:18', 'Gearbox Collectibles', 'This precision die-cast replica features opening doors, superb detail and craftsmanship, working steering system, opening forward compartment, opening rear trunk with removable spare, 4 wheel independent spring suspension as well as factory baked enamel finish.', 8826, 53.89999999999999858, 77.0);
INSERT INTO (`productCode`, `productName`, `productLine`, `productScale`, `productVendor`, `productDescription`, `quantityInStock`, `buyPrice`, `MSRP`) VALUES ('S10_4962', '1962 LanciaA Delta 16V', 'Classic Cars', '1:10', 'Second Gear Diecast', 'Features include: Turnable front wheels; steering function; detailed interior; detailed engine; opening hood; opening trunk; opening doors; and detailed chassis.', 6791, 103.4200000000000017, 147.740000000000009);
INSERT INTO `payments` (`customerNumber`, `checkNumber`, `paymentDate`, `amount`) VALUES (202, 'IQ627690', '2004-11-08', 33594.58000000000174);
INSERT INTO `orderdetails` (`orderNumber`, `productCode`, `quantityOrdered`, `priceEach`, `orderLineNumber`) VALUES (10360, 'S700_2610', 30, 70.10999999999999944, 7);
INSERT INTO (`orderNumber`, `orderDate`, `requiredDate`, `shippedDate`, `status`, `comments`, `customerNumber`) VALUES (10296, '2004-09-15', '2004-09-22', '2004-09-16', 'Shipped', NULL, 415);
INSERT INTO (`customerNumber`, `checkNumber`, `paymentDate`, `amount`) VALUES (151, 'GB852215', '2004-07-26', 20314.43999999999869);
INSERT INTO `employees` (`employeeNumber`, `lastName`, `firstName`, `extension`, `email`, `officeCode`, `reportsTo`, `jobTitle`) VALUES (1612, 'Marsh', 'Peter', 'x102', 'pmarsh@classicmodelcars.com', '6', 1088, 'Sales Rep');
INSERT INTO `orders` (`orderNumber`, `orderDate`, `requiredDate`, `shippedDate`, `status`, `comments`, `customerNumber`) VALUES (10271, '2004-07-20', '2004-07-29', '2004-07-23', 'Shipped', NULL, 124);
INSERT INTO (`customerNumber`, `customerName`, `contactLastName`, `contactFirstName`, `phone`, `addressLine1`, `addressLine2`, `city`, `state`, `postalCode`, `country`, `salesRepEmployeeNumber`, `creditLimit`) VALUES (177, 'Osaka Souveniers Co.', 'Kentary', 'Mory', '+81 06 6342 5555', '1-6-20 Dojima', NULL, 'Kita-ku', 'Osaka', ' 530-0003', 'Japan', 1621, 81200.0);
INSERT INTO (`employeeNumber`, `lastName`, `firstName`, `extension`, `email`, `officeCode`, `reportsTo`, `jobTitle`) VALUES (1216, 'Patterson', 'Steve', 'x4334', 'spatterson@classicmodelcars.com', '2', 1143, 'Sales Rep');
INSERT INTO (`orderNumber`, `productCode`, `quantityOrdered`, `priceEach`, `orderLineNumber`) VALUES (10180, 'S18_3782', 21, 59.06000000000000227, 3);
INSERT INTO `employees` (`employeeNumber`, `lastName`, `firstName`, `extension`, `email`, `officeCode`, `reportsTo`, `jobTitle`) VALUES (1611, 'Fixter', 'Andy', 'x101', 'afixter@classicmodelcars.com', '6', 1088, 'Sales Rep');
INSERT INTO `payments` (`customerNumber`, `checkNumber`, `paymentDate`, `amount`) VALUES (119, 'DB933704', '2004-11-14', 19501.81999999999971);
INSERT INTO (`productCode`, `productName`, `productLine`, `productScale`, `productVendor`, `productDescription`, `quantityInStock`, `buyPrice`, `MSRP`) VALUES ('S24_3816', '1940 Ford Delivery Sedan', 'Vintage Cars', '1:24', 'Carousel DieCast Legends', 'Chrome Trim, Chrome Grille, Opening Hood, Opening Doors, Opening Trunk, Detailed Engine, Working Steering System. Color black.', 6621, 48.64000000000000056, 83.85999999999999944);
INSERT INTO `employees` (`employeeNumber`, `lastName`, `firstName`, `extension`, `email`, `officeCode`, `reportsTo`, `jobTitle`) VALUES (1076, 'Firrelli', 'Jeff', 'x9273', 'jfirrelli@classicmodelcars.com', '1', 1002, 'VP Marketing');
INSERT INTO `customers` (`customerNumber`, `customerName`, `contactLastName`, `contactFirstName`, `phone`, `addressLine1`, `addressLine2`, `city`, `state`, `postalCode`, `country`, `salesRepEmployeeNumber`, `creditLimit`) VALUES (223, 'Natürlich Autos', 'Kloss', 'Horst ', '0372-555188', 'Taucherstraße 10', NULL, 'Cunewalde', NULL, '01307', 'Germany', NULL, 0.0);
INSERT INTO `customers` (`customerNumber`, `customerName`, `contactLastName`, `contactFirstName`, `phone`, `addressLine1`, `addressLine2`, `city`, `state`, `postalCode`, `country`, `salesRepEmployeeNumber`, `creditLimit`) VALUES (465, 'Anton Designs, Ltd.', 'Anton', 'Carmen', '+34 913 728555', 'c/ Gobelas, 19-1 Urb. La Florida', NULL, 'Madrid', NULL, '28023', 'Spain', NULL, 0.0);
INSERT INTO `customers` (`customerNumber`, `customerName`, `contactLastName`, `contactFirstName`, `phone`, `addressLine1`, `addressLine2`, `city`, `state`, `postalCode`, `country`, `salesRepEmployeeNumber`, `creditLimit`) VALUES (216, 'Enaco Distributors', 'Saavedra', 'Eduardo ', '(93) 203 4555', 'Rambla de Cataluña, 23', NULL, 'Barcelona', NULL, '08022', 'Spain', 1702, 60300.0);
INSERT INTO (`productCode`, `productName`, `productLine`, `productScale`, `productVendor`, `productDescription`, `quantityInStock`, `buyPrice`, `MSRP`) VALUES ('S18_1984', '1995 Honda Civic', 'Classic Cars', '1:18', 'Min Lin Diecast', 'This model features, opening hood, opening doors, detailed engine, rear spoiler, opening trunk, working steering, tinted windows, baked enamel finish. Color yellow.', 9772, 93.8900000000000005, 142.25);
INSERT INTO (`orderNumber`, `productCode`, `quantityOrdered`, `priceEach`, `orderLineNumber`) VALUES (10325, 'S18_3140', 24, 114.7399999999999949, 9);
INSERT INTO (`orderNumber`, `orderDate`, `requiredDate`, `shippedDate`, `status`, `comments`, `customerNumber`) VALUES (10145, '2003-08-25', '2003-09-02', '2003-08-31', 'Shipped', NULL, 205);
INSERT INTO (`orderNumber`, `orderDate`, `requiredDate`, `shippedDate`, `status`, `comments`, `customerNumber`) VALUES (10376, '2005-02-08', '2005-02-18', '2005-02-13', 'Shipped', NULL, 219);
INSERT INTO (`productCode`, `productName`, `productLine`, `productScale`, `productVendor`, `productDescription`, `quantityInStock`, `buyPrice`, `MSRP`) VALUES ('S24_2766', '1949 Jaguar XK 120', 'Classic Cars', '1:24', 'Classic Metal Creations', 'Precision-engineered from original Jaguar specification in perfect scale ratio. Features opening doors, superb detail and craftsmanship, working steering system, opening forward compartment, opening rear trunk with removable spare, 4 wheel independent spring suspension as well as factory baked enamel finish.', 2350, 47.25, 90.87000000000000454);
INSERT INTO `employees` (`employeeNumber`, `lastName`, `firstName`, `extension`, `email`, `officeCode`, `reportsTo`, `jobTitle`) VALUES (1102, 'Bondur', 'Gerard', 'x5408', 'gbondur@classicmodelcars.com', '4', 1056, 'Sale Manager (EMEA)');
INSERT INTO `payments` (`customerNumber`, `checkNumber`, `paymentDate`, `amount`) VALUES (112, 'BO864823', '2004-12-17', 14191.1200000000008);
INSERT INTO (`orderNumber`, `orderDate`, `requiredDate`, `shippedDate`, `status`, `comments`, `customerNumber`) VALUES (10414, '2005-05-06', '2005-05-13', NULL, 'On Hold', 'Customer credit limit exceeded. Will ship when a payment is received.', 362);
INSERT INTO `products` (`productCode`, `productName`, `productLine`, `productScale`, `productVendor`, `productDescription`, `quantityInStock`, `buyPrice`, `MSRP`) VALUES ('S18_1589', '1965 Aston Martin DB5', 'Classic Cars', '1:18', 'Classic Metal Creations', 'Die-cast model of the silver 1965 Aston Martin DB5 in silver. This model includes full wire wheels and doors that open with fully detailed passenger compartment. In 1:18 scale, this model measures approximately 10 inches/20 cm long.', 9042, 65.95999999999999374, 124.4399999999999978);
INSERT INTO `payments` (`customerNumber`, `checkNumber`, `paymentDate`, `amount`) VALUES (276, 'KM841847', '2003-11-13', 38547.19000000000232);
INSERT INTO (`customerNumber`, `checkNumber`, `paymentDate`, `amount`) VALUES (484, 'JH546765', '2003-11-29', 47513.19000000000232);
INSERT INTO (`employeeNumber`, `lastName`, `firstName`, `extension`, `email`, `officeCode`, `reportsTo`, `jobTitle`) VALUES (1188, 'Firrelli', 'Julie', 'x2173', 'jfirrelli@classicmodelcars.com', '2', 1143, 'Sales Rep');
INSERT INTO `products` (`productCode`, `productName`, `productLine`, `productScale`, `productVendor`, `productDescription`, `quantityInStock`, `buyPrice`, `MSRP`) VALUES ('S700_1138', 'The Schooner Bluenose', 'Ships', '1:700', 'Autoart Studio Design', replace('All wood with canvas sails. Measures 31 1/2 inches in Length, 22 inches High and 4 3/4 inches Wide. Many extras.\nThe schooner Bluenose was built in Nova Scotia in 1921 to fish the rough waters off the coast of Newfoundland. Because of the Bluenose racing prowess she became the pride of all Canadians. Still featured on stamps and the Canadian dime, the Bluenose was lost off Haiti in 1946.','\n',char(10)), 1897, 34.0, 66.6700000000000017);
INSERT INTO `customers` (`customerNumber`, `customerName`, `contactLastName`, `contactFirstName`, `phone`, `addressLine1`, `addressLine2`, `city`, `state`, `postalCode`, `country`, `salesRepEmployeeNumber`, `creditLimit`) VALUES (278, 'Rovelli Gifts', 'Rovelli', 'Giovanni ', '035-640555', 'Via Ludovico il Moro 22', NULL, 'Bergamo', NULL, '24100', 'Italy', 1401, 119600.0);
INSERT INTO `orderdetails` (`orderNumber`, `productCode`, `quantityOrdered`, `priceEach`, `orderLineNumber`) VALUES (10296, 'S18_3029', 21, 69.68000000000000683, 13);
INSERT INTO (`customerNumber`, `checkNumber`, `paymentDate`, `amount`) VALUES (282, 'IA793562', '2003-08-03', 24013.52000000000043);
INSERT INTO `offices` (`officeCode`, `city`, `phone`, `addressLine1`, `addressLine2`, `state`, `country`, `postalCode`, `territory`) VALUES ('4', 'Paris', '+33 14 723 4404', '43 Rue Jouffroy D''abbans', NULL, NULL, 'France', '75017', 'EMEA');
INSERT INTO `orderdetails` (`orderNumber`, `productCode`, `quantityOrdered`, `priceEach`, `orderLineNumber`) VALUES (10206, 'S18_3136', 30, 102.6299999999999955, 8);
INSERT INTO `payments` (`customerNumber`, `checkNumber`, `paymentDate`, `amount`) VALUES (198, 'IS946883', '2004-09-21', 5858.5600000000004);
INSERT INTO `orders` (`orderNumber`, `orderDate`, `requiredDate`, `shippedDate`, `status`, `comments`, `customerNumber`) VALUES (10284, '2004-08-21', '2004-08-29', '2004-08-26', 'Shipped', 'Custom shipping instructions sent to warehouse', 299);
INSERT INTO `employees` (`employeeNumber`, `lastName`, `firstName`, `extension`, `email`, `officeCode`, `reportsTo`, `jobTitle`) VALUES (1002, 'Murphy', 'Diane', 'x5800', 'dmurphy@classicmodelcars.com', '1', NULL, 'President');
INSERT INTO (`customerNumber`, `customerName`, `contactLastName`, `contactFirstName`, `phone`, `addressLine1`, `addressLine2`, `city`, `state`, `postalCode`, `country`, `salesRepEmployeeNumber`, `creditLimit`) VALUES (475, 'West Coast Collectables Co.', 'Thompson', 'Steve', '3105553722', '3675 Furth Circle', NULL, 'Burbank', 'CA', '94019', 'USA', 1166, 55400.0);
INSERT INTO `offices` (`officeCode`, `city`, `phone`, `addressLine1`, `addressLine2`, `state`, `country`, `postalCode`, `territory`) VALUES ('2', 'Boston', '+1 215 837 0825', '1550 Court Place', 'Suite 102', 'MA', 'USA', '02107', 'NA');
INSERT INTO (`orderNumber`, `productCode`, `quantityOrdered`, `priceEach`, `orderLineNumber`) VALUES (10316, 'S700_2047', 45, 73.31999999999999317, 13);
INSERT INTO `offices` (`officeCode`, `city`, `phone`, `addressLine1`, `addressLine2`, `state`, `country`, `postalCode`, `territory`) VALUES ('1', 'San Francisco', '+1 650 219 4782', '100 Market Street', 'Suite 300', 'CA', 'USA', '94080', 'NA');
INSERT INTO (`orderNumber`, `productCode`, `quantityOrdered`, `priceEach`, `orderLineNumber`) VALUES (10125, 'S18_2795', 34, 138.3799999999999955, 2);
INSERT INTO `orderdetails` (`orderNumber`, `productCode`, `quantityOrdered`, `priceEach`, `orderLineNumber`) VALUES (10153, 'S700_1138', 43, 58.0, 1);
INSERT INTO `orderdetails` (`orderNumber`, `productCode`, `quantityOrdered`, `priceEach`, `orderLineNumber`) VALUES (10183, 'S32_3522', 49, 52.35999999999999944, 4);
INSERT INTO `orders` (`orderNumber`, `orderDate`, `requiredDate`, `shippedDate`, `status`, `comments`, `customerNumber`) VALUES (10244, '2004-04-29', '2004-05-09', '2004-05-04', 'Shipped', NULL, 141);
INSERT INTO (`productLine`, `textDescription`, `htmlDescription`, `image`) VALUES ('Planes', 'Unique, diecast airplane and helicopter replicas suitable for collections, as well as home, office or classroom decorations. Models contain stunning details such as official logos and insignias, rotating jet engines and propellers, retractable wheels, and', NULL, NULL);
INSERT INTO `payments` (`customerNumber`, `checkNumber`, `paymentDate`, `amount`) VALUES (146, 'FU793410', '2004-01-16', 49614.72000000000116);
INSERT INTO `customers` (`customerNumber`, `customerName`, `contactLastName`, `contactFirstName`, `phone`, `addressLine1`, `addressLine2`, `city`, `state`, `postalCode`, `country`, `salesRepEmployeeNumber`, `creditLimit`) VALUES (273, 'Franken Gifts, Co', 'Franken', 'Peter ', '089-0877555', 'Berliner Platz 43', NULL, 'München', NULL, '80805', 'Germany', NULL, 0.0);
INSERT INTO (`employeeNumber`, `lastName`, `firstName`, `extension`, `email`, `officeCode`, `reportsTo`, `jobTitle`) VALUES (1370, 'Hernandez', 'Gerard', 'x2028', 'ghernande@classicmodelcars.com', '4', 1102, 'Sales Rep');
INSERT INTO (`orderNumber`, `orderDate`, `requiredDate`, `shippedDate`, `status`, `comments`, `customerNumber`) VALUES (10359, '2004-12-15', '2004-12-23', '2004-12-18', 'Shipped', NULL, 353);
INSERT INTO `payments` (`customerNumber`, `checkNumber`, `paymentDate`, `amount`) VALUES (475, 'JP113227', '2003-12-09', 7678.25);
INSERT INTO (`orderNumber`, `orderDate`, `requiredDate`, `shippedDate`, `status`, `comments`, `customerNumber`) VALUES (10132, '2003-06-25', '2003-07-01', '2003-06-28', 'Shipped', NULL, 323);
INSERT INTO `orderdetails` (`orderNumber`, `productCode`, `quantityOrdered`, `priceEach`, `orderLineNumber`) VALUES (10248, 'S24_3151', 30, 85.84999999999999431, 5);
INSERT INTO `customers` (`customerNumber`, `customerName`, `contactLastName`, `contactFirstName`, `phone`, `addressLine1`, `addressLine2`, `city`, `state`, `postalCode`, `country`, `salesRepEmployeeNumber`, `creditLimit`) VALUES (282, 'Souveniers And Things Co.', 'Huxley', 'Adrian', '+61 2 9495 8555', 'Monitor Money Building', '815 Pacific Hwy', 'Chatswood', 'NSW', '2067', 'Australia', 1611, 93300.0);
INSERT INTO (`employeeNumber`, `lastName`, `firstName`, `extension`, `email`, `officeCode`, `reportsTo`, `jobTitle`) VALUES (1337, 'Bondur', 'Loui', 'x6493', 'lbondur@classicmodelcars.com', '4', 1102, 'Sales Rep');
INSERT INTO `customers` (`customerNumber`, `customerName`, `contactLastName`, `contactFirstName`, `phone`, `addressLine1`, `addressLine2`, `city`, `state`, `postalCode`, `country`, `salesRepEmployeeNumber`, `creditLimit`) VALUES (131, 'Land of Toys Inc.', 'Lee', 'Kwai', '2125557818', '897 Long Airport Avenue', NULL, 'NYC', 'NY', '10022', 'USA', 1323, 114900.0);
INSERT INTO (`productLine`, `textDescription`, `htmlDescription`, `image`) VALUES ('Trains', 'Model trains are a rewarding hobby for enthusiasts of all ages. Whether you''re looking for collectible wooden trains, electric streetcars or locomotives, you''ll find a number of great choices for any budget within this category. The interactive aspect of ', NULL, NULL);
INSERT INTO `productlines` (`productLine`, `textDescription`, `htmlDescription`, `image`) VALUES ('Vintage Cars', 'Our Vintage Car models realistically portray automobiles produced from the early 1900s through the 1940s. Materials used include Bakelite, diecast, plastic and wood. Most of the replicas are in the 1:18 and 1:24 scale sizes, which provide the optimum in d', NULL, NULL);
INSERT INTO `productlines` (`productLine`, `textDescription`, `htmlDescription`, `image`) VALUES ('Motorcycles', 'Our motorcycles are state of the art replicas of classic as well as contemporary motorcycle legends such as Harley Davidson, Ducati and Vespa. Models contain stunning details such as official logos, rotating wheels, working kickstand, front suspension, ge', NULL, NULL);
INSERT INTO `payments` (`customerNumber`, `checkNumber`, `paymentDate`, `amount`) VALUES (181, 'OH367219', '2004-11-16', 44400.5);
INSERT INTO `products` (`productCode`, `productName`, `productLine`, `productScale`, `productVendor`, `productDescription`, `quantityInStock`, `buyPrice`, `MSRP`) VALUES ('S18_2625', '1936 Harley Davidson El Knucklehead', 'Motorcycles', '1:18', 'Welly Diecast Productions', 'Intricately detailed with chrome accents and trim, official die-struck logos and baked enamel finish.', 4357, 24.23000000000000042, 60.57000000000000028);
INSERT INTO `customers` (`customerNumber`, `customerName`, `contactLastName`, `contactFirstName`, `phone`, `addressLine1`, `addressLine2`, `city`, `state`, `postalCode`, `country`, `salesRepEmployeeNumber`, `creditLimit`) VALUES (124, 'Mini Gifts Distributors Ltd.', 'Nelson', 'Susan', '4155551450', '5677 Strong St.', NULL, 'San Rafael', 'CA', '97562', 'USA', 1165, 210500.0);
INSERT INTO (`officeCode`, `city`, `phone`, `addressLine1`, `addressLine2`, `state`, `country`, `postalCode`, `territory`) VALUES ('7', 'London', '+44 20 7877 2041', '25 Old Broad Street', 'Level 7', NULL, 'UK', 'EC2N 1HN', 'EMEA');
INSERT INTO (`customerNumber`, `customerName`, `contactLastName`, `contactFirstName`, `phone`, `addressLine1`, `addressLine2`, `city`, `state`, `postalCode`, `country`, `salesRepEmployeeNumber`, `creditLimit`) VALUES (459, 'Warburg Exchange', 'Ottlieb', 'Sven ', '0241-039123', 'Walserweg 21', NULL, 'Aachen', NULL, '52066', 'Germany', NULL, 0.0);
INSERT INTO (`customerNumber`, `customerName`, `contactLastName`, `contactFirstName`, `phone`, `addressLine1`, `addressLine2`, `city`, `state`, `postalCode`, `country`, `salesRepEmployeeNumber`, `creditLimit`) VALUES (260, 'Royal Canadian Collectables, Ltd.', 'Lincoln', 'Elizabeth ', '(604) 555-4555', '23 Tsawassen Blvd.', NULL, 'Tsawassen', 'BC', 'T2F 8M4', 'Canada', 1323, 89600.0);
INSERT INTO (`customerNumber`, `customerName`, `contactLastName`, `contactFirstName`, `phone`, `addressLine1`, `addressLine2`, `city`, `state`, `postalCode`, `country`, `salesRepEmployeeNumber`, `creditLimit`) VALUES (293, 'BG&E Collectables', 'Harrison', 'Ed', '+41 26 425 50 01', 'Rte des Arsenaux 41 ', NULL, 'Fribourg', NULL, '1700', 'Switzerland', NULL, 0.0);
INSERT INTO (`customerNumber`, `customerName`, `contactLastName`, `contactFirstName`, `phone`, `addressLine1`, `addressLine2`, `city`, `state`, `postalCode`, `country`, `salesRepEmployeeNumber`, `creditLimit`) VALUES (240, 'giftsbymail.co.uk', 'Bennett', 'Helen ', '(198) 555-8888', 'Garden House', 'Crowther Way 23', 'Cowes', 'Isle of Wight', 'PO31 7PJ', 'UK', 1501, 93900.0);
INSERT INTO (`orderNumber`, `orderDate`, `requiredDate`, `shippedDate`, `status`, `comments`, `customerNumber`) VALUES (10365, '2005-01-07', '2005-01-18', '2005-01-11', 'Shipped', NULL, 320);
INSERT INTO `payments` (`customerNumber`, `checkNumber`, `paymentDate`, `amount`) VALUES (278, 'BJ483870', '2004-12-05', 37654.0899999999965);
INSERT INTO `products` (`productCode`, `productName`, `productLine`, `productScale`, `productVendor`, `productDescription`, `quantityInStock`, `buyPrice`, `MSRP`) VALUES ('S10_4757', '1972 Alfa Romeo GTA', 'Classic Cars', '1:10', 'Motor City Art Classics', 'Features include: Turnable front wheels; steering function; detailed interior; detailed engine; opening hood; opening trunk; opening doors; and detailed chassis.', 3252, 85.68000000000000683, 136.0);
INSERT INTO `employees` (`employeeNumber`, `lastName`, `firstName`, `extension`, `email`, `officeCode`, `reportsTo`, `jobTitle`) VALUES (1501, 'Bott', 'Larry', 'x2311', 'lbott@classicmodelcars.com', '7', 1102, 'Sales Rep');
INSERT INTO (`customerNumber`, `checkNumber`, `paymentDate`, `amount`) VALUES (379, 'CA762595', '2005-02-12', 28322.83000000000174);
INSERT INTO `payments` (`customerNumber`, `checkNumber`, `paymentDate`, `amount`) VALUES (249, 'NE404084', '2004-09-04', 48298.98999999999797);
INSERT INTO `orderdetails` (`orderNumber`, `productCode`, `quantityOrdered`, `priceEach`, `orderLineNumber`) VALUES (10354, 'S10_1678', 42, 84.21999999999999887, 6);
INSERT INTO (`orderNumber`, `orderDate`, `requiredDate`, `shippedDate`, `status`, `comments`, `customerNumber`) VALUES (10224, '2004-02-21', '2004-03-02', '2004-02-26', 'Shipped', 'Customer has worked with some of our vendors in the past and is aware of their MSRP', 171);
INSERT INTO (`employeeNumber`, `lastName`, `firstName`, `extension`, `email`, `officeCode`, `reportsTo`, `jobTitle`) VALUES (1625, 'Kato', 'Yoshimi', 'x102', 'ykato@classicmodelcars.com', '5', 1621, 'Sales Rep');
INSERT INTO `employees` (`employeeNumber`, `lastName`, `firstName`, `extension`, `email`, `officeCode`, `reportsTo`, `jobTitle`) VALUES (1504, 'Jones', 'Barry', 'x102', 'bjones@classicmodelcars.com', '7', 1102, 'Sales Rep');
INSERT INTO `products` (`productCode`, `productName`, `productLine`, `productScale`, `productVendor`, `productDescription`, `quantityInStock`, `buyPrice`, `MSRP`) VALUES ('S50_1392', 'Diamond T620 Semi-Skirted Tanker', 'Trucks and Buses', '1:50', 'Highway 66 Mini Classics', 'This limited edition model is licensed and perfectly scaled for Lionel Trains. The Diamond T620 has been produced in solid precision diecast and painted with a fire baked enamel finish. It comes with a removable tanker and is a perfect model to add authenticity to your static train or car layout or to just have on display.', 1016, 68.29000000000000626, 115.75);
INSERT INTO `payments` (`customerNumber`, `checkNumber`, `paymentDate`, `amount`) VALUES (146, 'FP549817', '2004-03-18', 40978.52999999999884);
INSERT INTO `payments` (`customerNumber`, `checkNumber`, `paymentDate`, `amount`) VALUES (496, 'MB342426', '2003-07-16', 32077.4399999999987);
INSERT INTO `customers` (`customerNumber`, `customerName`, `contactLastName`, `contactFirstName`, `phone`, `addressLine1`, `addressLine2`, `city`, `state`, `postalCode`, `country`, `salesRepEmployeeNumber`, `creditLimit`) VALUES (209, 'Mini Caravy', 'Citeaux', 'Frédérique ', '88.60.1555', '24, place Kléber', NULL, 'Strasbourg', NULL, '67000', 'France', 1370, 53800.0);
INSERT INTO (`productCode`, `productName`, `productLine`, `productScale`, `productVendor`, `productDescription`, `quantityInStock`, `buyPrice`, `MSRP`) VALUES ('S18_4522', '1904 Buick Runabout', 'Vintage Cars', '1:18', 'Exoto Designs', 'Features opening trunk,  working steering system', 8290, 52.65999999999999659, 87.76999999999999603);
INSERT INTO (`customerNumber`, `customerName`, `contactLastName`, `contactFirstName`, `phone`, `addressLine1`, `addressLine2`, `city`, `state`, `postalCode`, `country`, `salesRepEmployeeNumber`, `creditLimit`) VALUES (129, 'Mini Wheels Co.', 'Murphy', 'Julie', '6505555787', '5557 North Pendale Street', NULL, 'San Francisco', 'CA', '94217', 'USA', 1165, 64600.0);
INSERT INTO `payments` (`customerNumber`, `checkNumber`, `paymentDate`, `amount`) VALUES (161, 'BR352384', '2004-11-14', 2434.25);
INSERT INTO (`productCode`, `productName`, `productLine`, `productScale`, `productVendor`, `productDescription`, `quantityInStock`, `buyPrice`, `MSRP`) VALUES ('S18_3856', '1941 Chevrolet Special Deluxe Cabriolet', 'Vintage Cars', '1:18', 'Exoto Designs', 'Features opening hood, opening doors, opening trunk, wide white wall tires, front door arm rests, working steering system, leather upholstery. Color black.', 2378, 64.5799999999999983, 105.8700000000000045);
INSERT INTO `employees` (`employeeNumber`, `lastName`, `firstName`, `extension`, `email`, `officeCode`, `reportsTo`, `jobTitle`) VALUES (1165, 'Jennings', 'Leslie', 'x3291', 'ljennings@classicmodelcars.com', '1', 1143, 'Sales Rep');
INSERT INTO `customers` (`customerNumber`, `customerName`, `contactLastName`, `contactFirstName`, `phone`, `addressLine1`, `addressLine2`, `city`, `state`, `postalCode`, `country`, `salesRepEmployeeNumber`, `creditLimit`) VALUES (458, 'Corrida Auto Replicas, Ltd', 'Sommer', 'Martín ', '(91) 555 22 82', 'C/ Araquil, 67', NULL, 'Madrid', NULL, '28023', 'Spain', 1702, 104600.0);
INSERT INTO `products` (`productCode`, `productName`, `productLine`, `productScale`, `productVendor`, `productDescription`, `quantityInStock`, `buyPrice`, `MSRP`) VALUES ('S700_2824', '1982 Camaro Z28', 'Classic Cars', '1:18', 'Carousel DieCast Legends', replace('Features include opening and closing doors. Color: White. \nMeasures approximately 9 1/2" Long.','\n',char(10)), 6934, 46.53000000000000113, 101.1500000000000056);
INSERT INTO `orderdetails` (`orderNumber`, `productCode`, `quantityOrdered`, `priceEach`, `orderLineNumber`) VALUES (10419, 'S18_3685', 43, 114.4399999999999978, 3);
INSERT INTO `orders` (`orderNumber`, `orderDate`, `requiredDate`, `shippedDate`, `status`, `comments`, `customerNumber`) VALUES (10207, '2003-12-09', '2003-12-17', '2003-12-11', 'Shipped', 'Check on availability.', 495);
INSERT INTO (`customerNumber`, `checkNumber`, `paymentDate`, `amount`) VALUES (344, 'AF246722', '2003-11-24', 31428.20999999999913);
INSERT INTO (`customerNumber`, `checkNumber`, `paymentDate`, `amount`) VALUES (242, 'KI744716', '2003-07-21', 14232.70000000000072);
INSERT INTO (`productCode`, `productName`, `productLine`, `productScale`, `productVendor`, `productDescription`, `quantityInStock`, `buyPrice`, `MSRP`) VALUES ('S50_4713', '2002 Yamaha YZR M1', 'Motorcycles', '1:50', 'Autoart Studio Design', 'Features rotating wheels , working kick stand. Comes with stand.', 600, 34.1700000000000017, 81.35999999999999944);
INSERT INTO `products` (`productCode`, `productName`, `productLine`, `productScale`, `productVendor`, `productDescription`, `quantityInStock`, `buyPrice`, `MSRP`) VALUES ('S32_3207', '1950''s Chicago Surface Lines Streetcar', 'Trains', '1:32', 'Gearbox Collectibles', 'This streetcar is a joy to see. It has 80 separate windows, electric wire guides, detailed interiors with seats, poles and drivers controls, rolling and turning wheel assemblies, plus authentic factory baked-enamel finishes (Green Hornet for Chicago and Cream and Crimson for Boston).', 8601, 26.71999999999999887, 62.14000000000000056);
INSERT INTO `customers` (`customerNumber`, `customerName`, `contactLastName`, `contactFirstName`, `phone`, `addressLine1`, `addressLine2`, `city`, `state`, `postalCode`, `country`, `salesRepEmployeeNumber`, `creditLimit`) VALUES (311, 'Oulu Toy Supplies, Inc.', 'Koskitalo', 'Pirkko', '981-443655', 'Torikatu 38', NULL, 'Oulu', NULL, '90110', 'Finland', 1501, 90500.0);
INSERT INTO `orders` (`orderNumber`, `orderDate`, `requiredDate`, `shippedDate`, `status`, `comments`, `customerNumber`) VALUES (10403, '2005-04-08', '2005-04-18', '2005-04-11', 'Shipped', NULL, 201);
INSERT INTO (`productCode`, `productName`, `productLine`, `productScale`, `productVendor`, `productDescription`, `quantityInStock`, `buyPrice`, `MSRP`) VALUES ('S24_3420', '1937 Horch 930V Limousine', 'Vintage Cars', '1:24', 'Autoart Studio Design', 'Features opening hood, opening doors, opening trunk, wide white wall tires, front door arm rests, working steering system', 2902, 26.30000000000000071, 65.75);
INSERT INTO `productlines` (`productLine`, `textDescription`, `htmlDescription`, `image`) VALUES ('Classic Cars', 'Attention car enthusiasts: Make your wildest car ownership dreams come true. Whether you are looking for classic muscle cars, dream sports cars or movie-inspired miniatures, you will find great choices in this category. These replicas feature superb atten', NULL, NULL);
INSERT INTO `products` (`productCode`, `productName`, `productLine`, `productScale`, `productVendor`, `productDescription`, `quantityInStock`, `buyPrice`, `MSRP`) VALUES ('S24_3969', '1936 Mercedes Benz 500k Roadster', 'Vintage Cars', '1:24', 'Red Start Diecast', 'This model features grille-mounted chrome horn, lift-up louvered hood, fold-down rumble seat, working steering system and rubber wheels. Color black.', 2081, 21.75, 41.03000000000000113);
INSERT INTO `employees` (`employeeNumber`, `lastName`, `firstName`, `extension`, `email`, `officeCode`, `reportsTo`, `jobTitle`) VALUES (1323, 'Vanauf', 'George', 'x4102', 'gvanauf@classicmodelcars.com', '3', 1143, 'Sales Rep');
INSERT INTO (`orderNumber`, `productCode`, `quantityOrdered`, `priceEach`, `orderLineNumber`) VALUES (10130, 'S18_3856', 33, 99.5199999999999961, 1);
INSERT INTO (`productCode`, `productName`, `productLine`, `productScale`, `productVendor`, `productDescription`, `quantityInStock`, `buyPrice`, `MSRP`) VALUES ('S18_3278', '1969 Dodge Super Bee', 'Classic Cars', '1:18', 'Min Lin Diecast', 'This replica features opening doors, superb detail and craftsmanship, working steering system, opening forward compartment, opening rear trunk with removable spare, 4 wheel independent spring suspension as well as factory baked enamel finish.', 1917, 49.04999999999999716, 80.40999999999999659);
INSERT INTO `orders` (`orderNumber`, `orderDate`, `requiredDate`, `shippedDate`, `status`, `comments`, `customerNumber`) VALUES (10275, '2004-07-23', '2004-08-02', '2004-07-29', 'Shipped', NULL, 119);
INSERT INTO `employees` (`employeeNumber`, `lastName`, `firstName`, `extension`, `email`, `officeCode`, `reportsTo`, `jobTitle`) VALUES (1702, 'Gerard', 'Martin', 'x2312', 'mgerard@classicmodelcars.com', '4', 1102, 'Sales Rep');
INSERT INTO (`orderNumber`, `productCode`, `quantityOrdered`, `priceEach`, `orderLineNumber`) VALUES (10296, 'S24_2841', 21, 60.96999999999999887, 8);
INSERT INTO (`productCode`, `productName`, `productLine`, `productScale`, `productVendor`, `productDescription`, `quantityInStock`, `buyPrice`, `MSRP`) VALUES ('S32_1268', '1980’s GM Manhattan Express', 'Trucks and Buses', '1:32', 'Motor City Art Classics', 'This 1980’s era new look Manhattan express is still active, running from the Bronx to mid-town Manhattan. Has 35 opeining windows and working lights. Needs a battery.', 5099, 53.92999999999999972, 96.3100000000000022);
INSERT INTO `employees` (`employeeNumber`, `lastName`, `firstName`, `extension`, `email`, `officeCode`, `reportsTo`, `jobTitle`) VALUES (1143, 'Bow', 'Anthony', 'x5428', 'abow@classicmodelcars.com', '1', 1056, 'Sales Manager (NA)');
INSERT INTO `orders` (`orderNumber`, `orderDate`, `requiredDate`, `shippedDate`, `status`, `comments`, `customerNumber`) VALUES (10197, '2003-11-26', '2003-12-02', '2003-12-01', 'Shipped', 'Customer inquired about remote controlled models and gold models.', 216);
INSERT INTO (`orderNumber`, `orderDate`, `requiredDate`, `shippedDate`, `status`, `comments`, `customerNumber`) VALUES (10182, '2003-11-12', '2003-11-21', '2003-11-18', 'Shipped', NULL, 124);
INSERT INTO (`orderNumber`, `productCode`, `quantityOrdered`, `priceEach`, `orderLineNumber`) VALUES (10275, 'S10_2016', 22, 115.3700000000000045, 4);
INSERT INTO `customers` (`customerNumber`, `customerName`, `contactLastName`, `contactFirstName`, `phone`, `addressLine1`, `addressLine2`, `city`, `state`, `postalCode`, `country`, `salesRepEmployeeNumber`, `creditLimit`) VALUES (205, 'Toys4GrownUps.com', 'Young', 'Julie', '6265557265', '78934 Hillside Dr.', NULL, 'Pasadena', 'CA', '90003', 'USA', 1166, 90700.0);
INSERT INTO `products` (`productCode`, `productName`, `productLine`, `productScale`, `productVendor`, `productDescription`, `quantityInStock`, `buyPrice`, `MSRP`) VALUES ('S18_3136', '18th Century Vintage Horse Carriage', 'Vintage Cars', '1:18', 'Red Start Diecast', replace('Hand crafted diecast-like metal horse carriage is re-created in about 1:18 scale of antique horse carriage. This antique style metal Stagecoach is all hand-assembled with many different parts.\n\nThis collectible metal horse carriage is painted in classic Red, and features turning steering wheel and is entirely hand-finished.','\n',char(10)), 5992, 60.74000000000000198, 104.7199999999999989);
INSERT INTO `customers` (`customerNumber`, `customerName`, `contactLastName`, `contactFirstName`, `phone`, `addressLine1`, `addressLine2`, `city`, `state`, `postalCode`, `country`, `salesRepEmployeeNumber`, `creditLimit`) VALUES (320, 'Mini Creations Ltd.', 'Huang', 'Wing', '5085559555', '4575 Hillside Dr.', NULL, 'New Bedford', 'MA', '50553', 'USA', 1188, 94500.0);
INSERT INTO `products` (`productCode`, `productName`, `productLine`, `productScale`, `productVendor`, `productDescription`, `quantityInStock`, `buyPrice`, `MSRP`) VALUES ('S700_3505', 'The Titanic', 'Ships', '1:700', 'Carousel DieCast Legends', 'Completed model measures 19 1/2 inches long, 9 inches high, 3inches wide and is in barn red/black. All wood and metal.', 1956, 51.09000000000000341, 100.1700000000000017);
INSERT INTO (`customerNumber`, `customerName`, `contactLastName`, `contactFirstName`, `phone`, `addressLine1`, `addressLine2`, `city`, `state`, `postalCode`, `country`, `salesRepEmployeeNumber`, `creditLimit`) VALUES (250, 'Lyon Souveniers', 'Da Silva', 'Daniel', '+33 1 46 62 7555', '27 rue du Colonel Pierre Avia', NULL, 'Paris', NULL, '75508', 'France', 1337, 68100.0);
INSERT INTO (`customerNumber`, `checkNumber`, `paymentDate`, `amount`) VALUES (198, 'FI192930', '2004-12-06', 9658.73999999999979);
INSERT INTO `payments` (`customerNumber`, `checkNumber`, `paymentDate`, `amount`) VALUES (112, 'HQ55022', '2003-06-06', 32641.97999999999957);
INSERT INTO (`orderNumber`, `orderDate`, `requiredDate`, `shippedDate`, `status`, `comments`, `customerNumber`) VALUES (10217, '2004-02-04', '2004-02-14', '2004-02-06', 'Shipped', NULL, 166);
INSERT INTO `orderdetails` (`orderNumber`, `productCode`, `quantityOrdered`, `priceEach`, `orderLineNumber`) VALUES (10329, 'S24_1578', 30, 104.8100000000000022, 7);
INSERT INTO `orderdetails` (`orderNumber`, `productCode`, `quantityOrdered`, `priceEach`, `orderLineNumber`) VALUES (10248, 'S10_4757', 20, 126.4800000000000039, 3);
INSERT INTO `customers` (`customerNumber`, `customerName`, `contactLastName`, `contactFirstName`, `phone`, `addressLine1`, `addressLine2`, `city`, `state`, `postalCode`, `country`, `salesRepEmployeeNumber`, `creditLimit`) VALUES (303, 'Schuyler Imports', 'Schuyler', 'Bradley', '+31 20 491 9555', 'Kingsfordweg 151', NULL, 'Amsterdam', NULL, '1043 GR', 'Netherlands', NULL, 0.0);
INSERT INTO (`orderNumber`, `productCode`, `quantityOrdered`, `priceEach`, `orderLineNumber`) VALUES (10259, 'S24_2300', 47, 121.4000000000000056, 9);
INSERT INTO (`productCode`, `productName`, `productLine`, `productScale`, `productVendor`, `productDescription`, `quantityInStock`, `buyPrice`, `MSRP`) VALUES ('S24_2840', '1958 Chevy Corvette Limited Edition', 'Classic Cars', '1:24', 'Carousel DieCast Legends', 'The operating parts of this 1958 Chevy Corvette Limited Edition are particularly delicate due to their precise scale and require special care and attention. Features rotating wheels, working streering, opening doors and trunk. Color dark green.', 2542, 15.91000000000000014, 35.35999999999999944);
INSERT INTO `orders` (`orderNumber`, `orderDate`, `requiredDate`, `shippedDate`, `status`, `comments`, `customerNumber`) VALUES (10165, '2003-10-22', '2003-10-31', '2003-12-26', 'Shipped', 'This order was on hold because customers''s credit limit had been exceeded. Order will ship when payment is received', 148);
INSERT INTO `offices` (`officeCode`, `city`, `phone`, `addressLine1`, `addressLine2`, `state`, `country`, `postalCode`, `territory`) VALUES ('5', 'Tokyo', '+81 33 224 5000', '4-1 Kioicho', NULL, 'Chiyoda-Ku', 'Japan', '102-8578', 'Japan');
INSERT INTO (`customerNumber`, `customerName`, `contactLastName`, `contactFirstName`, `phone`, `addressLine1`, `addressLine2`, `city`, `state`, `postalCode`, `country`, `salesRepEmployeeNumber`, `creditLimit`) VALUES (328, 'Tekni Collectables Inc.', 'Brown', 'William', '2015559350', '7476 Moss Rd.', NULL, 'Newark', 'NJ', '94019', 'USA', 1323, 43000.0);
INSERT INTO `orders` (`orderNumber`, `orderDate`, `requiredDate`, `shippedDate`, `status`, `comments`, `customerNumber`) VALUES (10158, '2003-10-10', '2003-10-18', '2003-10-15', 'Shipped', NULL, 121);
INSERT INTO `products` (`productCode`, `productName`, `productLine`, `productScale`, `productVendor`, `productDescription`, `quantityInStock`, `buyPrice`, `MSRP`) VALUES ('S24_1444', '1970 Dodge Coronet', 'Classic Cars', '1:24', 'Highway 66 Mini Classics', '1:24 scale die-cast about 18" long doors open, hood opens and rubber wheels', 4074, 32.36999999999999745, 57.79999999999999716);
INSERT INTO (`orderNumber`, `productCode`, `quantityOrdered`, `priceEach`, `orderLineNumber`) VALUES (10108, 'S18_3482', 29, 132.2899999999999921, 8);
INSERT INTO `orders` (`orderNumber`, `orderDate`, `requiredDate`, `shippedDate`, `status`, `comments`, `customerNumber`) VALUES (10321, '2004-11-04', '2004-11-12', '2004-11-07', 'Shipped', NULL, 462);
INSERT INTO `payments` (`customerNumber`, `checkNumber`, `paymentDate`, `amount`) VALUES (381, 'BC726082', '2004-12-03', 12081.52000000000043);
INSERT INTO `payments` (`customerNumber`, `checkNumber`, `paymentDate`, `amount`) VALUES (209, 'BOAF82044', '2005-05-03', 35157.75);
INSERT INTO (`customerNumber`, `customerName`, `contactLastName`, `contactFirstName`, `phone`, `addressLine1`, `addressLine2`, `city`, `state`, `postalCode`, `country`, `salesRepEmployeeNumber`, `creditLimit`) VALUES (356, 'SAR Distributors, Co', 'Kuger', 'Armand', '+27 21 550 3555', '1250 Pretorius Street', NULL, 'Hatfield', 'Pretoria', '0028', 'South Africa', NULL, 0.0);
INSERT INTO (`orderNumber`, `orderDate`, `requiredDate`, `shippedDate`, `status`, `comments`, `customerNumber`) VALUES (10349, '2004-12-01', '2004-12-07', '2004-12-03', 'Shipped', NULL, 151);
INSERT INTO (`productCode`, `productName`, `productLine`, `productScale`, `productVendor`, `productDescription`, `quantityInStock`, `buyPrice`, `MSRP`) VALUES ('S24_2022', '1938 Cadillac V-16 Presidential Limousine', 'Vintage Cars', '1:24', 'Classic Metal Creations', 'This 1:24 scale precision die cast replica of the 1938 Cadillac V-16 Presidential Limousine has all the details of the original, from the flags on the front to an opening back seat compartment complete with telephone and rifle. Features factory baked-enamel black finish, hood goddess ornament, working jump seats.', 2847, 20.60999999999999944, 44.79999999999999715);
INSERT INTO `orders` (`orderNumber`, `orderDate`, `requiredDate`, `shippedDate`, `status`, `comments`, `customerNumber`) VALUES (10117, '2003-04-16', '2003-04-24', '2003-04-17', 'Shipped', NULL, 148);
INSERT INTO `orderdetails` (`orderNumber`, `productCode`, `quantityOrdered`, `priceEach`, `orderLineNumber`) VALUES (10197, 'S700_2610', 50, 66.5, 7);
INSERT INTO (`customerNumber`, `customerName`, `contactLastName`, `contactFirstName`, `phone`, `addressLine1`, `addressLine2`, `city`, `state`, `postalCode`, `country`, `salesRepEmployeeNumber`, `creditLimit`) VALUES (333, 'Australian Gift Network, Co', 'Calaghan', 'Ben', '61-7-3844-6555', '31 Duncan St. West End', NULL, 'South Brisbane', 'Queensland', '4101', 'Australia', 1611, 51600.0);
INSERT INTO `productlines` (`productLine`, `textDescription`, `htmlDescription`, `image`) VALUES ('Trucks and Buses', 'The Truck and Bus models are realistic replicas of buses and specialized trucks produced from the early 1920s to present. The models range in size from 1:12 to 1:50 scale and include numerous limited edition and several out-of-production vehicles. Materia', NULL, NULL);
INSERT INTO (`productCode`, `productName`, `productLine`, `productScale`, `productVendor`, `productDescription`, `quantityInStock`, `buyPrice`, `MSRP`) VALUES ('S24_1628', '1966 Shelby Cobra 427 S/C', 'Classic Cars', '1:24', 'Carousel DieCast Legends', 'This diecast model of the 1966 Shelby Cobra 427 S/C includes many authentic details and operating parts. The 1:24 scale model of this iconic lighweight sports car from the 1960s comes in silver and it''s own display case.', 8197, 29.17999999999999972, 50.31000000000000227);
INSERT INTO (`productCode`, `productName`, `productLine`, `productScale`, `productVendor`, `productDescription`, `quantityInStock`, `buyPrice`, `MSRP`) VALUES ('S12_3891', '1969 Ford Falcon', 'Classic Cars', '1:12', 'Second Gear Diecast', 'Turnable front wheels; steering function; detailed interior; detailed engine; opening hood; opening trunk; opening doors; and detailed chassis.', 1049, 83.04999999999999716, 173.0200000000000102);
INSERT INTO `employees` (`employeeNumber`, `lastName`, `firstName`, `extension`, `email`, `officeCode`, `reportsTo`, `jobTitle`) VALUES (1286, 'Tseng', 'Foon Yue', 'x2248', 'ftseng@classicmodelcars.com', '3', 1143, 'Sales Rep');
INSERT INTO `employees` (`employeeNumber`, `lastName`, `firstName`, `extension`, `email`, `officeCode`, `reportsTo`, `jobTitle`) VALUES (1619, 'King', 'Tom', 'x103', 'tking@classicmodelcars.com', '6', 1088, 'Sales Rep');
INSERT INTO `payments` (`customerNumber`, `checkNumber`, `paymentDate`, `amount`) VALUES (172, 'EH208589', '2003-04-20', 33383.13999999999942);
INSERT INTO `products` (`productCode`, `productName`, `productLine`, `productScale`, `productVendor`, `productDescription`, `quantityInStock`, `buyPrice`, `MSRP`) VALUES ('S18_2432', '1926 Ford Fire Engine', 'Trucks and Buses', '1:18', 'Carousel DieCast Legends', 'Gleaming red handsome appearance. Everything is here the fire hoses, ladder, axes, bells, lanterns, ready to fight any inferno.', 2018, 24.9200000000000017, 60.77000000000000312);
INSERT INTO `customers` (`customerNumber`, `customerName`, `contactLastName`, `contactFirstName`, `phone`, `addressLine1`, `addressLine2`, `city`, `state`, `postalCode`, `country`, `salesRepEmployeeNumber`, `creditLimit`) VALUES (151, 'Muscle Machine Inc', 'Young', 'Jeff', '2125557413', '4092 Furth Circle', 'Suite 400', 'NYC', 'NY', '10022', 'USA', 1286, 138500.0);
